2025-10-22 10:38:52,232 - nvd_autonomous - INFO - Autonomous control initialized
2025-10-22 10:38:57,243 - nvd_autonomous - INFO - No one talking
2025-10-22 10:39:24,002 - nvd_autonomous - INFO - Move pan to: -35
2025-10-22 10:39:24,002 - nvd_autonomous - INFO - Move tilt to: -3
2025-10-22 10:39:27,223 - nvd_autonomous - INFO - Move pan to: -35
2025-10-22 10:39:27,223 - nvd_autonomous - INFO - Move tilt to: -3
2025-10-22 10:39:27,827 - nvd_autonomous - INFO - Robot start talking
2025-10-22 10:39:28,029 - nvd_autonomous - INFO - Start Talking: 0
2025-10-22 10:39:28,030 - nvd_autonomous - INFO - Move to: [-35, -3]
2025-10-22 10:39:28,232 - nvd_autonomous - INFO - Robot start talking
2025-10-22 10:39:28,433 - nvd_autonomous - INFO - Start Talking: 0
2025-10-22 10:39:28,434 - nvd_autonomous - INFO - Move to: [-35, -3]
2025-10-22 10:39:30,045 - nvd_autonomous - INFO - No one talking
2025-10-22 10:39:31,656 - nvd_autonomous - INFO - Move pan to: -35
2025-10-22 10:39:31,657 - nvd_autonomous - INFO - Move tilt to: -3
2025-10-22 10:39:33,267 - nvd_autonomous - INFO - Start Talking: 0
2025-10-22 10:39:33,268 - nvd_autonomous - INFO - Move to: [-35, -3]
2025-10-22 10:39:35,078 - nvd_autonomous - INFO - No one talking
2025-10-22 10:39:37,493 - nvd_autonomous - INFO - Backchanneling
2025-10-22 10:39:41,718 - nvd_autonomous - INFO - Backchanneling
2025-10-22 10:39:42,525 - nvd_autonomous - INFO - Start Talking: 1
2025-10-22 10:39:42,525 - nvd_autonomous - INFO - Move to: [-35, -3]
2025-10-22 10:39:42,929 - nvd_autonomous - INFO - No one talking
2025-10-22 10:39:45,543 - nvd_autonomous - INFO - Move pan to: 0
2025-10-22 10:39:45,543 - nvd_autonomous - INFO - Move tilt to: -3
2025-10-22 10:39:48,158 - nvd_autonomous - INFO - Move pan to: 0
2025-10-22 10:39:48,159 - nvd_autonomous - INFO - Move tilt to: -3
2025-10-22 10:39:49,567 - nvd_autonomous - INFO - Start Talking: 0
2025-10-22 10:39:49,568 - nvd_autonomous - INFO - Move to: [-35, -3]
2025-10-22 10:39:52,585 - nvd_autonomous - INFO - Start Talking: 1
2025-10-22 10:39:52,585 - nvd_autonomous - INFO - Move to: [-35, -3]
2025-10-22 10:39:52,987 - nvd_autonomous - INFO - No one talking
2025-10-22 10:39:53,390 - nvd_autonomous - INFO - Move pan to: 0
2025-10-22 10:39:53,391 - nvd_autonomous - INFO - Move tilt to: -3
2025-10-22 10:40:01,034 - nvd_autonomous - INFO - Move pan to: 0
2025-10-22 10:40:01,035 - nvd_autonomous - INFO - Move tilt to: -3
2025-10-22 10:40:08,880 - nvd_autonomous - INFO - Start Talking: 0
2025-10-22 10:40:08,880 - nvd_autonomous - INFO - Move to: [-35, -3]
2025-10-22 10:40:09,684 - nvd_autonomous - INFO - No one talking
2025-10-22 10:40:21,753 - nvd_autonomous - INFO - Start Talking: 0
2025-10-22 10:40:21,754 - nvd_autonomous - INFO - Move to: [-35, -3]
2025-10-22 10:40:22,961 - nvd_autonomous - INFO - No one talking
2025-10-22 10:40:25,778 - nvd_autonomous - INFO - Move pan to: 0
2025-10-22 10:40:25,778 - nvd_autonomous - INFO - Move tilt to: -3
2025-10-22 10:40:26,784 - nvd_autonomous - INFO - Robot start talking
2025-10-22 10:40:26,986 - nvd_autonomous - INFO - Robot start talking
2025-10-22 10:40:27,189 - nvd_autonomous - INFO - Robot start talking
2025-10-22 10:40:27,390 - nvd_autonomous - INFO - Robot start talking
2025-10-22 10:40:27,593 - nvd_autonomous - INFO - Robot start talking
2025-10-22 10:40:27,795 - nvd_autonomous - INFO - Robot start talking
2025-10-22 10:40:28,200 - nvd_autonomous - INFO - No one talking
2025-10-22 10:40:37,458 - nvd_autonomous - INFO - Start Talking: 0
2025-10-22 10:40:37,459 - nvd_autonomous - INFO - Move to: [-35, -3]
2025-10-22 10:40:41,484 - nvd_autonomous - INFO - Start Talking: 0
2025-10-22 10:40:41,484 - nvd_autonomous - INFO - Move to: [-35, -3]
2025-10-22 10:40:43,293 - nvd_autonomous - INFO - No one talking
2025-10-22 10:40:43,697 - nvd_autonomous - INFO - Start Talking: 0
2025-10-22 10:40:43,697 - nvd_autonomous - INFO - Move to: [-35, -3]
2025-10-22 10:40:50,336 - nvd_autonomous - INFO - Start Talking: 0
2025-10-22 10:40:50,337 - nvd_autonomous - INFO - Move to: [-35, -3]
2025-10-22 10:40:50,739 - nvd_autonomous - INFO - Start Talking: 0
2025-10-22 10:40:50,740 - nvd_autonomous - INFO - Move to: [-35, -3]
2025-10-22 10:40:56,573 - nvd_autonomous - INFO - No one talking
2025-10-22 10:40:56,775 - nvd_autonomous - INFO - Start Talking: 0
2025-10-22 10:40:56,775 - nvd_autonomous - INFO - Move to: [-35, -3]
2025-10-22 10:41:01,603 - nvd_autonomous - INFO - Start Talking: 0
2025-10-22 10:41:01,604 - nvd_autonomous - INFO - Move to: [-35, -3]
2025-10-22 10:41:03,615 - nvd_autonomous - INFO - No one talking
2025-10-22 10:41:03,818 - nvd_autonomous - INFO - Start Talking: 0
2025-10-22 10:41:03,818 - nvd_autonomous - INFO - Move to: [-35, -3]
2025-10-22 10:41:04,222 - nvd_autonomous - INFO - Start Talking: 0
2025-10-22 10:41:04,222 - nvd_autonomous - INFO - Move to: [-35, -3]
2025-10-22 10:41:06,635 - nvd_autonomous - INFO - No one talking
2025-10-22 10:41:07,641 - nvd_autonomous - INFO - Start Talking: 0
2025-10-22 10:41:07,642 - nvd_autonomous - INFO - Move to: [-35, -3]
2025-10-22 10:41:10,056 - nvd_autonomous - INFO - Start Talking: 0
2025-10-22 10:41:10,057 - nvd_autonomous - INFO - Move to: [-35, -3]
2025-10-22 10:41:10,862 - nvd_autonomous - INFO - No one talking
2025-10-22 10:41:11,264 - nvd_autonomous - INFO - Start Talking: 0
2025-10-22 10:41:11,265 - nvd_autonomous - INFO - Move to: [-35, -3]
2025-10-22 10:41:12,072 - nvd_autonomous - INFO - Start Talking: 0
2025-10-22 10:41:12,072 - nvd_autonomous - INFO - Move to: [-35, -3]
2025-10-22 10:41:13,884 - nvd_autonomous - INFO - No one talking
2025-10-22 10:41:15,092 - nvd_autonomous - INFO - Start Talking: 0
2025-10-22 10:41:15,093 - nvd_autonomous - INFO - Move to: [-35, -3]
2025-10-22 10:41:17,104 - nvd_autonomous - INFO - No one talking
2025-10-22 10:41:18,111 - nvd_autonomous - INFO - Start Talking: 1
2025-10-22 10:41:18,112 - nvd_autonomous - INFO - Move to: [-35, -3]
2025-10-22 10:41:19,320 - nvd_autonomous - INFO - No one talking
2025-10-22 10:41:20,929 - nvd_autonomous - INFO - Start Talking: 0
2025-10-22 10:41:20,930 - nvd_autonomous - INFO - Move to: [-35, -3]
2025-10-22 10:41:23,748 - nvd_autonomous - INFO - Move pan to: -35
2025-10-22 10:41:23,748 - nvd_autonomous - INFO - Move tilt to: -3
2025-10-22 10:41:26,567 - nvd_autonomous - INFO - Start Talking: 0
2025-10-22 10:41:26,568 - nvd_autonomous - INFO - Move to: [-35, -3]
2025-10-22 10:41:30,591 - nvd_autonomous - INFO - No one talking
2025-10-22 10:41:31,397 - nvd_autonomous - INFO - Start Talking: 0
2025-10-22 10:41:31,397 - nvd_autonomous - INFO - Move to: [-35, -3]
2025-10-22 10:41:34,217 - nvd_autonomous - INFO - Start Talking: 0
2025-10-22 10:41:34,217 - nvd_autonomous - INFO - Move to: [-35, -3]
2025-10-22 10:41:34,821 - nvd_autonomous - INFO - No one talking
2025-10-22 10:41:35,023 - nvd_autonomous - INFO - Start Talking: 0
2025-10-22 10:41:35,024 - nvd_autonomous - INFO - Move to: [-35, -3]
2025-10-22 10:41:35,427 - nvd_autonomous - INFO - Start Talking: 1
2025-10-22 10:41:35,428 - nvd_autonomous - INFO - Move to: [-35, -3]
2025-10-22 10:41:39,653 - nvd_autonomous - INFO - Start Talking: 1
2025-10-22 10:41:39,654 - nvd_autonomous - INFO - Move to: [-35, -3]
2025-10-22 10:41:46,697 - nvd_autonomous - INFO - Backchanneling to: [-35, -3]
2025-10-22 10:41:53,739 - nvd_autonomous - INFO - Backchanneling to: [-35, -3]
2025-10-22 10:42:00,777 - nvd_autonomous - INFO - Backchanneling to: [-35, -3]
2025-10-22 10:42:06,011 - nvd_autonomous - INFO - Start Talking: 1
2025-10-22 10:42:06,012 - nvd_autonomous - INFO - Move to: [-35, -3]
2025-10-22 10:42:08,626 - nvd_autonomous - INFO - Start Talking: 1
2025-10-22 10:42:08,627 - nvd_autonomous - INFO - Move to: [-35, -3]
2025-10-22 10:42:13,861 - nvd_autonomous - INFO - Start Talking: 1
2025-10-22 10:42:13,861 - nvd_autonomous - INFO - Move to: [-35, -3]
2025-10-22 10:42:18,490 - nvd_autonomous - INFO - Start Talking: 1
2025-10-22 10:42:18,490 - nvd_autonomous - INFO - Move to: [-35, -3]
2025-10-22 10:42:20,904 - nvd_autonomous - INFO - No one talking
2025-10-22 10:42:21,509 - nvd_autonomous - INFO - Start Talking: 1
2025-10-22 10:42:21,509 - nvd_autonomous - INFO - Move to: [-35, -3]
2025-10-22 10:42:23,925 - nvd_autonomous - INFO - No one talking
2025-10-22 10:42:24,529 - nvd_autonomous - INFO - Start Talking: 1
2025-10-22 10:42:24,529 - nvd_autonomous - INFO - Move to: [-35, -3]
2025-10-22 10:42:29,359 - nvd_autonomous - INFO - Start Talking: 1
2025-10-22 10:42:29,360 - nvd_autonomous - INFO - Move to: [-35, -3]
2025-10-22 10:42:36,401 - nvd_autonomous - INFO - Backchanneling to: [-35, -3]
2025-10-22 10:42:39,822 - nvd_autonomous - INFO - No one talking
2025-10-22 10:42:43,242 - nvd_autonomous - INFO - Start Talking: 0
2025-10-22 10:42:43,243 - nvd_autonomous - INFO - Move to: [-35, -3]
2025-10-22 10:42:44,048 - nvd_autonomous - INFO - No one talking
2025-10-22 10:42:44,450 - nvd_autonomous - INFO - Start Talking: 0
2025-10-22 10:42:44,452 - nvd_autonomous - INFO - Move to: [-35, -3]
2025-10-22 10:42:45,256 - nvd_autonomous - INFO - No one talking
2025-10-22 10:42:56,515 - nvd_autonomous - INFO - Move pan to: -35
2025-10-22 10:42:56,516 - nvd_autonomous - INFO - Move tilt to: -3
2025-10-22 10:44:06,428 - nvd_autonomous - INFO - Set icon to: speaking.png
2025-10-22 10:44:07,233 - nvd_autonomous - INFO - Robot start talking
2025-10-22 10:44:07,435 - nvd_autonomous - INFO - Robot start talking
2025-10-22 10:44:07,637 - nvd_autonomous - INFO - Set icon to: speaking.png
2025-10-22 10:44:07,639 - nvd_autonomous - INFO - Robot start talking
2025-10-22 10:44:07,842 - nvd_autonomous - INFO - Robot start talking
2025-10-22 10:44:08,044 - nvd_autonomous - INFO - Robot start talking
2025-10-22 10:44:08,245 - nvd_autonomous - INFO - Robot start talking
2025-10-22 10:44:08,447 - nvd_autonomous - INFO - Robot start talking
2025-10-22 10:44:08,649 - nvd_autonomous - INFO - Robot start talking
2025-10-22 10:44:08,852 - nvd_autonomous - INFO - Robot start talking
2025-10-22 10:44:09,054 - nvd_autonomous - INFO - Robot start talking
2025-10-22 10:44:09,255 - nvd_autonomous - INFO - Robot start talking
2025-10-22 10:44:09,458 - nvd_autonomous - INFO - Robot start talking
2025-10-22 10:44:09,659 - nvd_autonomous - INFO - Robot start talking
2025-10-22 10:44:09,862 - nvd_autonomous - INFO - Robot start talking
2025-10-22 10:44:10,065 - nvd_autonomous - INFO - Robot start talking
2025-10-22 10:44:10,267 - nvd_autonomous - INFO - Robot start talking
2025-10-22 10:44:10,469 - nvd_autonomous - INFO - Robot start talking
2025-10-22 10:44:10,670 - nvd_autonomous - INFO - Robot start talking
2025-10-22 10:44:10,873 - nvd_autonomous - INFO - Robot start talking
2025-10-22 10:44:11,074 - nvd_autonomous - INFO - Robot start talking
2025-10-22 10:44:11,276 - nvd_autonomous - INFO - Robot start talking
2025-10-22 10:44:11,478 - nvd_autonomous - INFO - Robot start talking
2025-10-22 10:44:11,882 - nvd_autonomous - INFO - No one talking
2025-10-22 10:44:12,285 - nvd_autonomous - INFO - Robot start talking
2025-10-22 10:44:12,487 - nvd_autonomous - INFO - Robot start talking
2025-10-22 10:44:12,689 - nvd_autonomous - INFO - Robot start talking
2025-10-22 10:44:12,891 - nvd_autonomous - INFO - Robot start talking
2025-10-22 10:44:13,093 - nvd_autonomous - INFO - Robot start talking
2025-10-22 10:44:13,295 - nvd_autonomous - INFO - Robot start talking
2025-10-22 10:44:13,497 - nvd_autonomous - INFO - Robot start talking
2025-10-22 10:44:13,700 - nvd_autonomous - INFO - Robot start talking
2025-10-22 10:44:13,901 - nvd_autonomous - INFO - Robot start talking
2025-10-22 10:44:14,103 - nvd_autonomous - INFO - Robot start talking
2025-10-22 10:44:14,304 - nvd_autonomous - INFO - Robot start talking
2025-10-22 10:44:14,507 - nvd_autonomous - INFO - Robot start talking
2025-10-22 10:44:14,709 - nvd_autonomous - INFO - Robot start talking
2025-10-22 10:44:14,911 - nvd_autonomous - INFO - Robot start talking
2025-10-22 10:44:15,113 - nvd_autonomous - INFO - Robot start talking
2025-10-22 10:44:15,315 - nvd_autonomous - INFO - Robot start talking
2025-10-22 10:44:15,517 - nvd_autonomous - INFO - Robot start talking
2025-10-22 10:44:15,720 - nvd_autonomous - INFO - Robot start talking
2025-10-22 10:44:15,921 - nvd_autonomous - INFO - Robot start talking
2025-10-22 10:44:16,123 - nvd_autonomous - INFO - Robot start talking
2025-10-22 10:44:16,326 - nvd_autonomous - INFO - Robot start talking
2025-10-22 10:44:16,528 - nvd_autonomous - INFO - Robot start talking
2025-10-22 10:44:16,730 - nvd_autonomous - INFO - Robot start talking
2025-10-22 10:44:16,932 - nvd_autonomous - INFO - Robot start talking
2025-10-22 10:44:17,336 - nvd_autonomous - INFO - No one talking
2025-10-22 10:44:18,544 - nvd_autonomous - INFO - Robot start talking
2025-10-22 10:44:18,745 - nvd_autonomous - INFO - Robot start talking
2025-10-22 10:44:18,947 - nvd_autonomous - INFO - Robot start talking
2025-10-22 10:44:19,150 - nvd_autonomous - INFO - Robot start talking
2025-10-22 10:44:19,352 - nvd_autonomous - INFO - Robot start talking
2025-10-22 10:44:19,553 - nvd_autonomous - INFO - Robot start talking
2025-10-22 10:44:19,755 - nvd_autonomous - INFO - Robot start talking
2025-10-22 10:44:19,957 - nvd_autonomous - INFO - Robot start talking
2025-10-22 10:44:20,160 - nvd_autonomous - INFO - Robot start talking
2025-10-22 10:44:20,361 - nvd_autonomous - INFO - Robot start talking
2025-10-22 10:44:20,563 - nvd_autonomous - INFO - Robot start talking
2025-10-22 10:44:20,766 - nvd_autonomous - INFO - Robot start talking
2025-10-22 10:44:20,967 - nvd_autonomous - INFO - Robot start talking
2025-10-22 10:44:21,169 - nvd_autonomous - INFO - Robot start talking
2025-10-22 10:44:21,573 - nvd_autonomous - INFO - Robot start talking
2025-10-22 10:44:21,775 - nvd_autonomous - INFO - Robot start talking
2025-10-22 10:44:21,977 - nvd_autonomous - INFO - Robot start talking
2025-10-22 10:44:22,380 - nvd_autonomous - INFO - Robot start talking
2025-10-22 10:44:22,783 - nvd_autonomous - INFO - No one talking
2025-10-22 10:44:25,801 - nvd_autonomous - INFO - Start Talking: 0
2025-10-22 10:44:25,802 - nvd_autonomous - INFO - Move to: [-35, -3]
2025-10-22 10:44:26,204 - nvd_autonomous - INFO - Start Talking: 0
2025-10-22 10:44:26,205 - nvd_autonomous - INFO - Move to: [-35, -3]
2025-10-22 10:44:28,621 - nvd_autonomous - INFO - No one talking
2025-10-22 10:44:32,245 - nvd_autonomous - INFO - Robot start talking
2025-10-22 10:44:32,448 - nvd_autonomous - INFO - Robot start talking
2025-10-22 10:44:32,649 - nvd_autonomous - INFO - Robot start talking
2025-10-22 10:44:32,852 - nvd_autonomous - INFO - Robot start talking
2025-10-22 10:44:33,053 - nvd_autonomous - INFO - Robot start talking
2025-10-22 10:44:33,255 - nvd_autonomous - INFO - Robot start talking
2025-10-22 10:44:33,457 - nvd_autonomous - INFO - Robot start talking
2025-10-22 10:44:33,658 - nvd_autonomous - INFO - Robot start talking
2025-10-22 10:44:33,861 - nvd_autonomous - INFO - Robot start talking
2025-10-22 10:44:34,063 - nvd_autonomous - INFO - Robot start talking
2025-10-22 10:44:34,265 - nvd_autonomous - INFO - Robot start talking
2025-10-22 10:44:34,468 - nvd_autonomous - INFO - Robot start talking
2025-10-22 10:44:34,671 - nvd_autonomous - INFO - Robot start talking
2025-10-22 10:44:34,873 - nvd_autonomous - INFO - Robot start talking
2025-10-22 10:44:35,074 - nvd_autonomous - INFO - Robot start talking
2025-10-22 10:44:35,277 - nvd_autonomous - INFO - Robot start talking
2025-10-22 10:44:35,479 - nvd_autonomous - INFO - Robot start talking
2025-10-22 10:44:35,681 - nvd_autonomous - INFO - Robot start talking
2025-10-22 10:44:35,884 - nvd_autonomous - INFO - Robot start talking
2025-10-22 10:44:36,085 - nvd_autonomous - INFO - Robot start talking
2025-10-22 10:44:36,288 - nvd_autonomous - INFO - Robot start talking
2025-10-22 10:44:36,489 - nvd_autonomous - INFO - Robot start talking
2025-10-22 10:44:36,691 - nvd_autonomous - INFO - Robot start talking
2025-10-22 10:44:36,893 - nvd_autonomous - INFO - Robot start talking
2025-10-22 10:44:37,095 - nvd_autonomous - INFO - Robot start talking
2025-10-22 10:44:37,298 - nvd_autonomous - INFO - Robot start talking
2025-10-22 10:44:37,499 - nvd_autonomous - INFO - Robot start talking
2025-10-22 10:44:37,903 - nvd_autonomous - INFO - No one talking
2025-10-22 10:44:39,917 - nvd_autonomous - INFO - Start Talking: 0
2025-10-22 10:44:39,917 - nvd_autonomous - INFO - Move to: [-35, -3]
2025-10-22 10:44:42,735 - nvd_autonomous - INFO - No one talking
2025-10-22 10:44:43,339 - nvd_autonomous - INFO - Start Talking: 0
2025-10-22 10:44:43,340 - nvd_autonomous - INFO - Move to: [-35, -3]
2025-10-22 10:44:50,382 - nvd_autonomous - INFO - No one talking
2025-10-22 10:44:54,004 - nvd_autonomous - INFO - Robot start talking
2025-10-22 10:44:54,206 - nvd_autonomous - INFO - Robot start talking
2025-10-22 10:44:54,408 - nvd_autonomous - INFO - Robot start talking
2025-10-22 10:44:54,611 - nvd_autonomous - INFO - Robot start talking
2025-10-22 10:44:54,813 - nvd_autonomous - INFO - Robot start talking
2025-10-22 10:44:55,016 - nvd_autonomous - INFO - Robot start talking
2025-10-22 10:44:55,218 - nvd_autonomous - INFO - Robot start talking
2025-10-22 10:44:55,419 - nvd_autonomous - INFO - Robot start talking
2025-10-22 10:44:55,621 - nvd_autonomous - INFO - Robot start talking
2025-10-22 10:44:55,823 - nvd_autonomous - INFO - Robot start talking
2025-10-22 10:44:56,025 - nvd_autonomous - INFO - Robot start talking
2025-10-22 10:44:56,227 - nvd_autonomous - INFO - Robot start talking
2025-10-22 10:44:56,430 - nvd_autonomous - INFO - Robot start talking
2025-10-22 10:44:56,632 - nvd_autonomous - INFO - Robot start talking
2025-10-22 10:44:56,833 - nvd_autonomous - INFO - Robot start talking
2025-10-22 10:44:57,035 - nvd_autonomous - INFO - Robot start talking
2025-10-22 10:44:57,237 - nvd_autonomous - INFO - Robot start talking
2025-10-22 10:44:57,439 - nvd_autonomous - INFO - Robot start talking
2025-10-22 10:44:57,643 - nvd_autonomous - INFO - Robot start talking
2025-10-22 10:44:57,872 - nvd_autonomous - INFO - Robot start talking
2025-10-22 10:44:58,074 - nvd_autonomous - INFO - Robot start talking
2025-10-22 10:44:58,276 - nvd_autonomous - INFO - Robot start talking
2025-10-22 10:44:58,477 - nvd_autonomous - INFO - Robot start talking
2025-10-22 10:44:58,680 - nvd_autonomous - INFO - Robot start talking
2025-10-22 10:44:58,882 - nvd_autonomous - INFO - Robot start talking
2025-10-22 10:44:59,083 - nvd_autonomous - INFO - Robot start talking
2025-10-22 10:44:59,286 - nvd_autonomous - INFO - Robot start talking
2025-10-22 10:44:59,488 - nvd_autonomous - INFO - Robot start talking
2025-10-22 10:44:59,690 - nvd_autonomous - INFO - Robot start talking
2025-10-22 10:44:59,891 - nvd_autonomous - INFO - Robot start talking
2025-10-22 10:45:00,295 - nvd_autonomous - INFO - No one talking
2025-10-22 10:45:00,899 - nvd_autonomous - INFO - Robot start talking
2025-10-22 10:45:01,101 - nvd_autonomous - INFO - Robot start talking
2025-10-22 10:45:01,302 - nvd_autonomous - INFO - Robot start talking
2025-10-22 10:45:01,504 - nvd_autonomous - INFO - Robot start talking
2025-10-22 10:45:01,706 - nvd_autonomous - INFO - Robot start talking
2025-10-22 10:45:01,908 - nvd_autonomous - INFO - Robot start talking
2025-10-22 10:45:02,110 - nvd_autonomous - INFO - Robot start talking
2025-10-22 10:45:02,313 - nvd_autonomous - INFO - Robot start talking
2025-10-22 10:45:02,514 - nvd_autonomous - INFO - Robot start talking
2025-10-22 10:45:02,717 - nvd_autonomous - INFO - Robot start talking
2025-10-22 10:45:02,920 - nvd_autonomous - INFO - Robot start talking
2025-10-22 10:45:03,121 - nvd_autonomous - INFO - Robot start talking
2025-10-22 10:45:03,323 - nvd_autonomous - INFO - Robot start talking
2025-10-22 10:45:03,526 - nvd_autonomous - INFO - Robot start talking
2025-10-22 10:45:03,727 - nvd_autonomous - INFO - Robot start talking
2025-10-22 10:45:03,929 - nvd_autonomous - INFO - Robot start talking
2025-10-22 10:45:04,131 - nvd_autonomous - INFO - Robot start talking
2025-10-22 10:45:04,334 - nvd_autonomous - INFO - Robot start talking
2025-10-22 10:45:04,536 - nvd_autonomous - INFO - Robot start talking
2025-10-22 10:45:04,738 - nvd_autonomous - INFO - Robot start talking
2025-10-22 10:45:05,141 - nvd_autonomous - INFO - Robot start talking
2025-10-22 10:45:05,544 - nvd_autonomous - INFO - No one talking
2025-10-22 10:45:05,746 - nvd_autonomous - INFO - Robot start talking
2025-10-22 10:45:06,149 - nvd_autonomous - INFO - No one talking
2025-10-22 10:45:07,156 - nvd_autonomous - INFO - Start Talking: 0
2025-10-22 10:45:07,157 - nvd_autonomous - INFO - Move to: [-35, -3]
2025-10-22 10:45:09,168 - nvd_autonomous - INFO - Start Talking: 0
2025-10-22 10:45:09,168 - nvd_autonomous - INFO - Move to: [-35, -3]
2025-10-22 10:45:12,389 - nvd_autonomous - INFO - No one talking
2025-10-22 10:45:12,590 - nvd_autonomous - INFO - Start Talking: 0
2025-10-22 10:45:12,591 - nvd_autonomous - INFO - Move to: [-35, -3]
2025-10-22 10:45:13,395 - nvd_autonomous - INFO - Start Talking: 0
2025-10-22 10:45:13,396 - nvd_autonomous - INFO - Move to: [-35, -3]
2025-10-22 10:45:14,201 - nvd_autonomous - INFO - No one talking
2025-10-22 10:45:14,403 - nvd_autonomous - INFO - Start Talking: 0
2025-10-22 10:45:14,404 - nvd_autonomous - INFO - Move to: [-35, -3]
2025-10-22 10:45:14,806 - nvd_autonomous - INFO - Start Talking: 0
2025-10-22 10:45:14,807 - nvd_autonomous - INFO - Move to: [-35, -3]
2025-10-22 10:45:20,239 - nvd_autonomous - INFO - Start Talking: 0
2025-10-22 10:45:20,239 - nvd_autonomous - INFO - Move to: [-35, -3]
2025-10-22 10:45:21,044 - nvd_autonomous - INFO - Start Talking: 0
2025-10-22 10:45:21,045 - nvd_autonomous - INFO - Move to: [-35, -3]
2025-10-22 10:45:26,885 - nvd_autonomous - INFO - Set icon to: listening.png
2025-10-22 10:45:27,489 - nvd_autonomous - INFO - No one talking
2025-10-22 10:45:28,296 - nvd_autonomous - INFO - Start Talking: 0
2025-10-22 10:45:28,297 - nvd_autonomous - INFO - Move to: [-35, -3]
2025-10-22 10:45:32,926 - nvd_autonomous - INFO - Start Talking: 0
2025-10-22 10:45:32,927 - nvd_autonomous - INFO - Move to: [-35, -3]
2025-10-22 10:45:36,145 - nvd_autonomous - INFO - No one talking
2025-10-22 10:45:36,548 - nvd_autonomous - INFO - Start Talking: 1
2025-10-22 10:45:36,549 - nvd_autonomous - INFO - Move to: [-35, -3]
2025-10-22 10:45:43,388 - nvd_autonomous - INFO - No one talking
2025-10-22 10:45:43,791 - nvd_autonomous - INFO - Start Talking: 1
2025-10-22 10:45:43,792 - nvd_autonomous - INFO - Move to: [-35, -3]
2025-10-22 10:45:49,423 - nvd_autonomous - INFO - Start Talking: 1
2025-10-22 10:45:49,424 - nvd_autonomous - INFO - Move to: [-35, -3]
2025-10-22 10:45:52,843 - nvd_autonomous - INFO - Start Talking: 1
2025-10-22 10:45:52,844 - nvd_autonomous - INFO - Move to: [-35, -3]
2025-10-22 10:45:59,881 - nvd_autonomous - INFO - Start Talking: 1
2025-10-22 10:45:59,882 - nvd_autonomous - INFO - Move to: [-35, -3]
2025-10-22 10:46:04,710 - nvd_autonomous - INFO - No one talking
2025-10-22 10:46:04,913 - nvd_autonomous - INFO - Start Talking: 1
2025-10-22 10:46:04,913 - nvd_autonomous - INFO - Move to: [-35, -3]
2025-10-22 10:46:05,517 - nvd_autonomous - INFO - No one talking
2025-10-22 10:46:05,719 - nvd_autonomous - INFO - Start Talking: 1
2025-10-22 10:46:05,719 - nvd_autonomous - INFO - Move to: [-35, -3]
2025-10-22 10:46:09,340 - nvd_autonomous - INFO - No one talking
2025-10-22 10:46:09,542 - nvd_autonomous - INFO - Start Talking: 1
2025-10-22 10:46:09,542 - nvd_autonomous - INFO - Move to: [-35, -3]
2025-10-22 10:46:09,945 - nvd_autonomous - INFO - Start Talking: 1
2025-10-22 10:46:09,945 - nvd_autonomous - INFO - Move to: [-35, -3]
2025-10-22 10:46:10,347 - nvd_autonomous - INFO - Start Talking: 1
2025-10-22 10:46:10,348 - nvd_autonomous - INFO - Move to: [-35, -3]
2025-10-22 10:46:15,177 - nvd_autonomous - INFO - Start Talking: 1
2025-10-22 10:46:15,178 - nvd_autonomous - INFO - Move to: [-35, -3]
2025-10-22 10:46:17,390 - nvd_autonomous - INFO - Start Talking: 1
2025-10-22 10:46:17,391 - nvd_autonomous - INFO - Move to: [-35, -3]
2025-10-22 10:46:17,794 - nvd_autonomous - INFO - Start Talking: 1
2025-10-22 10:46:17,795 - nvd_autonomous - INFO - Move to: [-35, -3]
2025-10-22 10:46:21,215 - nvd_autonomous - INFO - No one talking
2025-10-22 10:46:21,619 - nvd_autonomous - INFO - Start Talking: 1
2025-10-22 10:46:21,619 - nvd_autonomous - INFO - Move to: [-35, -3]
2025-10-22 10:46:25,442 - nvd_autonomous - INFO - No one talking
2025-10-22 10:46:26,247 - nvd_autonomous - INFO - Start Talking: 1
2025-10-22 10:46:26,248 - nvd_autonomous - INFO - Move to: [-35, -3]
2025-10-22 10:46:29,064 - nvd_autonomous - INFO - No one talking
2025-10-22 10:46:30,071 - nvd_autonomous - INFO - Start Talking: 0
2025-10-22 10:46:30,072 - nvd_autonomous - INFO - Move to: [-35, -3]
2025-10-22 10:46:33,089 - nvd_autonomous - INFO - No one talking
2025-10-22 10:46:34,295 - nvd_autonomous - INFO - Start Talking: 0
2025-10-22 10:46:34,296 - nvd_autonomous - INFO - Move to: [-35, -3]
2025-10-22 10:46:35,100 - nvd_autonomous - INFO - Start Talking: 0
2025-10-22 10:46:35,101 - nvd_autonomous - INFO - Move to: [-35, -3]
2025-10-22 10:46:39,727 - nvd_autonomous - INFO - Start Talking: 0
2025-10-22 10:46:39,727 - nvd_autonomous - INFO - Move to: [-35, -3]
2025-10-22 10:46:44,153 - nvd_autonomous - INFO - No one talking
2025-10-22 10:46:45,159 - nvd_autonomous - INFO - Start Talking: 0
2025-10-22 10:46:45,159 - nvd_autonomous - INFO - Move to: [-35, -3]
2025-10-22 10:46:48,179 - nvd_autonomous - INFO - Start Talking: 0
2025-10-22 10:46:48,179 - nvd_autonomous - INFO - Move to: [-35, -3]
2025-10-22 10:46:49,185 - nvd_autonomous - INFO - No one talking
2025-10-22 10:46:49,589 - nvd_autonomous - INFO - Start Talking: 0
2025-10-22 10:46:49,590 - nvd_autonomous - INFO - Move to: [-35, -3]
2025-10-22 10:46:49,993 - nvd_autonomous - INFO - No one talking
2025-10-22 10:46:50,194 - nvd_autonomous - INFO - Start Talking: 0
2025-10-22 10:46:50,195 - nvd_autonomous - INFO - Move to: [-35, -3]
2025-10-22 10:46:53,011 - nvd_autonomous - INFO - Start Talking: 1
2025-10-22 10:46:53,012 - nvd_autonomous - INFO - Move to: [-35, -3]
2025-10-22 10:46:59,652 - nvd_autonomous - INFO - Start Talking: 1
2025-10-22 10:46:59,653 - nvd_autonomous - INFO - Move to: [-35, -3]
2025-10-22 10:47:00,256 - nvd_autonomous - INFO - Backchanneling
2025-10-22 10:47:06,699 - nvd_autonomous - INFO - Backchanneling to: [-35, -3]
2025-10-22 10:47:07,503 - nvd_autonomous - INFO - Backchanneling
2025-10-22 10:47:13,741 - nvd_autonomous - INFO - Backchanneling to: [-35, -3]
2025-10-22 10:47:18,771 - nvd_autonomous - INFO - No one talking
2025-10-22 10:47:22,395 - nvd_autonomous - INFO - Start Talking: 0
2025-10-22 10:47:22,396 - nvd_autonomous - INFO - Move to: [-35, -3]
2025-10-22 10:47:25,818 - nvd_autonomous - INFO - Start Talking: 1
2025-10-22 10:47:25,818 - nvd_autonomous - INFO - Move to: [-35, -3]
2025-10-22 10:47:26,020 - nvd_autonomous - INFO - Start Talking: 0
2025-10-22 10:47:26,020 - nvd_autonomous - INFO - Move to: [-35, -3]
2025-10-22 10:47:26,825 - nvd_autonomous - INFO - Start Talking: 0
2025-10-22 10:47:26,825 - nvd_autonomous - INFO - Move to: [-35, -3]
2025-10-22 10:47:28,436 - nvd_autonomous - INFO - No one talking
2025-10-22 10:48:30,396 - nvd_autonomous - INFO - Start Talking: 0
2025-10-22 10:48:30,397 - nvd_autonomous - INFO - Move to: [-35, -3]
2025-10-22 10:48:37,440 - nvd_autonomous - INFO - Backchanneling to: [-35, -3]
2025-10-22 10:48:37,844 - nvd_autonomous - INFO - No one talking
2025-10-22 10:48:41,869 - nvd_autonomous - INFO - Robot start talking
2025-10-22 10:48:42,072 - nvd_autonomous - INFO - Robot start talking
2025-10-22 10:48:42,476 - nvd_autonomous - INFO - No one talking
2025-10-22 10:48:42,678 - nvd_autonomous - INFO - Robot start talking
2025-10-22 10:48:42,881 - nvd_autonomous - INFO - Robot start talking
2025-10-22 10:48:43,083 - nvd_autonomous - INFO - Robot start talking
2025-10-22 10:48:43,284 - nvd_autonomous - INFO - Robot start talking
2025-10-22 10:48:43,486 - nvd_autonomous - INFO - Robot start talking
2025-10-22 10:48:43,689 - nvd_autonomous - INFO - Robot start talking
2025-10-22 10:48:43,890 - nvd_autonomous - INFO - Robot start talking
2025-10-22 10:48:44,092 - nvd_autonomous - INFO - Robot start talking
2025-10-22 10:48:44,295 - nvd_autonomous - INFO - Robot start talking
2025-10-22 10:48:44,497 - nvd_autonomous - INFO - Robot start talking
2025-10-22 10:48:44,698 - nvd_autonomous - INFO - Robot start talking
2025-10-22 10:48:44,900 - nvd_autonomous - INFO - Robot start talking
2025-10-22 10:48:45,103 - nvd_autonomous - INFO - Robot start talking
2025-10-22 10:48:45,305 - nvd_autonomous - INFO - Robot start talking
2025-10-22 10:48:45,506 - nvd_autonomous - INFO - Robot start talking
2025-10-22 10:48:45,708 - nvd_autonomous - INFO - Robot start talking
2025-10-22 10:48:45,911 - nvd_autonomous - INFO - Robot start talking
2025-10-22 10:48:46,113 - nvd_autonomous - INFO - Robot start talking
2025-10-22 10:48:46,315 - nvd_autonomous - INFO - Robot start talking
2025-10-22 10:48:46,517 - nvd_autonomous - INFO - Robot start talking
2025-10-22 10:48:46,720 - nvd_autonomous - INFO - Robot start talking
2025-10-22 10:48:46,922 - nvd_autonomous - INFO - Robot start talking
2025-10-22 10:48:47,124 - nvd_autonomous - INFO - Robot start talking
2025-10-22 10:48:47,326 - nvd_autonomous - INFO - Robot start talking
2025-10-22 10:48:47,529 - nvd_autonomous - INFO - Robot start talking
2025-10-22 10:48:47,731 - nvd_autonomous - INFO - Robot start talking
2025-10-22 10:48:47,933 - nvd_autonomous - INFO - Robot start talking
2025-10-22 10:48:48,336 - nvd_autonomous - INFO - No one talking
2025-10-22 10:48:48,538 - nvd_autonomous - INFO - Robot start talking
2025-10-22 10:48:48,740 - nvd_autonomous - INFO - Robot start talking
2025-10-22 10:48:48,942 - nvd_autonomous - INFO - Robot start talking
2025-10-22 10:48:49,144 - nvd_autonomous - INFO - Robot start talking
2025-10-22 10:48:49,345 - nvd_autonomous - INFO - Robot start talking
2025-10-22 10:48:49,548 - nvd_autonomous - INFO - Robot start talking
2025-10-22 10:48:49,751 - nvd_autonomous - INFO - Robot start talking
2025-10-22 10:48:49,952 - nvd_autonomous - INFO - Robot start talking
2025-10-22 10:48:50,154 - nvd_autonomous - INFO - Robot start talking
2025-10-22 10:48:50,355 - nvd_autonomous - INFO - Robot start talking
2025-10-22 10:48:50,557 - nvd_autonomous - INFO - Robot start talking
2025-10-22 10:48:50,759 - nvd_autonomous - INFO - Robot start talking
2025-10-22 10:48:50,961 - nvd_autonomous - INFO - Robot start talking
2025-10-22 10:48:51,163 - nvd_autonomous - INFO - Robot start talking
2025-10-22 10:48:51,366 - nvd_autonomous - INFO - Robot start talking
2025-10-22 10:48:51,567 - nvd_autonomous - INFO - Robot start talking
2025-10-22 10:48:51,769 - nvd_autonomous - INFO - Robot start talking
2025-10-22 10:48:51,972 - nvd_autonomous - INFO - Robot start talking
2025-10-22 10:48:52,174 - nvd_autonomous - INFO - Robot start talking
2025-10-22 10:48:52,377 - nvd_autonomous - INFO - Robot start talking
2025-10-22 10:48:52,579 - nvd_autonomous - INFO - Robot start talking
2025-10-22 10:48:52,780 - nvd_autonomous - INFO - Robot start talking
2025-10-22 10:48:52,982 - nvd_autonomous - INFO - Robot start talking
2025-10-22 10:48:53,184 - nvd_autonomous - INFO - Robot start talking
2025-10-22 10:48:53,587 - nvd_autonomous - INFO - No one talking
2025-10-22 10:48:54,392 - nvd_autonomous - INFO - Robot start talking
2025-10-22 10:48:54,594 - nvd_autonomous - INFO - Robot start talking
2025-10-22 10:48:54,796 - nvd_autonomous - INFO - Robot start talking
2025-10-22 10:48:54,998 - nvd_autonomous - INFO - Robot start talking
2025-10-22 10:48:55,200 - nvd_autonomous - INFO - Robot start talking
2025-10-22 10:48:55,402 - nvd_autonomous - INFO - Robot start talking
2025-10-22 10:48:55,604 - nvd_autonomous - INFO - Robot start talking
2025-10-22 10:48:55,806 - nvd_autonomous - INFO - Robot start talking
2025-10-22 10:48:56,008 - nvd_autonomous - INFO - Robot start talking
2025-10-22 10:48:56,211 - nvd_autonomous - INFO - Robot start talking
2025-10-22 10:48:56,413 - nvd_autonomous - INFO - Robot start talking
2025-10-22 10:48:56,615 - nvd_autonomous - INFO - Robot start talking
2025-10-22 10:48:56,817 - nvd_autonomous - INFO - Robot start talking
2025-10-22 10:48:57,019 - nvd_autonomous - INFO - Robot start talking
2025-10-22 10:48:57,221 - nvd_autonomous - INFO - Robot start talking
2025-10-22 10:48:57,424 - nvd_autonomous - INFO - Robot start talking
2025-10-22 10:48:57,626 - nvd_autonomous - INFO - Start Talking: 1
2025-10-22 10:48:57,627 - nvd_autonomous - INFO - Move to: [-35, -3]
2025-10-22 10:48:58,031 - nvd_autonomous - INFO - Robot start talking
2025-10-22 10:48:58,233 - nvd_autonomous - INFO - Start Talking: 1
2025-10-22 10:48:58,234 - nvd_autonomous - INFO - Move to: [-35, -3]
2025-10-22 10:48:58,635 - nvd_autonomous - INFO - No one talking
2025-10-22 10:48:58,836 - nvd_autonomous - INFO - Robot start talking
2025-10-22 10:48:59,038 - nvd_autonomous - INFO - Robot start talking
2025-10-22 10:48:59,240 - nvd_autonomous - INFO - Robot start talking
2025-10-22 10:48:59,443 - nvd_autonomous - INFO - Start Talking: 1
2025-10-22 10:48:59,444 - nvd_autonomous - INFO - Move to: [-35, -3]
2025-10-22 10:48:59,846 - nvd_autonomous - INFO - Robot start talking
2025-10-22 10:49:00,048 - nvd_autonomous - INFO - Robot start talking
2025-10-22 10:49:00,250 - nvd_autonomous - INFO - Start Talking: 1
2025-10-22 10:49:00,251 - nvd_autonomous - INFO - Move to: [-35, -3]
2025-10-22 10:49:00,653 - nvd_autonomous - INFO - Robot start talking
2025-10-22 10:49:00,856 - nvd_autonomous - INFO - Robot start talking
2025-10-22 10:49:01,259 - nvd_autonomous - INFO - Robot start talking
2025-10-22 10:49:01,462 - nvd_autonomous - INFO - Robot start talking
2025-10-22 10:49:01,663 - nvd_autonomous - INFO - Robot start talking
2025-10-22 10:49:01,865 - nvd_autonomous - INFO - Robot start talking
2025-10-22 10:49:02,067 - nvd_autonomous - INFO - Robot start talking
2025-10-22 10:49:02,269 - nvd_autonomous - INFO - Robot start talking
2025-10-22 10:49:02,471 - nvd_autonomous - INFO - Robot start talking
2025-10-22 10:49:02,674 - nvd_autonomous - INFO - Robot start talking
2025-10-22 10:49:02,875 - nvd_autonomous - INFO - Robot start talking
2025-10-22 10:49:03,079 - nvd_autonomous - INFO - Robot start talking
2025-10-22 10:49:03,280 - nvd_autonomous - INFO - Robot start talking
2025-10-22 10:49:03,483 - nvd_autonomous - INFO - Robot start talking
2025-10-22 10:49:03,686 - nvd_autonomous - INFO - Robot start talking
2025-10-22 10:49:03,887 - nvd_autonomous - INFO - Robot start talking
2025-10-22 10:49:04,089 - nvd_autonomous - INFO - Robot start talking
2025-10-22 10:49:04,292 - nvd_autonomous - INFO - Robot start talking
2025-10-22 10:49:04,493 - nvd_autonomous - INFO - Robot start talking
2025-10-22 10:49:04,695 - nvd_autonomous - INFO - Robot start talking
2025-10-22 10:49:04,898 - nvd_autonomous - INFO - Robot start talking
2025-10-22 10:49:05,100 - nvd_autonomous - INFO - Robot start talking
2025-10-22 10:49:05,302 - nvd_autonomous - INFO - Robot start talking
2025-10-22 10:49:05,503 - nvd_autonomous - INFO - Robot start talking
2025-10-22 10:49:05,704 - nvd_autonomous - INFO - Robot start talking
2025-10-22 10:49:05,906 - nvd_autonomous - INFO - Robot start talking
2025-10-22 10:49:06,109 - nvd_autonomous - INFO - Robot start talking
2025-10-22 10:49:06,312 - nvd_autonomous - INFO - Robot start talking
2025-10-22 10:49:06,514 - nvd_autonomous - INFO - Robot start talking
2025-10-22 10:49:06,716 - nvd_autonomous - INFO - Robot start talking
2025-10-22 10:49:06,918 - nvd_autonomous - INFO - Robot start talking
2025-10-22 10:49:07,120 - nvd_autonomous - INFO - Robot start talking
2025-10-22 10:49:07,323 - nvd_autonomous - INFO - Robot start talking
2025-10-22 10:49:07,524 - nvd_autonomous - INFO - Robot start talking
2025-10-22 10:49:07,726 - nvd_autonomous - INFO - Robot start talking
2025-10-22 10:49:07,928 - nvd_autonomous - INFO - Robot start talking
2025-10-22 10:49:08,131 - nvd_autonomous - INFO - Robot start talking
2025-10-22 10:49:08,333 - nvd_autonomous - INFO - Robot start talking
2025-10-22 10:49:08,536 - nvd_autonomous - INFO - Robot start talking
2025-10-22 10:49:08,737 - nvd_autonomous - INFO - Robot start talking
2025-10-22 10:49:08,939 - nvd_autonomous - INFO - Robot start talking
2025-10-22 10:49:09,142 - nvd_autonomous - INFO - Robot start talking
2025-10-22 10:49:09,343 - nvd_autonomous - INFO - Robot start talking
2025-10-22 10:49:09,545 - nvd_autonomous - INFO - Robot start talking
2025-10-22 10:49:09,748 - nvd_autonomous - INFO - Robot start talking
2025-10-22 10:49:09,949 - nvd_autonomous - INFO - Robot start talking
2025-10-22 10:49:10,151 - nvd_autonomous - INFO - Robot start talking
2025-10-22 10:49:10,353 - nvd_autonomous - INFO - Robot start talking
2025-10-22 10:49:10,556 - nvd_autonomous - INFO - Robot start talking
2025-10-22 10:49:10,757 - nvd_autonomous - INFO - Robot start talking
2025-10-22 10:49:10,960 - nvd_autonomous - INFO - Robot start talking
2025-10-22 10:49:11,161 - nvd_autonomous - INFO - Robot start talking
2025-10-22 10:49:11,364 - nvd_autonomous - INFO - Robot start talking
2025-10-22 10:49:11,566 - nvd_autonomous - INFO - Robot start talking
2025-10-22 10:49:11,768 - nvd_autonomous - INFO - Robot start talking
2025-10-22 10:49:11,971 - nvd_autonomous - INFO - Robot start talking
2025-10-22 10:49:12,173 - nvd_autonomous - INFO - Robot start talking
2025-10-22 10:49:12,374 - nvd_autonomous - INFO - Robot start talking
2025-10-22 10:49:12,577 - nvd_autonomous - INFO - Robot start talking
2025-10-22 10:49:12,779 - nvd_autonomous - INFO - Robot start talking
2025-10-22 10:49:12,981 - nvd_autonomous - INFO - Robot start talking
2025-10-22 10:49:13,183 - nvd_autonomous - INFO - Robot start talking
2025-10-22 10:49:13,385 - nvd_autonomous - INFO - Robot start talking
2025-10-22 10:49:13,588 - nvd_autonomous - INFO - Robot start talking
2025-10-22 10:49:13,789 - nvd_autonomous - INFO - Robot start talking
2025-10-22 10:49:13,991 - nvd_autonomous - INFO - Robot start talking
2025-10-22 10:49:14,194 - nvd_autonomous - INFO - Robot start talking
2025-10-22 10:49:14,396 - nvd_autonomous - INFO - Robot start talking
2025-10-22 10:49:14,599 - nvd_autonomous - INFO - Robot start talking
2025-10-22 10:49:14,801 - nvd_autonomous - INFO - Robot start talking
2025-10-22 10:49:15,003 - nvd_autonomous - INFO - Robot start talking
2025-10-22 10:49:15,205 - nvd_autonomous - INFO - Robot start talking
2025-10-22 10:49:15,406 - nvd_autonomous - INFO - Robot start talking
2025-10-22 10:49:15,608 - nvd_autonomous - INFO - Robot start talking
2025-10-22 10:49:15,811 - nvd_autonomous - INFO - Robot start talking
2025-10-22 10:49:16,014 - nvd_autonomous - INFO - Robot start talking
2025-10-22 10:49:16,417 - nvd_autonomous - INFO - Robot start talking
2025-10-22 10:49:16,620 - nvd_autonomous - INFO - Robot start talking
2025-10-22 10:49:16,822 - nvd_autonomous - INFO - Robot start talking
2025-10-22 10:49:17,024 - nvd_autonomous - INFO - Robot start talking
2025-10-22 10:49:17,226 - nvd_autonomous - INFO - Robot start talking
2025-10-22 10:49:17,428 - nvd_autonomous - INFO - Robot start talking
2025-10-22 10:49:17,630 - nvd_autonomous - INFO - Robot start talking
2025-10-22 10:49:17,832 - nvd_autonomous - INFO - Robot start talking
2025-10-22 10:49:18,236 - nvd_autonomous - INFO - No one talking
2025-10-22 10:49:18,639 - nvd_autonomous - INFO - Robot start talking
2025-10-22 10:49:18,841 - nvd_autonomous - INFO - Robot start talking
2025-10-22 10:49:19,043 - nvd_autonomous - INFO - Robot start talking
2025-10-22 10:49:19,245 - nvd_autonomous - INFO - Robot start talking
2025-10-22 10:49:19,447 - nvd_autonomous - INFO - Robot start talking
2025-10-22 10:49:19,650 - nvd_autonomous - INFO - Robot start talking
2025-10-22 10:49:19,851 - nvd_autonomous - INFO - Robot start talking
2025-10-22 10:49:20,053 - nvd_autonomous - INFO - Robot start talking
2025-10-22 10:49:20,255 - nvd_autonomous - INFO - Robot start talking
2025-10-22 10:49:20,457 - nvd_autonomous - INFO - Robot start talking
2025-10-22 10:49:20,660 - nvd_autonomous - INFO - Robot start talking
2025-10-22 10:49:20,861 - nvd_autonomous - INFO - Robot start talking
2025-10-22 10:49:21,064 - nvd_autonomous - INFO - Robot start talking
2025-10-22 10:49:21,266 - nvd_autonomous - INFO - Robot start talking
2025-10-22 10:49:21,468 - nvd_autonomous - INFO - Robot start talking
2025-10-22 10:49:21,671 - nvd_autonomous - INFO - Robot start talking
2025-10-22 10:49:21,872 - nvd_autonomous - INFO - Robot start talking
2025-10-22 10:49:22,075 - nvd_autonomous - INFO - Robot start talking
2025-10-22 10:49:22,277 - nvd_autonomous - INFO - Robot start talking
2025-10-22 10:49:22,479 - nvd_autonomous - INFO - Robot start talking
2025-10-22 10:49:22,680 - nvd_autonomous - INFO - Robot start talking
2025-10-22 10:49:22,882 - nvd_autonomous - INFO - Robot start talking
2025-10-22 10:49:23,085 - nvd_autonomous - INFO - Robot start talking
2025-10-22 10:49:23,286 - nvd_autonomous - INFO - Robot start talking
2025-10-22 10:49:23,488 - nvd_autonomous - INFO - Robot start talking
2025-10-22 10:49:23,690 - nvd_autonomous - INFO - Robot start talking
2025-10-22 10:49:24,094 - nvd_autonomous - INFO - No one talking
2025-10-22 10:49:24,296 - nvd_autonomous - INFO - Robot start talking
2025-10-22 10:49:24,497 - nvd_autonomous - INFO - Robot start talking
2025-10-22 10:49:24,699 - nvd_autonomous - INFO - Robot start talking
2025-10-22 10:49:24,901 - nvd_autonomous - INFO - Robot start talking
2025-10-22 10:49:25,104 - nvd_autonomous - INFO - Robot start talking
2025-10-22 10:49:25,306 - nvd_autonomous - INFO - Robot start talking
2025-10-22 10:49:25,508 - nvd_autonomous - INFO - Robot start talking
2025-10-22 10:49:25,710 - nvd_autonomous - INFO - Robot start talking
2025-10-22 10:49:25,913 - nvd_autonomous - INFO - Robot start talking
2025-10-22 10:49:26,115 - nvd_autonomous - INFO - Robot start talking
2025-10-22 10:49:26,317 - nvd_autonomous - INFO - Robot start talking
2025-10-22 10:49:26,519 - nvd_autonomous - INFO - Robot start talking
2025-10-22 10:49:26,721 - nvd_autonomous - INFO - Robot start talking
2025-10-22 10:49:26,923 - nvd_autonomous - INFO - Robot start talking
2025-10-22 10:49:27,124 - nvd_autonomous - INFO - Robot start talking
2025-10-22 10:49:27,326 - nvd_autonomous - INFO - Robot start talking
2025-10-22 10:49:27,529 - nvd_autonomous - INFO - Robot start talking
2025-10-22 10:49:27,731 - nvd_autonomous - INFO - Robot start talking
2025-10-22 10:49:27,933 - nvd_autonomous - INFO - Robot start talking
2025-10-22 10:49:28,134 - nvd_autonomous - INFO - Robot start talking
2025-10-22 10:49:28,336 - nvd_autonomous - INFO - Robot start talking
2025-10-22 10:49:28,538 - nvd_autonomous - INFO - Robot start talking
2025-10-22 10:49:28,740 - nvd_autonomous - INFO - Robot start talking
2025-10-22 10:49:28,943 - nvd_autonomous - INFO - Robot start talking
2025-10-22 10:49:29,146 - nvd_autonomous - INFO - Robot start talking
2025-10-22 10:49:29,348 - nvd_autonomous - INFO - Robot start talking
2025-10-22 10:49:29,550 - nvd_autonomous - INFO - Robot start talking
2025-10-22 10:49:29,753 - nvd_autonomous - INFO - Robot start talking
2025-10-22 10:49:29,954 - nvd_autonomous - INFO - Robot start talking
2025-10-22 10:49:30,156 - nvd_autonomous - INFO - Robot start talking
2025-10-22 10:49:30,359 - nvd_autonomous - INFO - Robot start talking
2025-10-22 10:49:30,560 - nvd_autonomous - INFO - Robot start talking
2025-10-22 10:49:30,762 - nvd_autonomous - INFO - Robot start talking
2025-10-22 10:49:30,964 - nvd_autonomous - INFO - Robot start talking
2025-10-22 10:49:31,166 - nvd_autonomous - INFO - Robot start talking
2025-10-22 10:49:31,569 - nvd_autonomous - INFO - No one talking
2025-10-22 10:49:44,039 - nvd_autonomous - INFO - Start Talking: 0
2025-10-22 10:49:44,039 - nvd_autonomous - INFO - Move to: [-35, -3]
2025-10-22 10:49:44,241 - nvd_autonomous - INFO - Start Talking: 1
2025-10-22 10:49:44,241 - nvd_autonomous - INFO - Move to: [-35, -3]
2025-10-22 10:49:44,646 - nvd_autonomous - INFO - No one talking
2025-10-22 10:49:44,848 - nvd_autonomous - INFO - Start Talking: 0
2025-10-22 10:49:44,848 - nvd_autonomous - INFO - Move to: [-35, -3]
2025-10-22 10:49:45,051 - nvd_autonomous - INFO - Start Talking: 1
2025-10-22 10:49:45,051 - nvd_autonomous - INFO - Move to: [-35, -3]
2025-10-22 10:49:45,857 - nvd_autonomous - INFO - Start Talking: 0
2025-10-22 10:49:45,858 - nvd_autonomous - INFO - Move to: [-35, -3]
2025-10-22 10:49:46,060 - nvd_autonomous - INFO - Start Talking: 1
2025-10-22 10:49:46,061 - nvd_autonomous - INFO - Move to: [-35, -3]
2025-10-22 10:49:46,262 - nvd_autonomous - INFO - Start Talking: 0
2025-10-22 10:49:46,263 - nvd_autonomous - INFO - Move to: [-35, -3]
2025-10-22 10:49:47,673 - nvd_autonomous - INFO - Start Talking: 1
2025-10-22 10:49:47,674 - nvd_autonomous - INFO - Move to: [-35, -3]
2025-10-22 10:49:47,875 - nvd_autonomous - INFO - Start Talking: 0
2025-10-22 10:49:47,876 - nvd_autonomous - INFO - Move to: [-35, -3]
2025-10-22 10:49:48,078 - nvd_autonomous - INFO - Start Talking: 1
2025-10-22 10:49:48,078 - nvd_autonomous - INFO - Move to: [-35, -3]
2025-10-22 10:49:50,089 - nvd_autonomous - INFO - Start Talking: 0
2025-10-22 10:49:50,090 - nvd_autonomous - INFO - Move to: [-35, -3]
2025-10-22 10:49:50,493 - nvd_autonomous - INFO - No one talking
2025-10-22 10:49:52,704 - nvd_autonomous - INFO - Start Talking: 1
2025-10-22 10:49:52,705 - nvd_autonomous - INFO - Move to: [-35, -3]
2025-10-22 10:49:53,511 - nvd_autonomous - INFO - Start Talking: 1
2025-10-22 10:49:53,511 - nvd_autonomous - INFO - Move to: [-35, -3]
2025-10-22 10:49:55,322 - nvd_autonomous - INFO - No one talking
2025-10-22 10:49:57,736 - nvd_autonomous - INFO - Start Talking: 1
2025-10-22 10:49:57,737 - nvd_autonomous - INFO - Move to: [-35, -3]
2025-10-22 10:49:58,139 - nvd_autonomous - INFO - No one talking
2025-10-22 10:49:58,340 - nvd_autonomous - INFO - Start Talking: 1
2025-10-22 10:49:58,341 - nvd_autonomous - INFO - Move to: [-35, -3]
2025-10-22 10:49:59,147 - nvd_autonomous - INFO - No one talking
2025-10-22 10:50:04,983 - nvd_autonomous - INFO - Start Talking: 0
2025-10-22 10:50:04,984 - nvd_autonomous - INFO - Move to: [-35, -3]
2025-10-22 10:50:06,794 - nvd_autonomous - INFO - No one talking
2025-10-22 10:50:11,421 - nvd_autonomous - INFO - Start Talking: 1
2025-10-22 10:50:11,422 - nvd_autonomous - INFO - Move to: [-35, -3]
2025-10-22 10:50:14,239 - nvd_autonomous - INFO - Robot start talking
2025-10-22 10:50:14,442 - nvd_autonomous - INFO - Start Talking: 0
2025-10-22 10:50:14,442 - nvd_autonomous - INFO - Move to: [-35, -3]
2025-10-22 10:50:15,249 - nvd_autonomous - INFO - Start Talking: 1
2025-10-22 10:50:15,250 - nvd_autonomous - INFO - Move to: [-35, -3]
2025-10-22 10:50:16,858 - nvd_autonomous - INFO - Start Talking: 1
2025-10-22 10:50:16,859 - nvd_autonomous - INFO - Move to: [-35, -3]
2025-10-22 10:50:17,262 - nvd_autonomous - INFO - Start Talking: 1
2025-10-22 10:50:17,263 - nvd_autonomous - INFO - Move to: [-35, -3]
2025-10-22 10:50:18,069 - nvd_autonomous - INFO - No one talking
2025-10-22 10:50:20,282 - nvd_autonomous - INFO - Robot start talking
2025-10-22 10:50:20,484 - nvd_autonomous - INFO - Robot start talking
2025-10-22 10:50:20,686 - nvd_autonomous - INFO - Robot start talking
2025-10-22 10:50:21,090 - nvd_autonomous - INFO - Robot start talking
2025-10-22 10:50:21,493 - nvd_autonomous - INFO - No one talking
2025-10-22 10:50:47,243 - nvd_autonomous - INFO - Start Talking: 0
2025-10-22 10:50:47,244 - nvd_autonomous - INFO - Move to: [-35, -3]
2025-10-22 10:50:48,654 - nvd_autonomous - INFO - No one talking
2025-10-22 10:50:48,857 - nvd_autonomous - INFO - Start Talking: 0
2025-10-22 10:50:48,858 - nvd_autonomous - INFO - Move to: [-35, -3]
2025-10-22 10:50:55,898 - nvd_autonomous - INFO - Backchanneling to: [-35, -3]
2025-10-22 10:50:56,503 - nvd_autonomous - INFO - No one talking
2025-10-22 10:51:00,929 - nvd_autonomous - INFO - Robot start talking
2025-10-22 10:51:01,332 - nvd_autonomous - INFO - No one talking
2025-10-22 10:51:01,534 - nvd_autonomous - INFO - Robot start talking
2025-10-22 10:51:01,736 - nvd_autonomous - INFO - Robot start talking
2025-10-22 10:51:01,938 - nvd_autonomous - INFO - Robot start talking
2025-10-22 10:51:02,140 - nvd_autonomous - INFO - Robot start talking
2025-10-22 10:51:02,342 - nvd_autonomous - INFO - Robot start talking
2025-10-22 10:51:02,544 - nvd_autonomous - INFO - Robot start talking
2025-10-22 10:51:02,746 - nvd_autonomous - INFO - Robot start talking
2025-10-22 10:51:02,948 - nvd_autonomous - INFO - Robot start talking
2025-10-22 10:51:03,150 - nvd_autonomous - INFO - Robot start talking
2025-10-22 10:51:03,352 - nvd_autonomous - INFO - Robot start talking
2025-10-22 10:51:03,554 - nvd_autonomous - INFO - Robot start talking
2025-10-22 10:51:03,756 - nvd_autonomous - INFO - Robot start talking
2025-10-22 10:51:04,159 - nvd_autonomous - INFO - Robot start talking
2025-10-22 10:51:04,361 - nvd_autonomous - INFO - Robot start talking
2025-10-22 10:51:04,563 - nvd_autonomous - INFO - Robot start talking
2025-10-22 10:51:04,765 - nvd_autonomous - INFO - Robot start talking
2025-10-22 10:51:04,967 - nvd_autonomous - INFO - Robot start talking
2025-10-22 10:51:05,169 - nvd_autonomous - INFO - Robot start talking
2025-10-22 10:51:05,371 - nvd_autonomous - INFO - Robot start talking
2025-10-22 10:51:05,573 - nvd_autonomous - INFO - Robot start talking
2025-10-22 10:51:05,775 - nvd_autonomous - INFO - Robot start talking
2025-10-22 10:51:05,977 - nvd_autonomous - INFO - Robot start talking
2025-10-22 10:51:06,179 - nvd_autonomous - INFO - Robot start talking
2025-10-22 10:51:06,382 - nvd_autonomous - INFO - Robot start talking
2025-10-22 10:51:06,583 - nvd_autonomous - INFO - Robot start talking
2025-10-22 10:51:06,785 - nvd_autonomous - INFO - Robot start talking
2025-10-22 10:51:06,987 - nvd_autonomous - INFO - Robot start talking
2025-10-22 10:51:07,189 - nvd_autonomous - INFO - Robot start talking
2025-10-22 10:51:07,391 - nvd_autonomous - INFO - Robot start talking
2025-10-22 10:51:07,593 - nvd_autonomous - INFO - Robot start talking
2025-10-22 10:51:07,795 - nvd_autonomous - INFO - Robot start talking
2025-10-22 10:51:07,997 - nvd_autonomous - INFO - Robot start talking
2025-10-22 10:51:08,199 - nvd_autonomous - INFO - Robot start talking
2025-10-22 10:51:08,401 - nvd_autonomous - INFO - Robot start talking
2025-10-22 10:51:08,603 - nvd_autonomous - INFO - Robot start talking
2025-10-22 10:51:08,805 - nvd_autonomous - INFO - Robot start talking
2025-10-22 10:51:09,008 - nvd_autonomous - INFO - Robot start talking
2025-10-22 10:51:09,210 - nvd_autonomous - INFO - Start Talking: 1
2025-10-22 10:51:09,211 - nvd_autonomous - INFO - Move to: [-35, -3]
2025-10-22 10:51:10,216 - nvd_autonomous - INFO - Robot start talking
2025-10-22 10:51:10,418 - nvd_autonomous - INFO - Robot start talking
2025-10-22 10:51:10,621 - nvd_autonomous - INFO - Robot start talking
2025-10-22 10:51:10,822 - nvd_autonomous - INFO - Robot start talking
2025-10-22 10:51:11,024 - nvd_autonomous - INFO - Robot start talking
2025-10-22 10:51:11,226 - nvd_autonomous - INFO - Robot start talking
2025-10-22 10:51:11,428 - nvd_autonomous - INFO - Robot start talking
2025-10-22 10:51:11,630 - nvd_autonomous - INFO - Robot start talking
2025-10-22 10:51:12,033 - nvd_autonomous - INFO - No one talking
2025-10-22 10:51:12,636 - nvd_autonomous - INFO - Robot start talking
2025-10-22 10:51:12,838 - nvd_autonomous - INFO - Robot start talking
2025-10-22 10:51:13,040 - nvd_autonomous - INFO - Robot start talking
2025-10-22 10:51:13,242 - nvd_autonomous - INFO - Robot start talking
2025-10-22 10:51:13,444 - nvd_autonomous - INFO - Robot start talking
2025-10-22 10:51:13,646 - nvd_autonomous - INFO - Robot start talking
2025-10-22 10:51:13,848 - nvd_autonomous - INFO - Robot start talking
2025-10-22 10:51:14,050 - nvd_autonomous - INFO - Robot start talking
2025-10-22 10:51:14,252 - nvd_autonomous - INFO - Robot start talking
2025-10-22 10:51:14,454 - nvd_autonomous - INFO - Robot start talking
2025-10-22 10:51:14,656 - nvd_autonomous - INFO - Robot start talking
2025-10-22 10:51:14,858 - nvd_autonomous - INFO - Robot start talking
2025-10-22 10:51:15,060 - nvd_autonomous - INFO - Robot start talking
2025-10-22 10:51:15,262 - nvd_autonomous - INFO - Robot start talking
2025-10-22 10:51:15,464 - nvd_autonomous - INFO - Robot start talking
2025-10-22 10:51:15,666 - nvd_autonomous - INFO - Robot start talking
2025-10-22 10:51:15,868 - nvd_autonomous - INFO - Robot start talking
2025-10-22 10:51:16,070 - nvd_autonomous - INFO - Robot start talking
2025-10-22 10:51:16,272 - nvd_autonomous - INFO - Robot start talking
2025-10-22 10:51:16,474 - nvd_autonomous - INFO - Robot start talking
2025-10-22 10:51:16,676 - nvd_autonomous - INFO - Robot start talking
2025-10-22 10:51:16,878 - nvd_autonomous - INFO - Robot start talking
2025-10-22 10:51:17,080 - nvd_autonomous - INFO - Robot start talking
2025-10-22 10:51:17,483 - nvd_autonomous - INFO - No one talking
2025-10-22 10:51:19,494 - nvd_autonomous - INFO - Robot start talking
2025-10-22 10:51:19,696 - nvd_autonomous - INFO - Robot start talking
2025-10-22 10:51:19,898 - nvd_autonomous - INFO - Robot start talking
2025-10-22 10:51:20,100 - nvd_autonomous - INFO - Robot start talking
2025-10-22 10:51:20,302 - nvd_autonomous - INFO - Robot start talking
2025-10-22 10:51:20,504 - nvd_autonomous - INFO - Robot start talking
2025-10-22 10:51:20,706 - nvd_autonomous - INFO - Robot start talking
2025-10-22 10:51:21,109 - nvd_autonomous - INFO - Robot start talking
2025-10-22 10:51:21,311 - nvd_autonomous - INFO - Robot start talking
2025-10-22 10:51:21,714 - nvd_autonomous - INFO - No one talking
2025-10-22 10:51:22,720 - nvd_autonomous - INFO - Robot start talking
2025-10-22 10:51:22,922 - nvd_autonomous - INFO - Robot start talking
2025-10-22 10:51:23,124 - nvd_autonomous - INFO - Robot start talking
2025-10-22 10:51:23,326 - nvd_autonomous - INFO - Robot start talking
2025-10-22 10:51:23,528 - nvd_autonomous - INFO - Robot start talking
2025-10-22 10:51:23,731 - nvd_autonomous - INFO - Robot start talking
2025-10-22 10:51:23,933 - nvd_autonomous - INFO - Robot start talking
2025-10-22 10:51:24,135 - nvd_autonomous - INFO - Robot start talking
2025-10-22 10:51:24,337 - nvd_autonomous - INFO - Robot start talking
2025-10-22 10:51:24,539 - nvd_autonomous - INFO - Robot start talking
2025-10-22 10:51:24,741 - nvd_autonomous - INFO - Robot start talking
2025-10-22 10:51:24,943 - nvd_autonomous - INFO - Robot start talking
2025-10-22 10:51:25,145 - nvd_autonomous - INFO - Robot start talking
2025-10-22 10:51:25,347 - nvd_autonomous - INFO - Robot start talking
2025-10-22 10:51:25,549 - nvd_autonomous - INFO - Robot start talking
2025-10-22 10:51:25,751 - nvd_autonomous - INFO - Robot start talking
2025-10-22 10:51:25,953 - nvd_autonomous - INFO - Robot start talking
2025-10-22 10:51:26,155 - nvd_autonomous - INFO - Robot start talking
2025-10-22 10:51:26,357 - nvd_autonomous - INFO - Robot start talking
2025-10-22 10:51:26,559 - nvd_autonomous - INFO - Robot start talking
2025-10-22 10:51:26,761 - nvd_autonomous - INFO - Robot start talking
2025-10-22 10:51:26,963 - nvd_autonomous - INFO - Robot start talking
2025-10-22 10:51:27,165 - nvd_autonomous - INFO - Robot start talking
2025-10-22 10:51:27,367 - nvd_autonomous - INFO - Robot start talking
2025-10-22 10:51:27,569 - nvd_autonomous - INFO - Robot start talking
2025-10-22 10:51:27,771 - nvd_autonomous - INFO - Robot start talking
2025-10-22 10:51:27,973 - nvd_autonomous - INFO - Robot start talking
2025-10-22 10:51:28,175 - nvd_autonomous - INFO - Robot start talking
2025-10-22 10:51:28,377 - nvd_autonomous - INFO - Robot start talking
2025-10-22 10:51:28,579 - nvd_autonomous - INFO - Robot start talking
2025-10-22 10:51:28,982 - nvd_autonomous - INFO - Robot start talking
2025-10-22 10:51:29,385 - nvd_autonomous - INFO - Robot start talking
2025-10-22 10:51:29,790 - nvd_autonomous - INFO - No one talking
2025-10-22 10:51:30,192 - nvd_autonomous - INFO - Robot start talking
2025-10-22 10:51:30,394 - nvd_autonomous - INFO - Start Talking: 0
2025-10-22 10:51:30,395 - nvd_autonomous - INFO - Move to: [-35, -3]
2025-10-22 10:51:30,798 - nvd_autonomous - INFO - Robot start talking
2025-10-22 10:51:31,000 - nvd_autonomous - INFO - Robot start talking
2025-10-22 10:51:31,202 - nvd_autonomous - INFO - Robot start talking
2025-10-22 10:51:31,404 - nvd_autonomous - INFO - Robot start talking
2025-10-22 10:51:31,607 - nvd_autonomous - INFO - Robot start talking
2025-10-22 10:51:31,809 - nvd_autonomous - INFO - Robot start talking
2025-10-22 10:51:32,011 - nvd_autonomous - INFO - Robot start talking
2025-10-22 10:51:32,213 - nvd_autonomous - INFO - Robot start talking
2025-10-22 10:51:32,415 - nvd_autonomous - INFO - Robot start talking
2025-10-22 10:51:32,618 - nvd_autonomous - INFO - Robot start talking
2025-10-22 10:51:32,820 - nvd_autonomous - INFO - Robot start talking
2025-10-22 10:51:33,022 - nvd_autonomous - INFO - Robot start talking
2025-10-22 10:51:33,224 - nvd_autonomous - INFO - Robot start talking
2025-10-22 10:51:33,426 - nvd_autonomous - INFO - Robot start talking
2025-10-22 10:51:33,628 - nvd_autonomous - INFO - Robot start talking
2025-10-22 10:51:33,832 - nvd_autonomous - INFO - Robot start talking
2025-10-22 10:51:34,234 - nvd_autonomous - INFO - No one talking
2025-10-22 10:51:35,039 - nvd_autonomous - INFO - Robot start talking
2025-10-22 10:51:35,241 - nvd_autonomous - INFO - Robot start talking
2025-10-22 10:51:35,443 - nvd_autonomous - INFO - Robot start talking
2025-10-22 10:51:35,645 - nvd_autonomous - INFO - Robot start talking
2025-10-22 10:51:35,847 - nvd_autonomous - INFO - Robot start talking
2025-10-22 10:51:36,049 - nvd_autonomous - INFO - Robot start talking
2025-10-22 10:51:36,251 - nvd_autonomous - INFO - Robot start talking
2025-10-22 10:51:36,453 - nvd_autonomous - INFO - Robot start talking
2025-10-22 10:51:36,655 - nvd_autonomous - INFO - Robot start talking
2025-10-22 10:51:36,857 - nvd_autonomous - INFO - Robot start talking
2025-10-22 10:51:37,059 - nvd_autonomous - INFO - Robot start talking
2025-10-22 10:51:37,463 - nvd_autonomous - INFO - No one talking
2025-10-22 10:51:37,865 - nvd_autonomous - INFO - Robot start talking
2025-10-22 10:51:38,067 - nvd_autonomous - INFO - Robot start talking
2025-10-22 10:51:38,269 - nvd_autonomous - INFO - Robot start talking
2025-10-22 10:51:38,471 - nvd_autonomous - INFO - Robot start talking
2025-10-22 10:51:38,673 - nvd_autonomous - INFO - Robot start talking
2025-10-22 10:51:38,876 - nvd_autonomous - INFO - Robot start talking
2025-10-22 10:51:39,077 - nvd_autonomous - INFO - Robot start talking
2025-10-22 10:51:39,280 - nvd_autonomous - INFO - Robot start talking
2025-10-22 10:51:39,482 - nvd_autonomous - INFO - Robot start talking
2025-10-22 10:51:39,684 - nvd_autonomous - INFO - Robot start talking
2025-10-22 10:51:39,886 - nvd_autonomous - INFO - Robot start talking
2025-10-22 10:51:40,088 - nvd_autonomous - INFO - Robot start talking
2025-10-22 10:51:40,290 - nvd_autonomous - INFO - Robot start talking
2025-10-22 10:51:40,492 - nvd_autonomous - INFO - Robot start talking
2025-10-22 10:51:40,694 - nvd_autonomous - INFO - Robot start talking
2025-10-22 10:51:40,896 - nvd_autonomous - INFO - Robot start talking
2025-10-22 10:51:41,098 - nvd_autonomous - INFO - Robot start talking
2025-10-22 10:51:41,300 - nvd_autonomous - INFO - Robot start talking
2025-10-22 10:51:41,502 - nvd_autonomous - INFO - Robot start talking
2025-10-22 10:51:41,704 - nvd_autonomous - INFO - Robot start talking
2025-10-22 10:51:41,907 - nvd_autonomous - INFO - Robot start talking
2025-10-22 10:51:42,310 - nvd_autonomous - INFO - No one talking
2025-10-22 10:51:42,913 - nvd_autonomous - INFO - Robot start talking
2025-10-22 10:51:43,115 - nvd_autonomous - INFO - Robot start talking
2025-10-22 10:51:43,317 - nvd_autonomous - INFO - Robot start talking
2025-10-22 10:51:43,519 - nvd_autonomous - INFO - Robot start talking
2025-10-22 10:51:43,721 - nvd_autonomous - INFO - Robot start talking
2025-10-22 10:51:43,925 - nvd_autonomous - INFO - Robot start talking
2025-10-22 10:51:44,127 - nvd_autonomous - INFO - Robot start talking
2025-10-22 10:51:44,329 - nvd_autonomous - INFO - Robot start talking
2025-10-22 10:51:44,531 - nvd_autonomous - INFO - Robot start talking
2025-10-22 10:51:44,733 - nvd_autonomous - INFO - Robot start talking
2025-10-22 10:51:44,935 - nvd_autonomous - INFO - Robot start talking
2025-10-22 10:51:45,338 - nvd_autonomous - INFO - No one talking
2025-10-22 10:51:45,741 - nvd_autonomous - INFO - Start Talking: 1
2025-10-22 10:51:45,742 - nvd_autonomous - INFO - Move to: [-35, -3]
2025-10-22 10:51:46,547 - nvd_autonomous - INFO - Start Talking: 1
2025-10-22 10:51:46,548 - nvd_autonomous - INFO - Move to: [-35, -3]
2025-10-22 10:51:47,151 - nvd_autonomous - INFO - No one talking
2025-10-22 10:51:47,755 - nvd_autonomous - INFO - Start Talking: 1
2025-10-22 10:51:47,756 - nvd_autonomous - INFO - Move to: [-35, -3]
2025-10-22 10:51:48,763 - nvd_autonomous - INFO - Start Talking: 1
2025-10-22 10:51:48,764 - nvd_autonomous - INFO - Move to: [-35, -3]
2025-10-22 10:51:51,177 - nvd_autonomous - INFO - No one talking
2025-10-22 10:51:53,592 - nvd_autonomous - INFO - Start Talking: 0
2025-10-22 10:51:53,593 - nvd_autonomous - INFO - Move to: [-35, -3]
2025-10-22 10:51:55,000 - nvd_autonomous - INFO - No one talking
2025-10-22 10:51:57,414 - nvd_autonomous - INFO - Start Talking: 1
2025-10-22 10:51:57,415 - nvd_autonomous - INFO - Move to: [-35, -3]
2025-10-22 10:51:59,023 - nvd_autonomous - INFO - Start Talking: 0
2025-10-22 10:51:59,024 - nvd_autonomous - INFO - Move to: [-35, -3]
2025-10-22 10:52:00,231 - nvd_autonomous - INFO - Start Talking: 1
2025-10-22 10:52:00,232 - nvd_autonomous - INFO - Move to: [-35, -3]
2025-10-22 10:52:01,236 - nvd_autonomous - INFO - No one talking
2025-10-22 10:52:05,661 - nvd_autonomous - INFO - Start Talking: 0
2025-10-22 10:52:05,661 - nvd_autonomous - INFO - Move to: [-35, -3]
2025-10-22 10:52:07,070 - nvd_autonomous - INFO - No one talking
2025-10-22 10:52:07,272 - nvd_autonomous - INFO - Start Talking: 0
2025-10-22 10:52:07,273 - nvd_autonomous - INFO - Move to: [-35, -3]
2025-10-22 10:52:12,499 - nvd_autonomous - INFO - Start Talking: 1
2025-10-22 10:52:12,500 - nvd_autonomous - INFO - Move to: [-35, -3]
2025-10-22 10:52:13,304 - nvd_autonomous - INFO - Start Talking: 0
2025-10-22 10:52:13,305 - nvd_autonomous - INFO - Move to: [-35, -3]
2025-10-22 10:52:14,311 - nvd_autonomous - INFO - Start Talking: 0
2025-10-22 10:52:14,312 - nvd_autonomous - INFO - Move to: [-35, -3]
2025-10-22 10:52:14,714 - nvd_autonomous - INFO - No one talking
2025-10-22 10:52:20,945 - nvd_autonomous - INFO - Robot start talking
2025-10-22 10:52:21,147 - nvd_autonomous - INFO - Robot start talking
2025-10-22 10:52:21,348 - nvd_autonomous - INFO - Robot start talking
2025-10-22 10:52:21,550 - nvd_autonomous - INFO - Robot start talking
2025-10-22 10:52:21,752 - nvd_autonomous - INFO - Robot start talking
2025-10-22 10:52:21,954 - nvd_autonomous - INFO - Robot start talking
2025-10-22 10:52:22,156 - nvd_autonomous - INFO - Robot start talking
2025-10-22 10:52:22,358 - nvd_autonomous - INFO - Robot start talking
2025-10-22 10:52:22,560 - nvd_autonomous - INFO - Robot start talking
2025-10-22 10:52:22,762 - nvd_autonomous - INFO - Robot start talking
2025-10-22 10:52:22,964 - nvd_autonomous - INFO - Robot start talking
2025-10-22 10:52:23,166 - nvd_autonomous - INFO - Robot start talking
2025-10-22 10:52:23,368 - nvd_autonomous - INFO - Robot start talking
2025-10-22 10:52:23,570 - nvd_autonomous - INFO - Robot start talking
2025-10-22 10:52:23,772 - nvd_autonomous - INFO - Robot start talking
2025-10-22 10:52:23,974 - nvd_autonomous - INFO - Robot start talking
2025-10-22 10:52:24,176 - nvd_autonomous - INFO - Robot start talking
2025-10-22 10:52:24,378 - nvd_autonomous - INFO - Robot start talking
2025-10-22 10:52:24,580 - nvd_autonomous - INFO - Robot start talking
2025-10-22 10:52:24,782 - nvd_autonomous - INFO - Robot start talking
2025-10-22 10:52:25,185 - nvd_autonomous - INFO - No one talking
2025-10-22 10:52:26,191 - nvd_autonomous - INFO - Robot start talking
2025-10-22 10:52:26,393 - nvd_autonomous - INFO - Robot start talking
2025-10-22 10:52:26,595 - nvd_autonomous - INFO - Move pan to: 0
2025-10-22 10:52:26,596 - nvd_autonomous - INFO - Move tilt to: -3
2025-10-22 10:52:26,797 - nvd_autonomous - INFO - No one talking
2025-10-22 10:52:28,004 - nvd_autonomous - INFO - Robot start talking
2025-10-22 10:52:28,206 - nvd_autonomous - INFO - Robot start talking
2025-10-22 10:52:28,409 - nvd_autonomous - INFO - Robot start talking
2025-10-22 10:52:28,610 - nvd_autonomous - INFO - Robot start talking
2025-10-22 10:52:28,812 - nvd_autonomous - INFO - Robot start talking
2025-10-22 10:52:29,014 - nvd_autonomous - INFO - Robot start talking
2025-10-22 10:52:29,216 - nvd_autonomous - INFO - Robot start talking
2025-10-22 10:52:29,418 - nvd_autonomous - INFO - Robot start talking
2025-10-22 10:52:29,620 - nvd_autonomous - INFO - Robot start talking
2025-10-22 10:52:30,023 - nvd_autonomous - INFO - No one talking
2025-10-22 10:52:32,837 - nvd_autonomous - INFO - Start Talking: 0
2025-10-22 10:52:32,838 - nvd_autonomous - INFO - Move to: [-35, -3]
2025-10-22 10:52:36,458 - nvd_autonomous - INFO - Start Talking: 0
2025-10-22 10:52:36,459 - nvd_autonomous - INFO - Move to: [-35, -3]
2025-10-22 10:52:39,876 - nvd_autonomous - INFO - Start Talking: 0
2025-10-22 10:52:39,877 - nvd_autonomous - INFO - Move to: [-35, -3]
2025-10-22 10:52:41,284 - nvd_autonomous - INFO - No one talking
2025-10-22 10:52:41,687 - nvd_autonomous - INFO - Start Talking: 0
2025-10-22 10:52:41,688 - nvd_autonomous - INFO - Move to: [-35, -3]
2025-10-22 10:52:42,493 - nvd_autonomous - INFO - Start Talking: 0
2025-10-22 10:52:42,494 - nvd_autonomous - INFO - Move to: [-35, -3]
2025-10-22 10:52:45,109 - nvd_autonomous - INFO - No one talking
2025-10-22 10:52:56,971 - nvd_autonomous - INFO - Start Talking: 0
2025-10-22 10:52:56,972 - nvd_autonomous - INFO - Move to: [-35, -3]
2025-10-22 10:52:59,587 - nvd_autonomous - INFO - Start Talking: 0
2025-10-22 10:52:59,588 - nvd_autonomous - INFO - Move to: [-35, -3]
2025-10-22 10:53:00,393 - nvd_autonomous - INFO - Start Talking: 0
2025-10-22 10:53:00,394 - nvd_autonomous - INFO - Move to: [-35, -3]
2025-10-22 10:53:07,431 - nvd_autonomous - INFO - Backchanneling to: [-35, -3]
2025-10-22 10:53:09,643 - nvd_autonomous - INFO - Start Talking: 1
2025-10-22 10:53:09,644 - nvd_autonomous - INFO - Move to: [-35, -3]
2025-10-22 10:53:09,846 - nvd_autonomous - INFO - Start Talking: 0
2025-10-22 10:53:09,846 - nvd_autonomous - INFO - Move to: [-35, -3]
2025-10-22 10:53:10,048 - nvd_autonomous - INFO - Start Talking: 1
2025-10-22 10:53:10,049 - nvd_autonomous - INFO - Move to: [-35, -3]
2025-10-22 10:53:10,251 - nvd_autonomous - INFO - Start Talking: 0
2025-10-22 10:53:10,252 - nvd_autonomous - INFO - Move to: [-35, -3]
2025-10-22 10:53:15,680 - nvd_autonomous - INFO - No one talking
2025-10-22 10:53:34,384 - nvd_autonomous - INFO - Start Talking: 1
2025-10-22 10:53:34,385 - nvd_autonomous - INFO - Move to: [-35, -3]
2025-10-22 10:53:36,395 - nvd_autonomous - INFO - Start Talking: 1
2025-10-22 10:53:36,396 - nvd_autonomous - INFO - Move to: [-35, -3]
2025-10-22 10:53:43,436 - nvd_autonomous - INFO - Backchanneling to: [-35, -3]
2025-10-22 10:53:45,649 - nvd_autonomous - INFO - No one talking
2025-10-22 10:53:46,655 - nvd_autonomous - INFO - Start Talking: 0
2025-10-22 10:53:46,656 - nvd_autonomous - INFO - Move to: [-35, -3]
2025-10-22 10:53:49,875 - nvd_autonomous - INFO - No one talking
2025-10-22 10:53:50,077 - nvd_autonomous - INFO - Start Talking: 1
2025-10-22 10:53:50,078 - nvd_autonomous - INFO - Move to: [-35, -3]
2025-10-22 10:53:50,280 - nvd_autonomous - INFO - Start Talking: 0
2025-10-22 10:53:50,281 - nvd_autonomous - INFO - Move to: [-35, -3]
2025-10-22 10:53:50,482 - nvd_autonomous - INFO - Start Talking: 1
2025-10-22 10:53:50,483 - nvd_autonomous - INFO - Move to: [-35, -3]
2025-10-22 10:53:51,086 - nvd_autonomous - INFO - Start Talking: 0
2025-10-22 10:53:51,087 - nvd_autonomous - INFO - Move to: [-35, -3]
2025-10-22 10:53:51,489 - nvd_autonomous - INFO - No one talking
2025-10-22 10:53:52,899 - nvd_autonomous - INFO - Start Talking: 0
2025-10-22 10:53:52,900 - nvd_autonomous - INFO - Move to: [-35, -3]
2025-10-22 10:53:53,906 - nvd_autonomous - INFO - No one talking
2025-10-22 10:53:57,926 - nvd_autonomous - INFO - Start Talking: 1
2025-10-22 10:53:57,927 - nvd_autonomous - INFO - Move to: [-35, -3]
2025-10-22 10:53:58,329 - nvd_autonomous - INFO - No one talking
2025-10-22 10:53:59,938 - nvd_autonomous - INFO - Start Talking: 1
2025-10-22 10:53:59,939 - nvd_autonomous - INFO - Move to: [-35, -3]
2025-10-22 10:54:02,151 - nvd_autonomous - INFO - Start Talking: 1
2025-10-22 10:54:02,152 - nvd_autonomous - INFO - Move to: [-35, -3]
2025-10-22 10:54:03,961 - nvd_autonomous - INFO - Start Talking: 1
2025-10-22 10:54:03,962 - nvd_autonomous - INFO - Move to: [-35, -3]
2025-10-22 10:54:04,566 - nvd_autonomous - INFO - No one talking
2025-10-22 10:54:04,768 - nvd_autonomous - INFO - Start Talking: 1
2025-10-22 10:54:04,768 - nvd_autonomous - INFO - Move to: [-35, -3]
2025-10-22 10:54:07,382 - nvd_autonomous - INFO - Start Talking: 1
2025-10-22 10:54:07,383 - nvd_autonomous - INFO - Move to: [-35, -3]
2025-10-22 10:54:07,785 - nvd_autonomous - INFO - No one talking
2025-10-22 10:54:15,624 - nvd_autonomous - INFO - Start Talking: 1
2025-10-22 10:54:15,625 - nvd_autonomous - INFO - Move to: [-35, -3]
2025-10-22 10:54:18,640 - nvd_autonomous - INFO - No one talking
2025-10-22 10:54:19,646 - nvd_autonomous - INFO - Start Talking: 1
2025-10-22 10:54:19,647 - nvd_autonomous - INFO - Move to: [-35, -3]
2025-10-22 10:54:22,662 - nvd_autonomous - INFO - No one talking
2025-10-22 10:54:24,673 - nvd_autonomous - INFO - Start Talking: 1
2025-10-22 10:54:24,674 - nvd_autonomous - INFO - Move to: [-35, -3]
2025-10-22 10:54:25,076 - nvd_autonomous - INFO - No one talking
2025-10-22 10:54:25,680 - nvd_autonomous - INFO - Start Talking: 0
2025-10-22 10:54:25,681 - nvd_autonomous - INFO - Move to: [-35, -3]
2025-10-22 10:54:27,691 - nvd_autonomous - INFO - Start Talking: 1
2025-10-22 10:54:27,692 - nvd_autonomous - INFO - Move to: [-35, -3]
2025-10-22 10:54:27,893 - nvd_autonomous - INFO - Start Talking: 0
2025-10-22 10:54:27,894 - nvd_autonomous - INFO - Move to: [-35, -3]
2025-10-22 10:54:28,096 - nvd_autonomous - INFO - Start Talking: 1
2025-10-22 10:54:28,097 - nvd_autonomous - INFO - Move to: [-35, -3]
2025-10-22 10:54:31,515 - nvd_autonomous - INFO - No one talking
2025-10-22 10:54:32,319 - nvd_autonomous - INFO - Start Talking: 1
2025-10-22 10:54:32,320 - nvd_autonomous - INFO - Move to: [-35, -3]
2025-10-22 10:54:34,531 - nvd_autonomous - INFO - No one talking
2025-10-22 10:54:35,536 - nvd_autonomous - INFO - Start Talking: 1
2025-10-22 10:54:35,537 - nvd_autonomous - INFO - Move to: [-35, -3]
2025-10-22 10:54:39,758 - nvd_autonomous - INFO - Start Talking: 1
2025-10-22 10:54:39,759 - nvd_autonomous - INFO - Move to: [-35, -3]
2025-10-22 10:54:40,162 - nvd_autonomous - INFO - No one talking
2025-10-22 10:54:41,770 - nvd_autonomous - INFO - Start Talking: 1
2025-10-22 10:54:41,771 - nvd_autonomous - INFO - Move to: [-35, -3]
2025-10-22 10:54:44,183 - nvd_autonomous - INFO - No one talking
2025-10-22 10:54:44,385 - nvd_autonomous - INFO - Start Talking: 1
2025-10-22 10:54:44,386 - nvd_autonomous - INFO - Move to: [-35, -3]
2025-10-22 10:54:44,788 - nvd_autonomous - INFO - No one talking
2025-10-22 10:54:44,990 - nvd_autonomous - INFO - Start Talking: 0
2025-10-22 10:54:44,991 - nvd_autonomous - INFO - Move to: [-35, -3]
2025-10-22 10:54:45,192 - nvd_autonomous - INFO - Start Talking: 1
2025-10-22 10:54:45,193 - nvd_autonomous - INFO - Move to: [-35, -3]
2025-10-22 10:54:52,228 - nvd_autonomous - INFO - Backchanneling to: [-35, -3]
2025-10-22 10:54:55,444 - nvd_autonomous - INFO - Start Talking: 1
2025-10-22 10:54:55,445 - nvd_autonomous - INFO - Move to: [-35, -3]
2025-10-22 10:54:56,049 - nvd_autonomous - INFO - No one talking
2025-10-22 10:54:56,451 - nvd_autonomous - INFO - Start Talking: 1
2025-10-22 10:54:56,452 - nvd_autonomous - INFO - Move to: [-35, -3]
2025-10-22 10:54:56,854 - nvd_autonomous - INFO - Start Talking: 0
2025-10-22 10:54:56,855 - nvd_autonomous - INFO - Move to: [-35, -3]
2025-10-22 10:54:59,469 - nvd_autonomous - INFO - Start Talking: 1
2025-10-22 10:54:59,470 - nvd_autonomous - INFO - Move to: [-35, -3]
2025-10-22 10:54:59,671 - nvd_autonomous - INFO - Start Talking: 0
2025-10-22 10:54:59,672 - nvd_autonomous - INFO - Move to: [-35, -3]
2025-10-22 10:54:59,873 - nvd_autonomous - INFO - Start Talking: 1
2025-10-22 10:54:59,874 - nvd_autonomous - INFO - Move to: [-35, -3]
2025-10-22 10:55:01,483 - nvd_autonomous - INFO - Start Talking: 0
2025-10-22 10:55:01,483 - nvd_autonomous - INFO - Move to: [-35, -3]
2025-10-22 10:55:01,685 - nvd_autonomous - INFO - Start Talking: 1
2025-10-22 10:55:01,686 - nvd_autonomous - INFO - Move to: [-35, -3]
2025-10-22 10:55:04,299 - nvd_autonomous - INFO - Start Talking: 1
2025-10-22 10:55:04,300 - nvd_autonomous - INFO - Move to: [-35, -3]
2025-10-22 10:55:04,702 - nvd_autonomous - INFO - Start Talking: 1
2025-10-22 10:55:04,703 - nvd_autonomous - INFO - Move to: [-35, -3]
2025-10-22 10:55:05,105 - nvd_autonomous - INFO - Start Talking: 1
2025-10-22 10:55:05,106 - nvd_autonomous - INFO - Move to: [-35, -3]
2025-10-22 10:55:05,508 - nvd_autonomous - INFO - No one talking
2025-10-22 10:55:08,725 - nvd_autonomous - INFO - Start Talking: 1
2025-10-22 10:55:08,726 - nvd_autonomous - INFO - Move to: [-35, -3]
2025-10-22 10:55:09,330 - nvd_autonomous - INFO - Start Talking: 1
2025-10-22 10:55:09,331 - nvd_autonomous - INFO - Move to: [-35, -3]
2025-10-22 10:55:10,738 - nvd_autonomous - INFO - No one talking
2025-10-22 10:55:11,141 - nvd_autonomous - INFO - Start Talking: 1
2025-10-22 10:55:11,142 - nvd_autonomous - INFO - Move to: [-35, -3]
2025-10-22 10:55:11,545 - nvd_autonomous - INFO - No one talking
2025-10-22 10:55:11,747 - nvd_autonomous - INFO - Start Talking: 1
2025-10-22 10:55:11,748 - nvd_autonomous - INFO - Move to: [-35, -3]
2025-10-22 10:55:12,552 - nvd_autonomous - INFO - No one talking
2025-10-22 10:55:16,172 - nvd_autonomous - INFO - Start Talking: 1
2025-10-22 10:55:16,173 - nvd_autonomous - INFO - Move to: [-35, -3]
2025-10-22 10:55:16,776 - nvd_autonomous - INFO - No one talking
2025-10-22 10:55:16,977 - nvd_autonomous - INFO - Start Talking: 0
2025-10-22 10:55:16,978 - nvd_autonomous - INFO - Move to: [-35, -3]
2025-10-22 10:55:17,179 - nvd_autonomous - INFO - Start Talking: 1
2025-10-22 10:55:17,180 - nvd_autonomous - INFO - Move to: [-35, -3]
2025-10-22 10:55:17,582 - nvd_autonomous - INFO - Start Talking: 0
2025-10-22 10:55:17,583 - nvd_autonomous - INFO - Move to: [-35, -3]
2025-10-22 10:55:17,985 - nvd_autonomous - INFO - Start Talking: 1
2025-10-22 10:55:17,986 - nvd_autonomous - INFO - Move to: [-35, -3]
2025-10-22 10:55:18,590 - nvd_autonomous - INFO - No one talking
2025-10-22 10:55:18,993 - nvd_autonomous - INFO - Start Talking: 1
2025-10-22 10:55:18,994 - nvd_autonomous - INFO - Move to: [-35, -3]
2025-10-22 10:55:19,798 - nvd_autonomous - INFO - Start Talking: 1
2025-10-22 10:55:19,799 - nvd_autonomous - INFO - Move to: [-35, -3]
2025-10-22 10:55:20,603 - nvd_autonomous - INFO - No one talking
2025-10-22 10:55:20,804 - nvd_autonomous - INFO - Start Talking: 1
2025-10-22 10:55:20,805 - nvd_autonomous - INFO - Move to: [-35, -3]
2025-10-22 10:55:21,609 - nvd_autonomous - INFO - No one talking
2025-10-22 10:55:21,810 - nvd_autonomous - INFO - Start Talking: 1
2025-10-22 10:55:21,811 - nvd_autonomous - INFO - Move to: [-35, -3]
2025-10-22 10:55:22,213 - nvd_autonomous - INFO - Start Talking: 1
2025-10-22 10:55:22,214 - nvd_autonomous - INFO - Move to: [-35, -3]
2025-10-22 10:55:23,219 - nvd_autonomous - INFO - No one talking
2025-10-22 10:55:23,822 - nvd_autonomous - INFO - Start Talking: 1
2025-10-22 10:55:23,823 - nvd_autonomous - INFO - Move to: [-35, -3]
2025-10-22 10:55:28,849 - nvd_autonomous - INFO - No one talking
2025-10-22 10:55:30,459 - nvd_autonomous - INFO - Start Talking: 1
2025-10-22 10:55:30,460 - nvd_autonomous - INFO - Move to: [-35, -3]
2025-10-22 10:55:32,470 - nvd_autonomous - INFO - No one talking
2025-10-22 10:55:32,873 - nvd_autonomous - INFO - Start Talking: 1
2025-10-22 10:55:32,874 - nvd_autonomous - INFO - Move to: [-35, -3]
2025-10-22 10:55:33,276 - nvd_autonomous - INFO - Start Talking: 1
2025-10-22 10:55:33,277 - nvd_autonomous - INFO - Move to: [-35, -3]
2025-10-22 10:55:35,288 - nvd_autonomous - INFO - No one talking
2025-10-22 10:55:35,490 - nvd_autonomous - INFO - Start Talking: 0
2025-10-22 10:55:35,491 - nvd_autonomous - INFO - Move to: [-35, -3]
2025-10-22 10:55:36,295 - nvd_autonomous - INFO - Start Talking: 1
2025-10-22 10:55:36,296 - nvd_autonomous - INFO - Move to: [-35, -3]
2025-10-22 10:55:38,306 - nvd_autonomous - INFO - No one talking
2025-10-22 10:55:38,507 - nvd_autonomous - INFO - Start Talking: 0
2025-10-22 10:55:38,508 - nvd_autonomous - INFO - Move to: [-35, -3]
2025-10-22 10:55:38,910 - nvd_autonomous - INFO - Start Talking: 0
2025-10-22 10:55:38,911 - nvd_autonomous - INFO - Move to: [-35, -3]
2025-10-22 10:55:39,916 - nvd_autonomous - INFO - No one talking
2025-10-22 10:55:40,520 - nvd_autonomous - INFO - Start Talking: 0
2025-10-22 10:55:40,521 - nvd_autonomous - INFO - Move to: [-35, -3]
2025-10-22 10:55:41,727 - nvd_autonomous - INFO - Start Talking: 1
2025-10-22 10:55:41,728 - nvd_autonomous - INFO - Move to: [-35, -3]
2025-10-22 10:55:42,131 - nvd_autonomous - INFO - Start Talking: 0
2025-10-22 10:55:42,132 - nvd_autonomous - INFO - Move to: [-35, -3]
2025-10-22 10:55:42,333 - nvd_autonomous - INFO - Start Talking: 1
2025-10-22 10:55:42,334 - nvd_autonomous - INFO - Move to: [-35, -3]
2025-10-22 10:55:42,535 - nvd_autonomous - INFO - Start Talking: 0
2025-10-22 10:55:42,536 - nvd_autonomous - INFO - Move to: [-35, -3]
2025-10-22 10:55:42,737 - nvd_autonomous - INFO - Start Talking: 1
2025-10-22 10:55:42,738 - nvd_autonomous - INFO - Move to: [-35, -3]
2025-10-22 10:55:43,141 - nvd_autonomous - INFO - Start Talking: 0
2025-10-22 10:55:43,142 - nvd_autonomous - INFO - Move to: [-35, -3]
2025-10-22 10:55:43,544 - nvd_autonomous - INFO - Start Talking: 1
2025-10-22 10:55:43,545 - nvd_autonomous - INFO - Move to: [-35, -3]
2025-10-22 10:55:44,148 - nvd_autonomous - INFO - Start Talking: 0
2025-10-22 10:55:44,149 - nvd_autonomous - INFO - Move to: [-35, -3]
2025-10-22 10:55:44,350 - nvd_autonomous - INFO - Start Talking: 1
2025-10-22 10:55:44,351 - nvd_autonomous - INFO - Move to: [-35, -3]
2025-10-22 10:55:46,161 - nvd_autonomous - INFO - Start Talking: 1
2025-10-22 10:55:46,162 - nvd_autonomous - INFO - Move to: [-35, -3]
2025-10-22 10:55:51,798 - nvd_autonomous - INFO - Start Talking: 1
2025-10-22 10:55:51,798 - nvd_autonomous - INFO - Move to: [-35, -3]
2025-10-22 10:55:56,224 - nvd_autonomous - INFO - Start Talking: 1
2025-10-22 10:55:56,224 - nvd_autonomous - INFO - Move to: [-35, -3]
2025-10-22 10:56:03,267 - nvd_autonomous - INFO - Backchanneling to: [-35, -3]
2025-10-22 10:56:06,889 - nvd_autonomous - INFO - Start Talking: 1
2025-10-22 10:56:06,889 - nvd_autonomous - INFO - Move to: [-35, -3]
2025-10-22 10:56:09,104 - nvd_autonomous - INFO - Start Talking: 0
2025-10-22 10:56:09,105 - nvd_autonomous - INFO - Move to: [-35, -3]
2025-10-22 10:56:09,306 - nvd_autonomous - INFO - Start Talking: 1
2025-10-22 10:56:09,307 - nvd_autonomous - INFO - Move to: [-35, -3]
2025-10-22 10:56:13,532 - nvd_autonomous - INFO - Start Talking: 0
2025-10-22 10:56:13,533 - nvd_autonomous - INFO - Move to: [-35, -3]
2025-10-22 10:56:13,735 - nvd_autonomous - INFO - Start Talking: 1
2025-10-22 10:56:13,735 - nvd_autonomous - INFO - Move to: [-35, -3]
2025-10-22 10:56:20,777 - nvd_autonomous - INFO - Start Talking: 0
2025-10-22 10:56:20,777 - nvd_autonomous - INFO - Move to: [-35, -3]
2025-10-22 10:56:21,985 - nvd_autonomous - INFO - Start Talking: 1
2025-10-22 10:56:21,986 - nvd_autonomous - INFO - Move to: [-35, -3]
2025-10-22 10:56:22,389 - nvd_autonomous - INFO - Start Talking: 1
2025-10-22 10:56:22,390 - nvd_autonomous - INFO - Move to: [-35, -3]
2025-10-22 10:56:25,809 - nvd_autonomous - INFO - No one talking
2025-10-22 10:56:26,010 - nvd_autonomous - INFO - Start Talking: 1
2025-10-22 10:56:26,011 - nvd_autonomous - INFO - Move to: [-35, -3]
2025-10-22 10:56:26,615 - nvd_autonomous - INFO - No one talking
2025-10-22 10:56:26,817 - nvd_autonomous - INFO - Start Talking: 1
2025-10-22 10:56:26,817 - nvd_autonomous - INFO - Move to: [-35, -3]
2025-10-22 10:56:30,038 - nvd_autonomous - INFO - No one talking
2025-10-22 10:56:31,044 - nvd_autonomous - INFO - Start Talking: 0
2025-10-22 10:56:31,045 - nvd_autonomous - INFO - Move to: [-35, -3]
2025-10-22 10:56:34,062 - nvd_autonomous - INFO - Start Talking: 1
2025-10-22 10:56:34,063 - nvd_autonomous - INFO - Move to: [-35, -3]
2025-10-22 10:56:37,687 - nvd_autonomous - INFO - No one talking
2025-10-22 10:56:38,894 - nvd_autonomous - INFO - Start Talking: 0
2025-10-22 10:56:38,894 - nvd_autonomous - INFO - Move to: [-35, -3]
2025-10-22 10:56:39,096 - nvd_autonomous - INFO - Start Talking: 1
2025-10-22 10:56:39,097 - nvd_autonomous - INFO - Move to: [-35, -3]
2025-10-22 10:56:45,937 - nvd_autonomous - INFO - No one talking
2025-10-22 10:56:47,546 - nvd_autonomous - INFO - Start Talking: 1
2025-10-22 10:56:47,547 - nvd_autonomous - INFO - Move to: [-35, -3]
2025-10-22 10:56:49,963 - nvd_autonomous - INFO - No one talking
2025-10-22 10:56:50,569 - nvd_autonomous - INFO - Start Talking: 1
2025-10-22 10:56:50,570 - nvd_autonomous - INFO - Move to: [-35, -3]
2025-10-22 10:56:50,972 - nvd_autonomous - INFO - Start Talking: 1
2025-10-22 10:56:50,973 - nvd_autonomous - INFO - Move to: [-35, -3]
2025-10-22 10:56:52,381 - nvd_autonomous - INFO - No one talking
2025-10-22 10:56:54,392 - nvd_autonomous - INFO - Start Talking: 1
2025-10-22 10:56:54,393 - nvd_autonomous - INFO - Move to: [-35, -3]
2025-10-22 10:56:56,808 - nvd_autonomous - INFO - No one talking
2025-10-22 10:56:58,819 - nvd_autonomous - INFO - Start Talking: 1
2025-10-22 10:56:58,820 - nvd_autonomous - INFO - Move to: [-35, -3]
2025-10-22 10:57:00,229 - nvd_autonomous - INFO - No one talking
2025-10-22 10:57:01,437 - nvd_autonomous - INFO - Start Talking: 1
2025-10-22 10:57:01,438 - nvd_autonomous - INFO - Move to: [-35, -3]
2025-10-22 10:57:03,650 - nvd_autonomous - INFO - No one talking
2025-10-22 10:57:04,254 - nvd_autonomous - INFO - Start Talking: 1
2025-10-22 10:57:04,254 - nvd_autonomous - INFO - Move to: [-35, -3]
2025-10-22 10:57:05,662 - nvd_autonomous - INFO - Start Talking: 1
2025-10-22 10:57:05,663 - nvd_autonomous - INFO - Move to: [-35, -3]
2025-10-22 10:57:06,670 - nvd_autonomous - INFO - No one talking
2025-10-22 10:57:09,488 - nvd_autonomous - INFO - Start Talking: 1
2025-10-22 10:57:09,488 - nvd_autonomous - INFO - Move to: [-35, -3]
2025-10-22 10:57:11,096 - nvd_autonomous - INFO - Start Talking: 1
2025-10-22 10:57:11,097 - nvd_autonomous - INFO - Move to: [-35, -3]
2025-10-22 10:57:11,901 - nvd_autonomous - INFO - No one talking
2025-10-22 10:57:12,908 - nvd_autonomous - INFO - Start Talking: 1
2025-10-22 10:57:12,908 - nvd_autonomous - INFO - Move to: [-35, -3]
2025-10-22 10:57:14,721 - nvd_autonomous - INFO - No one talking
2025-10-22 10:57:16,131 - nvd_autonomous - INFO - Start Talking: 1
2025-10-22 10:57:16,131 - nvd_autonomous - INFO - Move to: [-35, -3]
2025-10-22 10:57:19,954 - nvd_autonomous - INFO - No one talking
2025-10-22 10:57:20,358 - nvd_autonomous - INFO - Start Talking: 1
2025-10-22 10:57:20,358 - nvd_autonomous - INFO - Move to: [-35, -3]
2025-10-22 10:57:21,768 - nvd_autonomous - INFO - Robot start talking
2025-10-22 10:57:21,970 - nvd_autonomous - INFO - Start Talking: 1
2025-10-22 10:57:21,970 - nvd_autonomous - INFO - Move to: [-35, -3]
2025-10-22 10:57:22,372 - nvd_autonomous - INFO - No one talking
2025-10-22 10:57:23,981 - nvd_autonomous - INFO - Start Talking: 1
2025-10-22 10:57:23,981 - nvd_autonomous - INFO - Move to: [-35, -3]
2025-10-22 10:57:27,000 - nvd_autonomous - INFO - Start Talking: 0
2025-10-22 10:57:27,001 - nvd_autonomous - INFO - Move to: [-35, -3]
2025-10-22 10:57:28,410 - nvd_autonomous - INFO - Start Talking: 1
2025-10-22 10:57:28,411 - nvd_autonomous - INFO - Move to: [-35, -3]
2025-10-22 10:57:35,453 - nvd_autonomous - INFO - Backchanneling to: [-35, -3]
2025-10-22 10:57:38,471 - nvd_autonomous - INFO - No one talking
2025-10-22 10:57:39,276 - nvd_autonomous - INFO - Start Talking: 1
2025-10-22 10:57:39,277 - nvd_autonomous - INFO - Move to: [-35, -3]
2025-10-22 10:57:40,282 - nvd_autonomous - INFO - No one talking
2025-10-22 10:57:40,886 - nvd_autonomous - INFO - Start Talking: 1
2025-10-22 10:57:40,887 - nvd_autonomous - INFO - Move to: [-35, -3]
2025-10-22 10:57:47,726 - nvd_autonomous - INFO - No one talking
2025-10-22 10:57:47,928 - nvd_autonomous - INFO - Start Talking: 1
2025-10-22 10:57:47,929 - nvd_autonomous - INFO - Move to: [-35, -3]
2025-10-22 10:57:48,332 - nvd_autonomous - INFO - Start Talking: 1
2025-10-22 10:57:48,332 - nvd_autonomous - INFO - Move to: [-35, -3]
2025-10-22 10:57:50,946 - nvd_autonomous - INFO - No one talking
2025-10-22 10:57:51,751 - nvd_autonomous - INFO - Start Talking: 1
2025-10-22 10:57:51,752 - nvd_autonomous - INFO - Move to: [-35, -3]
2025-10-22 10:57:53,563 - nvd_autonomous - INFO - No one talking
2025-10-22 10:57:55,774 - nvd_autonomous - INFO - Start Talking: 1
2025-10-22 10:57:55,775 - nvd_autonomous - INFO - Move to: [-35, -3]
2025-10-22 10:58:01,003 - nvd_autonomous - INFO - No one talking
2025-10-22 10:58:01,809 - nvd_autonomous - INFO - Start Talking: 1
2025-10-22 10:58:01,809 - nvd_autonomous - INFO - Move to: [-35, -3]
2025-10-22 10:58:05,234 - nvd_autonomous - INFO - Start Talking: 0
2025-10-22 10:58:05,235 - nvd_autonomous - INFO - Move to: [-35, -3]
2025-10-22 10:58:05,436 - nvd_autonomous - INFO - Start Talking: 1
2025-10-22 10:58:05,437 - nvd_autonomous - INFO - Move to: [-35, -3]
2025-10-22 10:58:08,455 - nvd_autonomous - INFO - No one talking
2025-10-22 10:58:09,260 - nvd_autonomous - INFO - Start Talking: 1
2025-10-22 10:58:09,261 - nvd_autonomous - INFO - Move to: [-35, -3]
2025-10-22 10:58:11,274 - nvd_autonomous - INFO - No one talking
2025-10-22 10:58:12,081 - nvd_autonomous - INFO - Start Talking: 1
2025-10-22 10:58:12,082 - nvd_autonomous - INFO - Move to: [-35, -3]
2025-10-22 10:58:14,900 - nvd_autonomous - INFO - No one talking
2025-10-22 10:58:15,706 - nvd_autonomous - INFO - Start Talking: 1
2025-10-22 10:58:15,707 - nvd_autonomous - INFO - Move to: [-35, -3]
2025-10-22 10:58:22,747 - nvd_autonomous - INFO - Backchanneling to: [-35, -3]
2025-10-22 10:58:24,355 - nvd_autonomous - INFO - Start Talking: 1
2025-10-22 10:58:24,356 - nvd_autonomous - INFO - Move to: [-35, -3]
2025-10-22 10:58:24,960 - nvd_autonomous - INFO - No one talking
2025-10-22 10:58:26,770 - nvd_autonomous - INFO - Start Talking: 1
2025-10-22 10:58:26,771 - nvd_autonomous - INFO - Move to: [-35, -3]
2025-10-22 10:58:27,374 - nvd_autonomous - INFO - Start Talking: 1
2025-10-22 10:58:27,375 - nvd_autonomous - INFO - Move to: [-35, -3]
2025-10-22 10:58:28,380 - nvd_autonomous - INFO - Start Talking: 1
2025-10-22 10:58:28,381 - nvd_autonomous - INFO - Move to: [-35, -3]
2025-10-22 10:58:28,783 - nvd_autonomous - INFO - No one talking
2025-10-22 10:58:29,788 - nvd_autonomous - INFO - Start Talking: 1
2025-10-22 10:58:29,789 - nvd_autonomous - INFO - Move to: [-35, -3]
2025-10-22 10:58:30,393 - nvd_autonomous - INFO - No one talking
2025-10-22 10:58:31,599 - nvd_autonomous - INFO - Start Talking: 1
2025-10-22 10:58:31,600 - nvd_autonomous - INFO - Move to: [-35, -3]
2025-10-22 10:58:34,013 - nvd_autonomous - INFO - Start Talking: 0
2025-10-22 10:58:34,014 - nvd_autonomous - INFO - Move to: [-35, -3]
2025-10-22 10:58:34,215 - nvd_autonomous - INFO - Start Talking: 1
2025-10-22 10:58:34,215 - nvd_autonomous - INFO - Move to: [-35, -3]
2025-10-22 10:58:35,825 - nvd_autonomous - INFO - Robot start talking
2025-10-22 10:58:36,026 - nvd_autonomous - INFO - Start Talking: 1
2025-10-22 10:58:36,027 - nvd_autonomous - INFO - Move to: [-35, -3]
2025-10-22 10:58:36,630 - nvd_autonomous - INFO - No one talking
2025-10-22 10:58:37,838 - nvd_autonomous - INFO - Start Talking: 1
2025-10-22 10:58:37,838 - nvd_autonomous - INFO - Move to: [-35, -3]
2025-10-22 10:58:39,651 - nvd_autonomous - INFO - No one talking
2025-10-22 10:58:39,852 - nvd_autonomous - INFO - Start Talking: 1
2025-10-22 10:58:39,853 - nvd_autonomous - INFO - Move to: [-35, -3]
2025-10-22 10:58:41,260 - nvd_autonomous - INFO - No one talking
2025-10-22 10:58:41,864 - nvd_autonomous - INFO - Start Talking: 1
2025-10-22 10:58:41,865 - nvd_autonomous - INFO - Move to: [-35, -3]
2025-10-22 10:58:45,084 - nvd_autonomous - INFO - Start Talking: 1
2025-10-22 10:58:45,085 - nvd_autonomous - INFO - Move to: [-35, -3]
2025-10-22 10:58:48,707 - nvd_autonomous - INFO - No one talking
2025-10-22 10:58:49,712 - nvd_autonomous - INFO - Start Talking: 1
2025-10-22 10:58:49,713 - nvd_autonomous - INFO - Move to: [-35, -3]
2025-10-22 10:58:52,330 - nvd_autonomous - INFO - No one talking
2025-10-22 10:58:53,537 - nvd_autonomous - INFO - Start Talking: 1
2025-10-22 10:58:53,538 - nvd_autonomous - INFO - Move to: [-35, -3]
2025-10-22 10:59:00,575 - nvd_autonomous - INFO - Backchanneling to: [-35, -3]
2025-10-22 10:59:02,988 - nvd_autonomous - INFO - No one talking
2025-10-22 10:59:04,597 - nvd_autonomous - INFO - Start Talking: 1
2025-10-22 10:59:04,598 - nvd_autonomous - INFO - Move to: [-35, -3]
2025-10-22 10:59:11,236 - nvd_autonomous - INFO - Start Talking: 1
2025-10-22 10:59:11,236 - nvd_autonomous - INFO - Move to: [-35, -3]
2025-10-22 10:59:12,041 - nvd_autonomous - INFO - Start Talking: 1
2025-10-22 10:59:12,042 - nvd_autonomous - INFO - Move to: [-35, -3]
2025-10-22 10:59:16,066 - nvd_autonomous - INFO - Robot start talking
2025-10-22 10:59:16,268 - nvd_autonomous - INFO - Start Talking: 1
2025-10-22 10:59:16,269 - nvd_autonomous - INFO - Move to: [-35, -3]
2025-10-22 10:59:17,275 - nvd_autonomous - INFO - No one talking
2025-10-22 10:59:18,483 - nvd_autonomous - INFO - Start Talking: 1
2025-10-22 10:59:18,483 - nvd_autonomous - INFO - Move to: [-35, -3]
2025-10-22 10:59:21,100 - nvd_autonomous - INFO - Start Talking: 0
2025-10-22 10:59:21,101 - nvd_autonomous - INFO - Move to: [-35, -3]
2025-10-22 10:59:21,303 - nvd_autonomous - INFO - Start Talking: 1
2025-10-22 10:59:21,303 - nvd_autonomous - INFO - Move to: [-35, -3]
2025-10-22 10:59:28,342 - nvd_autonomous - INFO - Backchanneling to: [-35, -3]
2025-10-22 10:59:30,153 - nvd_autonomous - INFO - Start Talking: 1
2025-10-22 10:59:30,154 - nvd_autonomous - INFO - Move to: [-35, -3]
2025-10-22 10:59:37,194 - nvd_autonomous - INFO - Backchanneling to: [-35, -3]
2025-10-22 10:59:41,820 - nvd_autonomous - INFO - No one talking
2025-10-22 10:59:42,424 - nvd_autonomous - INFO - Start Talking: 1
2025-10-22 10:59:42,425 - nvd_autonomous - INFO - Move to: [-35, -3]
2025-10-22 10:59:46,048 - nvd_autonomous - INFO - Start Talking: 1
2025-10-22 10:59:46,049 - nvd_autonomous - INFO - Move to: [-35, -3]
2025-10-22 10:59:51,684 - nvd_autonomous - INFO - Start Talking: 0
2025-10-22 10:59:51,685 - nvd_autonomous - INFO - Move to: [-35, -3]
2025-10-22 10:59:52,087 - nvd_autonomous - INFO - No one talking
2025-10-22 10:59:53,294 - nvd_autonomous - INFO - Start Talking: 1
2025-10-22 10:59:53,295 - nvd_autonomous - INFO - Move to: [-35, -3]
2025-10-22 10:59:55,308 - nvd_autonomous - INFO - Start Talking: 1
2025-10-22 10:59:55,309 - nvd_autonomous - INFO - Move to: [-35, -3]
2025-10-22 10:59:57,722 - nvd_autonomous - INFO - No one talking
2025-10-22 10:59:58,526 - nvd_autonomous - INFO - Start Talking: 1
2025-10-22 10:59:58,527 - nvd_autonomous - INFO - Move to: [-35, -3]
2025-10-22 11:00:00,539 - nvd_autonomous - INFO - No one talking
2025-10-22 11:00:02,551 - nvd_autonomous - INFO - Start Talking: 1
2025-10-22 11:00:02,552 - nvd_autonomous - INFO - Move to: [-35, -3]
2025-10-22 11:00:04,563 - nvd_autonomous - INFO - No one talking
2025-10-22 11:00:05,368 - nvd_autonomous - INFO - Start Talking: 1
2025-10-22 11:00:05,369 - nvd_autonomous - INFO - Move to: [-35, -3]
2025-10-22 11:00:12,408 - nvd_autonomous - INFO - Backchanneling to: [-35, -3]
2025-10-22 11:00:17,234 - nvd_autonomous - INFO - Start Talking: 1
2025-10-22 11:00:17,235 - nvd_autonomous - INFO - Move to: [-35, -3]
2025-10-22 11:00:21,459 - nvd_autonomous - INFO - Start Talking: 1
2025-10-22 11:00:21,460 - nvd_autonomous - INFO - Move to: [-35, -3]
2025-10-22 11:00:25,686 - nvd_autonomous - INFO - No one talking
2025-10-22 11:00:25,889 - nvd_autonomous - INFO - Start Talking: 1
2025-10-22 11:00:25,890 - nvd_autonomous - INFO - Move to: [-35, -3]
2025-10-22 11:00:28,306 - nvd_autonomous - INFO - No one talking
2025-10-22 11:00:29,713 - nvd_autonomous - INFO - Start Talking: 1
2025-10-22 11:00:29,714 - nvd_autonomous - INFO - Move to: [-35, -3]
2025-10-22 11:00:30,520 - nvd_autonomous - INFO - No one talking
2025-10-22 11:00:30,923 - nvd_autonomous - INFO - Start Talking: 1
2025-10-22 11:00:30,923 - nvd_autonomous - INFO - Move to: [-35, -3]
2025-10-22 11:00:31,326 - nvd_autonomous - INFO - No one talking
2025-10-22 11:00:31,730 - nvd_autonomous - INFO - Start Talking: 1
2025-10-22 11:00:31,731 - nvd_autonomous - INFO - Move to: [-35, -3]
2025-10-22 11:00:33,744 - nvd_autonomous - INFO - Start Talking: 1
2025-10-22 11:00:33,744 - nvd_autonomous - INFO - Move to: [-35, -3]
2025-10-22 11:00:34,147 - nvd_autonomous - INFO - Start Talking: 1
2025-10-22 11:00:34,148 - nvd_autonomous - INFO - Move to: [-35, -3]
2025-10-22 11:00:34,752 - nvd_autonomous - INFO - No one talking
2025-10-22 11:00:34,954 - nvd_autonomous - INFO - Start Talking: 1
2025-10-22 11:00:34,954 - nvd_autonomous - INFO - Move to: [-35, -3]
2025-10-22 11:00:37,168 - nvd_autonomous - INFO - No one talking
2025-10-22 11:00:38,576 - nvd_autonomous - INFO - Start Talking: 1
2025-10-22 11:00:38,577 - nvd_autonomous - INFO - Move to: [-35, -3]
2025-10-22 11:00:41,393 - nvd_autonomous - INFO - Start Talking: 1
2025-10-22 11:00:41,393 - nvd_autonomous - INFO - Move to: [-35, -3]
2025-10-22 11:00:43,002 - nvd_autonomous - INFO - No one talking
2025-10-22 11:00:43,606 - nvd_autonomous - INFO - Start Talking: 1
2025-10-22 11:00:43,607 - nvd_autonomous - INFO - Move to: [-35, -3]
2025-10-22 11:00:44,010 - nvd_autonomous - INFO - No one talking
2025-10-22 11:00:44,413 - nvd_autonomous - INFO - Start Talking: 1
2025-10-22 11:00:44,413 - nvd_autonomous - INFO - Move to: [-35, -3]
2025-10-22 11:00:44,817 - nvd_autonomous - INFO - No one talking
2025-10-22 11:00:45,824 - nvd_autonomous - INFO - Start Talking: 1
2025-10-22 11:00:45,825 - nvd_autonomous - INFO - Move to: [-35, -3]
2025-10-22 11:00:48,440 - nvd_autonomous - INFO - Start Talking: 1
2025-10-22 11:00:48,440 - nvd_autonomous - INFO - Move to: [-35, -3]
2025-10-22 11:00:49,045 - nvd_autonomous - INFO - No one talking
2025-10-22 11:00:49,449 - nvd_autonomous - INFO - Start Talking: 1
2025-10-22 11:00:49,449 - nvd_autonomous - INFO - Move to: [-35, -3]
2025-10-22 11:00:53,877 - nvd_autonomous - INFO - No one talking
2025-10-22 11:00:54,481 - nvd_autonomous - INFO - Start Talking: 1
2025-10-22 11:00:54,482 - nvd_autonomous - INFO - Move to: [-35, -3]
2025-10-22 11:01:01,525 - nvd_autonomous - INFO - Backchanneling to: [-35, -3]
2025-10-22 11:01:02,733 - nvd_autonomous - INFO - No one talking
2025-10-22 11:01:04,140 - nvd_autonomous - INFO - Start Talking: 1
2025-10-22 11:01:04,141 - nvd_autonomous - INFO - Move to: [-35, -3]
2025-10-22 11:01:07,963 - nvd_autonomous - INFO - Start Talking: 1
2025-10-22 11:01:07,965 - nvd_autonomous - INFO - Move to: [-35, -3]
2025-10-22 11:01:08,367 - nvd_autonomous - INFO - Start Talking: 1
2025-10-22 11:01:08,368 - nvd_autonomous - INFO - Move to: [-35, -3]
2025-10-22 11:01:08,771 - nvd_autonomous - INFO - No one talking
2025-10-22 11:01:10,783 - nvd_autonomous - INFO - Start Talking: 1
2025-10-22 11:01:10,784 - nvd_autonomous - INFO - Move to: [-35, -3]
2025-10-22 11:01:12,194 - nvd_autonomous - INFO - No one talking
2025-10-22 11:01:12,395 - nvd_autonomous - INFO - Start Talking: 1
2025-10-22 11:01:12,395 - nvd_autonomous - INFO - Move to: [-35, -3]
2025-10-22 11:01:12,798 - nvd_autonomous - INFO - Start Talking: 1
2025-10-22 11:01:12,799 - nvd_autonomous - INFO - Move to: [-35, -3]
2025-10-22 11:01:15,417 - nvd_autonomous - INFO - No one talking
2025-10-22 11:01:19,041 - nvd_autonomous - INFO - Robot start talking
2025-10-22 11:01:19,244 - nvd_autonomous - INFO - Robot start talking
2025-10-22 11:01:19,445 - nvd_autonomous - INFO - Robot start talking
2025-10-22 11:01:19,649 - nvd_autonomous - INFO - Robot start talking
2025-10-22 11:01:19,850 - nvd_autonomous - INFO - Robot start talking
2025-10-22 11:01:20,052 - nvd_autonomous - INFO - Robot start talking
2025-10-22 11:01:20,255 - nvd_autonomous - INFO - Robot start talking
2025-10-22 11:01:20,457 - nvd_autonomous - INFO - Robot start talking
2025-10-22 11:01:20,681 - nvd_autonomous - INFO - Robot start talking
2025-10-22 11:01:20,883 - nvd_autonomous - INFO - Robot start talking
2025-10-22 11:01:21,084 - nvd_autonomous - INFO - Robot start talking
2025-10-22 11:01:21,286 - nvd_autonomous - INFO - Robot start talking
2025-10-22 11:01:21,488 - nvd_autonomous - INFO - Robot start talking
2025-10-22 11:01:21,690 - nvd_autonomous - INFO - Robot start talking
2025-10-22 11:01:21,893 - nvd_autonomous - INFO - Start Talking: 0
2025-10-22 11:01:21,894 - nvd_autonomous - INFO - Move to: [-35, -3]
2025-10-22 11:01:22,095 - nvd_autonomous - INFO - Robot start talking
2025-10-22 11:01:22,297 - nvd_autonomous - INFO - Robot start talking
2025-10-22 11:01:22,500 - nvd_autonomous - INFO - Robot start talking
2025-10-22 11:01:22,702 - nvd_autonomous - INFO - Robot start talking
2025-10-22 11:01:22,903 - nvd_autonomous - INFO - Robot start talking
2025-10-22 11:01:23,105 - nvd_autonomous - INFO - Robot start talking
2025-10-22 11:01:23,307 - nvd_autonomous - INFO - Robot start talking
2025-10-22 11:01:23,508 - nvd_autonomous - INFO - Robot start talking
2025-10-22 11:01:23,710 - nvd_autonomous - INFO - Robot start talking
2025-10-22 11:01:23,912 - nvd_autonomous - INFO - Robot start talking
2025-10-22 11:01:24,114 - nvd_autonomous - INFO - Robot start talking
2025-10-22 11:01:24,316 - nvd_autonomous - INFO - Start Talking: 1
2025-10-22 11:01:24,317 - nvd_autonomous - INFO - Move to: [-35, -3]
2025-10-22 11:01:25,727 - nvd_autonomous - INFO - Start Talking: 1
2025-10-22 11:01:25,728 - nvd_autonomous - INFO - Move to: [-35, -3]
2025-10-22 11:01:26,333 - nvd_autonomous - INFO - No one talking
2025-10-22 11:01:26,735 - nvd_autonomous - INFO - Start Talking: 1
2025-10-22 11:01:26,735 - nvd_autonomous - INFO - Move to: [-35, -3]
2025-10-22 11:01:27,540 - nvd_autonomous - INFO - Start Talking: 1
2025-10-22 11:01:27,540 - nvd_autonomous - INFO - Move to: [-35, -3]
2025-10-22 11:01:30,960 - nvd_autonomous - INFO - No one talking
2025-10-22 11:01:31,364 - nvd_autonomous - INFO - Start Talking: 1
2025-10-22 11:01:31,364 - nvd_autonomous - INFO - Move to: [-35, -3]
2025-10-22 11:01:33,779 - nvd_autonomous - INFO - Start Talking: 1
2025-10-22 11:01:33,779 - nvd_autonomous - INFO - Move to: [-35, -3]
2025-10-22 11:01:34,383 - nvd_autonomous - INFO - Start Talking: 1
2025-10-22 11:01:34,384 - nvd_autonomous - INFO - Move to: [-35, -3]
2025-10-22 11:01:36,196 - nvd_autonomous - INFO - Start Talking: 1
2025-10-22 11:01:36,197 - nvd_autonomous - INFO - Move to: [-35, -3]
