2026-01-09 16:28:26,199 - nvd_autonomous - INFO - Autonomous control initialized
2026-01-09 16:28:31,207 - nvd_autonomous - INFO - Move pan to: 35
2026-01-09 16:28:31,207 - nvd_autonomous - INFO - Move tilt to: -3
2026-01-09 16:28:31,211 - nvd_autonomous - INFO - Start Talking: 0
2026-01-09 16:28:31,211 - nvd_autonomous - INFO - Move to: [-35, -3]
2026-01-09 16:28:34,629 - nvd_autonomous - INFO - Move pan to: -35
2026-01-09 16:28:34,629 - nvd_autonomous - INFO - Move tilt to: -3
2026-01-09 16:28:34,629 - nvd_autonomous - INFO - Start Talking: 0
2026-01-09 16:28:34,629 - nvd_autonomous - INFO - Move to: [-35, -3]
2026-01-09 16:28:37,243 - nvd_autonomous - INFO - No one talking
2026-01-09 16:28:37,846 - nvd_autonomous - INFO - Start Talking: 0
2026-01-09 16:28:37,846 - nvd_autonomous - INFO - Move to: [-35, -3]
2026-01-09 16:28:40,661 - nvd_autonomous - INFO - No one talking
2026-01-09 16:28:41,064 - nvd_autonomous - INFO - Move pan to: 0
2026-01-09 16:28:41,064 - nvd_autonomous - INFO - Move tilt to: -3
2026-01-09 16:28:43,074 - nvd_autonomous - INFO - Start Talking: 0
2026-01-09 16:28:43,075 - nvd_autonomous - INFO - Move to: [-35, -3]
2026-01-09 16:28:45,288 - nvd_autonomous - INFO - No one talking
2026-01-09 16:28:46,092 - nvd_autonomous - INFO - Start Talking: 0
2026-01-09 16:28:46,092 - nvd_autonomous - INFO - Move to: [-35, -3]
2026-01-09 16:28:46,896 - nvd_autonomous - INFO - Start Talking: 1
2026-01-09 16:28:46,896 - nvd_autonomous - INFO - Move to: [-35, -3]
2026-01-09 16:28:47,298 - nvd_autonomous - INFO - No one talking
2026-01-09 16:28:55,137 - nvd_autonomous - INFO - Robot start talking
2026-01-09 16:28:55,339 - nvd_autonomous - INFO - Robot start talking
2026-01-09 16:28:55,540 - nvd_autonomous - INFO - Robot start talking
2026-01-09 16:28:55,741 - nvd_autonomous - INFO - Robot start talking
2026-01-09 16:28:55,942 - nvd_autonomous - INFO - Robot start talking
2026-01-09 16:28:56,344 - nvd_autonomous - INFO - No one talking
2026-01-09 16:28:56,947 - nvd_autonomous - INFO - Robot start talking
2026-01-09 16:28:57,149 - nvd_autonomous - INFO - Robot start talking
2026-01-09 16:28:57,350 - nvd_autonomous - INFO - Robot start talking
2026-01-09 16:28:57,551 - nvd_autonomous - INFO - Robot start talking
2026-01-09 16:28:57,752 - nvd_autonomous - INFO - Robot start talking
2026-01-09 16:28:57,953 - nvd_autonomous - INFO - Robot start talking
2026-01-09 16:28:58,154 - nvd_autonomous - INFO - Robot start talking
2026-01-09 16:28:58,355 - nvd_autonomous - INFO - Robot start talking
2026-01-09 16:28:58,557 - nvd_autonomous - INFO - Robot start talking
2026-01-09 16:28:58,758 - nvd_autonomous - INFO - Robot start talking
2026-01-09 16:28:58,960 - nvd_autonomous - INFO - Robot start talking
2026-01-09 16:28:59,161 - nvd_autonomous - INFO - Robot start talking
2026-01-09 16:28:59,362 - nvd_autonomous - INFO - Robot start talking
2026-01-09 16:28:59,765 - nvd_autonomous - INFO - Robot start talking
2026-01-09 16:28:59,966 - nvd_autonomous - INFO - Robot start talking
2026-01-09 16:29:00,167 - nvd_autonomous - INFO - Robot start talking
2026-01-09 16:29:00,368 - nvd_autonomous - INFO - Robot start talking
2026-01-09 16:29:00,569 - nvd_autonomous - INFO - Robot start talking
2026-01-09 16:29:00,770 - nvd_autonomous - INFO - Robot start talking
2026-01-09 16:29:00,971 - nvd_autonomous - INFO - Robot start talking
2026-01-09 16:29:01,173 - nvd_autonomous - INFO - Robot start talking
2026-01-09 16:29:01,374 - nvd_autonomous - INFO - Robot start talking
2026-01-09 16:29:01,576 - nvd_autonomous - INFO - Robot start talking
2026-01-09 16:29:01,778 - nvd_autonomous - INFO - Robot start talking
2026-01-09 16:29:01,979 - nvd_autonomous - INFO - Robot start talking
2026-01-09 16:29:02,179 - nvd_autonomous - INFO - Move pan to: 35
2026-01-09 16:29:02,179 - nvd_autonomous - INFO - Move tilt to: -3
2026-01-09 16:29:02,180 - nvd_autonomous - INFO - Robot start talking
2026-01-09 16:29:02,381 - nvd_autonomous - INFO - Robot start talking
2026-01-09 16:29:02,583 - nvd_autonomous - INFO - Robot start talking
2026-01-09 16:29:02,785 - nvd_autonomous - INFO - Robot start talking
2026-01-09 16:29:02,986 - nvd_autonomous - INFO - Robot start talking
2026-01-09 16:29:03,187 - nvd_autonomous - INFO - Robot start talking
2026-01-09 16:29:03,389 - nvd_autonomous - INFO - Robot start talking
2026-01-09 16:29:03,590 - nvd_autonomous - INFO - Robot start talking
2026-01-09 16:29:03,794 - nvd_autonomous - INFO - Robot start talking
2026-01-09 16:29:03,995 - nvd_autonomous - INFO - Robot start talking
2026-01-09 16:29:04,196 - nvd_autonomous - INFO - Robot start talking
2026-01-09 16:29:04,397 - nvd_autonomous - INFO - Robot start talking
2026-01-09 16:29:04,598 - nvd_autonomous - INFO - Robot start talking
2026-01-09 16:29:04,799 - nvd_autonomous - INFO - Robot start talking
2026-01-09 16:29:05,000 - nvd_autonomous - INFO - Robot start talking
2026-01-09 16:29:05,201 - nvd_autonomous - INFO - Robot start talking
2026-01-09 16:29:05,403 - nvd_autonomous - INFO - Robot start talking
2026-01-09 16:29:05,604 - nvd_autonomous - INFO - Robot start talking
2026-01-09 16:29:05,805 - nvd_autonomous - INFO - Robot start talking
2026-01-09 16:29:06,006 - nvd_autonomous - INFO - Start Talking: 3
2026-01-09 16:29:06,006 - nvd_autonomous - INFO - Move to: [35, -3]
2026-01-09 16:29:06,207 - nvd_autonomous - INFO - Robot start talking
2026-01-09 16:29:06,408 - nvd_autonomous - INFO - Robot start talking
2026-01-09 16:29:06,609 - nvd_autonomous - INFO - Robot start talking
2026-01-09 16:29:06,810 - nvd_autonomous - INFO - Robot start talking
2026-01-09 16:29:07,011 - nvd_autonomous - INFO - Robot start talking
2026-01-09 16:29:07,212 - nvd_autonomous - INFO - Robot start talking
2026-01-09 16:29:07,413 - nvd_autonomous - INFO - Robot start talking
2026-01-09 16:29:07,615 - nvd_autonomous - INFO - Robot start talking
2026-01-09 16:29:07,816 - nvd_autonomous - INFO - Robot start talking
2026-01-09 16:29:08,218 - nvd_autonomous - INFO - No one talking
2026-01-09 16:29:09,425 - nvd_autonomous - INFO - Start Talking: 0
2026-01-09 16:29:09,425 - nvd_autonomous - INFO - Move to: [-35, -3]
2026-01-09 16:29:10,028 - nvd_autonomous - INFO - Start Talking: 0
2026-01-09 16:29:10,028 - nvd_autonomous - INFO - Move to: [-35, -3]
2026-01-09 16:29:12,441 - nvd_autonomous - INFO - Start Talking: 0
2026-01-09 16:29:12,441 - nvd_autonomous - INFO - Move to: [-35, -3]
2026-01-09 16:29:14,652 - nvd_autonomous - INFO - No one talking
2026-01-09 16:29:16,467 - nvd_autonomous - INFO - Start Talking: 0
2026-01-09 16:29:16,467 - nvd_autonomous - INFO - Move to: [-35, -3]
2026-01-09 16:29:16,870 - nvd_autonomous - INFO - Start Talking: 0
2026-01-09 16:29:16,870 - nvd_autonomous - INFO - Move to: [-35, -3]
2026-01-09 16:29:19,482 - nvd_autonomous - INFO - No one talking
2026-01-09 16:29:19,684 - nvd_autonomous - INFO - Start Talking: 0
2026-01-09 16:29:19,684 - nvd_autonomous - INFO - Move to: [-35, -3]
2026-01-09 16:29:20,890 - nvd_autonomous - INFO - Move pan to: 35
2026-01-09 16:29:20,890 - nvd_autonomous - INFO - Move tilt to: -3
2026-01-09 16:29:22,098 - nvd_autonomous - INFO - No one talking
2026-01-09 16:29:23,707 - nvd_autonomous - INFO - Move pan to: 35
2026-01-09 16:29:23,707 - nvd_autonomous - INFO - Move tilt to: -3
2026-01-09 16:29:24,713 - nvd_autonomous - INFO - Start Talking: 3
2026-01-09 16:29:24,713 - nvd_autonomous - INFO - Move to: [35, -3]
2026-01-09 16:29:25,919 - nvd_autonomous - INFO - No one talking
2026-01-09 16:29:45,417 - nvd_autonomous - INFO - Start Talking: 3
2026-01-09 16:29:45,417 - nvd_autonomous - INFO - Move to: [35, -3]
2026-01-09 16:29:48,034 - nvd_autonomous - INFO - No one talking
2026-01-09 16:29:48,839 - nvd_autonomous - INFO - Start Talking: 3
2026-01-09 16:29:48,839 - nvd_autonomous - INFO - Move to: [35, -3]
2026-01-09 16:29:50,447 - nvd_autonomous - INFO - Start Talking: 3
2026-01-09 16:29:50,448 - nvd_autonomous - INFO - Move to: [35, -3]
2026-01-09 16:29:51,050 - nvd_autonomous - INFO - No one talking
2026-01-09 16:30:01,303 - nvd_autonomous - INFO - Start Talking: 0
2026-01-09 16:30:01,303 - nvd_autonomous - INFO - Move to: [-35, -3]
2026-01-09 16:30:03,313 - nvd_autonomous - INFO - No one talking
2026-01-09 16:30:05,725 - nvd_autonomous - INFO - Start Talking: 3
2026-01-09 16:30:05,726 - nvd_autonomous - INFO - Move to: [35, -3]
2026-01-09 16:30:06,731 - nvd_autonomous - INFO - Move pan to: 35
2026-01-09 16:30:06,731 - nvd_autonomous - INFO - Move tilt to: -3
2026-01-09 16:30:09,746 - nvd_autonomous - INFO - No one talking
2026-01-09 16:30:10,349 - nvd_autonomous - INFO - Start Talking: 3
2026-01-09 16:30:10,349 - nvd_autonomous - INFO - Move to: [35, -3]
2026-01-09 16:30:10,550 - nvd_autonomous - INFO - Move pan to: 35
2026-01-09 16:30:10,550 - nvd_autonomous - INFO - Move tilt to: -3
2026-01-09 16:30:13,163 - nvd_autonomous - INFO - No one talking
2026-01-09 16:30:16,983 - nvd_autonomous - INFO - Start Talking: 3
2026-01-09 16:30:16,984 - nvd_autonomous - INFO - Move to: [35, -3]
2026-01-09 16:30:17,788 - nvd_autonomous - INFO - No one talking
2026-01-09 16:30:24,021 - nvd_autonomous - INFO - Start Talking: 3
2026-01-09 16:30:24,021 - nvd_autonomous - INFO - Move to: [35, -3]
2026-01-09 16:30:24,826 - nvd_autonomous - INFO - Start Talking: 3
2026-01-09 16:30:24,826 - nvd_autonomous - INFO - Move to: [35, -3]
2026-01-09 16:30:26,235 - nvd_autonomous - INFO - No one talking
2026-01-09 16:30:27,440 - nvd_autonomous - INFO - Start Talking: 3
2026-01-09 16:30:27,440 - nvd_autonomous - INFO - Move to: [35, -3]
2026-01-09 16:30:28,445 - nvd_autonomous - INFO - No one talking
2026-01-09 16:30:30,456 - nvd_autonomous - INFO - Start Talking: 3
2026-01-09 16:30:30,456 - nvd_autonomous - INFO - Move to: [35, -3]
2026-01-09 16:30:37,492 - nvd_autonomous - INFO - No one talking
2026-01-09 16:30:37,693 - nvd_autonomous - INFO - Start Talking: 3
2026-01-09 16:30:37,694 - nvd_autonomous - INFO - Move to: [35, -3]
2026-01-09 16:30:38,096 - nvd_autonomous - INFO - No one talking
2026-01-09 16:30:39,704 - nvd_autonomous - INFO - Start Talking: 3
2026-01-09 16:30:39,704 - nvd_autonomous - INFO - Move to: [35, -3]
2026-01-09 16:30:40,308 - nvd_autonomous - INFO - Start Talking: 3
2026-01-09 16:30:40,308 - nvd_autonomous - INFO - Move to: [35, -3]
2026-01-09 16:30:40,710 - nvd_autonomous - INFO - Start Talking: 3
2026-01-09 16:30:40,710 - nvd_autonomous - INFO - Move to: [35, -3]
2026-01-09 16:30:42,121 - nvd_autonomous - INFO - No one talking
2026-01-09 16:30:44,331 - nvd_autonomous - INFO - Start Talking: 3
2026-01-09 16:30:44,331 - nvd_autonomous - INFO - Move to: [35, -3]
2026-01-09 16:30:47,550 - nvd_autonomous - INFO - No one talking
2026-01-09 16:30:48,354 - nvd_autonomous - INFO - Start Talking: 3
2026-01-09 16:30:48,355 - nvd_autonomous - INFO - Move to: [35, -3]
2026-01-09 16:30:50,767 - nvd_autonomous - INFO - No one talking
2026-01-09 16:30:51,169 - nvd_autonomous - INFO - Start Talking: 3
2026-01-09 16:30:51,169 - nvd_autonomous - INFO - Move to: [35, -3]
2026-01-09 16:30:51,571 - nvd_autonomous - INFO - No one talking
2026-01-09 16:30:55,995 - nvd_autonomous - INFO - Start Talking: 0
2026-01-09 16:30:55,995 - nvd_autonomous - INFO - Move to: [-35, -3]
2026-01-09 16:30:56,196 - nvd_autonomous - INFO - Move pan to: -35
2026-01-09 16:30:56,196 - nvd_autonomous - INFO - Move tilt to: -3
2026-01-09 16:30:56,398 - nvd_autonomous - INFO - No one talking
2026-01-09 16:30:57,405 - nvd_autonomous - INFO - Start Talking: 0
2026-01-09 16:30:57,405 - nvd_autonomous - INFO - Move to: [-35, -3]
2026-01-09 16:30:57,807 - nvd_autonomous - INFO - Move pan to: -35
2026-01-09 16:30:57,807 - nvd_autonomous - INFO - Move tilt to: -3
2026-01-09 16:30:57,808 - nvd_autonomous - INFO - Start Talking: 0
2026-01-09 16:30:57,808 - nvd_autonomous - INFO - Move to: [-35, -3]
2026-01-09 16:30:58,210 - nvd_autonomous - INFO - No one talking
2026-01-09 16:30:58,413 - nvd_autonomous - INFO - Start Talking: 0
2026-01-09 16:30:58,413 - nvd_autonomous - INFO - Move to: [-35, -3]
2026-01-09 16:30:58,816 - nvd_autonomous - INFO - Start Talking: 0
2026-01-09 16:30:58,816 - nvd_autonomous - INFO - Move to: [-35, -3]
2026-01-09 16:31:02,033 - nvd_autonomous - INFO - Start Talking: 1
2026-01-09 16:31:02,034 - nvd_autonomous - INFO - Move to: [-35, -3]
2026-01-09 16:31:06,656 - nvd_autonomous - INFO - No one talking
2026-01-09 16:31:07,862 - nvd_autonomous - INFO - Start Talking: 1
2026-01-09 16:31:07,862 - nvd_autonomous - INFO - Move to: [-35, -3]
2026-01-09 16:31:08,265 - nvd_autonomous - INFO - No one talking
2026-01-09 16:31:09,673 - nvd_autonomous - INFO - Start Talking: 1
2026-01-09 16:31:09,673 - nvd_autonomous - INFO - Move to: [-35, -3]
2026-01-09 16:31:11,482 - nvd_autonomous - INFO - No one talking
2026-01-09 16:31:15,101 - nvd_autonomous - INFO - Start Talking: 1
2026-01-09 16:31:15,102 - nvd_autonomous - INFO - Move to: [-35, -3]
2026-01-09 16:31:15,504 - nvd_autonomous - INFO - No one talking
2026-01-09 16:31:17,112 - nvd_autonomous - INFO - Start Talking: 1
2026-01-09 16:31:17,112 - nvd_autonomous - INFO - Move to: [-35, -3]
2026-01-09 16:31:17,916 - nvd_autonomous - INFO - No one talking
2026-01-09 16:31:20,328 - nvd_autonomous - INFO - Start Talking: 1
2026-01-09 16:31:20,328 - nvd_autonomous - INFO - Move to: [-35, -3]
2026-01-09 16:31:20,731 - nvd_autonomous - INFO - Start Talking: 1
2026-01-09 16:31:20,731 - nvd_autonomous - INFO - Move to: [-35, -3]
2026-01-09 16:31:21,535 - nvd_autonomous - INFO - No one talking
2026-01-09 16:31:25,756 - nvd_autonomous - INFO - Start Talking: 1
2026-01-09 16:31:25,756 - nvd_autonomous - INFO - Move to: [-35, -3]
2026-01-09 16:31:26,159 - nvd_autonomous - INFO - No one talking
2026-01-09 16:31:30,380 - nvd_autonomous - INFO - Start Talking: 1
2026-01-09 16:31:30,381 - nvd_autonomous - INFO - Move to: [-35, -3]
2026-01-09 16:31:30,783 - nvd_autonomous - INFO - No one talking
2026-01-09 16:31:31,185 - nvd_autonomous - INFO - Start Talking: 1
2026-01-09 16:31:31,185 - nvd_autonomous - INFO - Move to: [-35, -3]
2026-01-09 16:31:31,587 - nvd_autonomous - INFO - No one talking
2026-01-09 16:31:33,195 - nvd_autonomous - INFO - Start Talking: 1
2026-01-09 16:31:33,195 - nvd_autonomous - INFO - Move to: [-35, -3]
2026-01-09 16:31:34,805 - nvd_autonomous - INFO - No one talking
2026-01-09 16:31:37,820 - nvd_autonomous - INFO - Start Talking: 1
2026-01-09 16:31:37,821 - nvd_autonomous - INFO - Move to: [-35, -3]
2026-01-09 16:31:39,229 - nvd_autonomous - INFO - Start Talking: 1
2026-01-09 16:31:39,229 - nvd_autonomous - INFO - Move to: [-35, -3]
2026-01-09 16:31:39,631 - nvd_autonomous - INFO - No one talking
2026-01-09 16:31:44,455 - nvd_autonomous - INFO - Start Talking: 1
2026-01-09 16:31:44,455 - nvd_autonomous - INFO - Move to: [-35, -3]
2026-01-09 16:31:44,858 - nvd_autonomous - INFO - Start Talking: 1
2026-01-09 16:31:44,858 - nvd_autonomous - INFO - Move to: [-35, -3]
2026-01-09 16:31:45,863 - nvd_autonomous - INFO - No one talking
2026-01-09 16:31:48,678 - nvd_autonomous - INFO - Start Talking: 1
2026-01-09 16:31:48,679 - nvd_autonomous - INFO - Move to: [-35, -3]
2026-01-09 16:31:49,081 - nvd_autonomous - INFO - Start Talking: 1
2026-01-09 16:31:49,081 - nvd_autonomous - INFO - Move to: [-35, -3]
2026-01-09 16:31:49,684 - nvd_autonomous - INFO - No one talking
2026-01-09 16:31:52,901 - nvd_autonomous - INFO - Start Talking: 1
2026-01-09 16:31:52,902 - nvd_autonomous - INFO - Move to: [-35, -3]
2026-01-09 16:31:55,716 - nvd_autonomous - INFO - No one talking
2026-01-09 16:31:56,721 - nvd_autonomous - INFO - Start Talking: 1
2026-01-09 16:31:56,721 - nvd_autonomous - INFO - Move to: [-35, -3]
2026-01-09 16:31:59,736 - nvd_autonomous - INFO - Start Talking: 1
2026-01-09 16:31:59,737 - nvd_autonomous - INFO - Move to: [-35, -3]
2026-01-09 16:32:03,557 - nvd_autonomous - INFO - No one talking
2026-01-09 16:32:04,762 - nvd_autonomous - INFO - Start Talking: 1
2026-01-09 16:32:04,762 - nvd_autonomous - INFO - Move to: [-35, -3]
2026-01-09 16:32:05,166 - nvd_autonomous - INFO - No one talking
2026-01-09 16:32:05,769 - nvd_autonomous - INFO - Start Talking: 1
2026-01-09 16:32:05,769 - nvd_autonomous - INFO - Move to: [-35, -3]
2026-01-09 16:32:07,783 - nvd_autonomous - INFO - No one talking
2026-01-09 16:32:09,793 - nvd_autonomous - INFO - Start Talking: 1
2026-01-09 16:32:09,794 - nvd_autonomous - INFO - Move to: [-35, -3]
2026-01-09 16:32:10,598 - nvd_autonomous - INFO - No one talking
2026-01-09 16:32:12,608 - nvd_autonomous - INFO - Start Talking: 1
2026-01-09 16:32:12,608 - nvd_autonomous - INFO - Move to: [-35, -3]
2026-01-09 16:32:13,814 - nvd_autonomous - INFO - No one talking
2026-01-09 16:32:14,216 - nvd_autonomous - INFO - Start Talking: 1
2026-01-09 16:32:14,216 - nvd_autonomous - INFO - Move to: [-35, -3]
2026-01-09 16:32:18,036 - nvd_autonomous - INFO - Start Talking: 1
2026-01-09 16:32:18,036 - nvd_autonomous - INFO - Move to: [-35, -3]
2026-01-09 16:32:20,048 - nvd_autonomous - INFO - No one talking
2026-01-09 16:32:22,259 - nvd_autonomous - INFO - Start Talking: 1
2026-01-09 16:32:22,259 - nvd_autonomous - INFO - Move to: [-35, -3]
2026-01-09 16:32:26,481 - nvd_autonomous - INFO - No one talking
2026-01-09 16:32:27,285 - nvd_autonomous - INFO - Start Talking: 1
2026-01-09 16:32:27,285 - nvd_autonomous - INFO - Move to: [-35, -3]
2026-01-09 16:32:29,698 - nvd_autonomous - INFO - No one talking
2026-01-09 16:32:31,708 - nvd_autonomous - INFO - Start Talking: 1
2026-01-09 16:32:31,708 - nvd_autonomous - INFO - Move to: [-35, -3]
2026-01-09 16:32:33,114 - nvd_autonomous - INFO - No one talking
2026-01-09 16:32:36,934 - nvd_autonomous - INFO - Start Talking: 3
2026-01-09 16:32:36,934 - nvd_autonomous - INFO - Move to: [35, -3]
2026-01-09 16:32:37,939 - nvd_autonomous - INFO - Start Talking: 1
2026-01-09 16:32:37,939 - nvd_autonomous - INFO - Move to: [-35, -3]
2026-01-09 16:32:38,341 - nvd_autonomous - INFO - No one talking
2026-01-09 16:32:39,549 - nvd_autonomous - INFO - Start Talking: 1
2026-01-09 16:32:39,549 - nvd_autonomous - INFO - Move to: [-35, -3]
2026-01-09 16:32:40,956 - nvd_autonomous - INFO - No one talking
2026-01-09 16:32:41,359 - nvd_autonomous - INFO - Move pan to: -35
2026-01-09 16:32:41,359 - nvd_autonomous - INFO - Move tilt to: -3
2026-01-09 16:32:41,963 - nvd_autonomous - INFO - Start Talking: 1
2026-01-09 16:32:41,963 - nvd_autonomous - INFO - Move to: [-35, -3]
2026-01-09 16:32:43,571 - nvd_autonomous - INFO - No one talking
2026-01-09 16:32:43,772 - nvd_autonomous - INFO - Start Talking: 1
2026-01-09 16:32:43,773 - nvd_autonomous - INFO - Move to: [-35, -3]
2026-01-09 16:32:44,376 - nvd_autonomous - INFO - Start Talking: 1
2026-01-09 16:32:44,376 - nvd_autonomous - INFO - Move to: [-35, -3]
2026-01-09 16:32:45,985 - nvd_autonomous - INFO - Start Talking: 1
2026-01-09 16:32:45,985 - nvd_autonomous - INFO - Move to: [-35, -3]
2026-01-09 16:32:50,005 - nvd_autonomous - INFO - No one talking
2026-01-09 16:32:51,010 - nvd_autonomous - INFO - Start Talking: 3
2026-01-09 16:32:51,010 - nvd_autonomous - INFO - Move to: [35, -3]
2026-01-09 16:32:51,814 - nvd_autonomous - INFO - No one talking
2026-01-09 16:33:00,256 - nvd_autonomous - INFO - Start Talking: 3
2026-01-09 16:33:00,257 - nvd_autonomous - INFO - Move to: [35, -3]
2026-01-09 16:33:00,660 - nvd_autonomous - INFO - No one talking
2026-01-09 16:33:08,099 - nvd_autonomous - INFO - Start Talking: 3
2026-01-09 16:33:08,100 - nvd_autonomous - INFO - Move to: [35, -3]
2026-01-09 16:33:09,507 - nvd_autonomous - INFO - No one talking
2026-01-09 16:33:10,913 - nvd_autonomous - INFO - Start Talking: 3
2026-01-09 16:33:10,914 - nvd_autonomous - INFO - Move to: [35, -3]
2026-01-09 16:33:11,316 - nvd_autonomous - INFO - No one talking
2026-01-09 16:33:16,343 - nvd_autonomous - INFO - Start Talking: 3
2026-01-09 16:33:16,344 - nvd_autonomous - INFO - Move to: [35, -3]
2026-01-09 16:33:17,148 - nvd_autonomous - INFO - No one talking
2026-01-09 16:33:20,766 - nvd_autonomous - INFO - Start Talking: 3
2026-01-09 16:33:20,767 - nvd_autonomous - INFO - Move to: [35, -3]
2026-01-09 16:33:22,576 - nvd_autonomous - INFO - No one talking
2026-01-09 16:33:22,777 - nvd_autonomous - INFO - Start Talking: 3
2026-01-09 16:33:22,777 - nvd_autonomous - INFO - Move to: [35, -3]
2026-01-09 16:33:23,179 - nvd_autonomous - INFO - Start Talking: 3
2026-01-09 16:33:23,180 - nvd_autonomous - INFO - Move to: [35, -3]
2026-01-09 16:33:23,582 - nvd_autonomous - INFO - No one talking
2026-01-09 16:33:24,185 - nvd_autonomous - INFO - Start Talking: 3
2026-01-09 16:33:24,186 - nvd_autonomous - INFO - Move to: [35, -3]
2026-01-09 16:33:24,588 - nvd_autonomous - INFO - No one talking
2026-01-09 16:33:25,795 - nvd_autonomous - INFO - Start Talking: 3
2026-01-09 16:33:25,795 - nvd_autonomous - INFO - Move to: [35, -3]
2026-01-09 16:33:26,801 - nvd_autonomous - INFO - No one talking
2026-01-09 16:33:27,806 - nvd_autonomous - INFO - Start Talking: 3
2026-01-09 16:33:27,806 - nvd_autonomous - INFO - Move to: [35, -3]
2026-01-09 16:33:30,218 - nvd_autonomous - INFO - Start Talking: 3
2026-01-09 16:33:30,218 - nvd_autonomous - INFO - Move to: [35, -3]
2026-01-09 16:33:32,229 - nvd_autonomous - INFO - No one talking
2026-01-09 16:33:34,239 - nvd_autonomous - INFO - Start Talking: 3
2026-01-09 16:33:34,239 - nvd_autonomous - INFO - Move to: [35, -3]
2026-01-09 16:33:40,875 - nvd_autonomous - INFO - No one talking
2026-01-09 16:33:42,684 - nvd_autonomous - INFO - Start Talking: 3
2026-01-09 16:33:42,684 - nvd_autonomous - INFO - Move to: [35, -3]
2026-01-09 16:33:43,488 - nvd_autonomous - INFO - Start Talking: 3
2026-01-09 16:33:43,488 - nvd_autonomous - INFO - Move to: [35, -3]
2026-01-09 16:33:44,091 - nvd_autonomous - INFO - No one talking
2026-01-09 16:33:45,297 - nvd_autonomous - INFO - Start Talking: 3
2026-01-09 16:33:45,298 - nvd_autonomous - INFO - Move to: [35, -3]
2026-01-09 16:33:46,101 - nvd_autonomous - INFO - No one talking
2026-01-09 16:33:51,729 - nvd_autonomous - INFO - Start Talking: 3
2026-01-09 16:33:51,729 - nvd_autonomous - INFO - Move to: [35, -3]
2026-01-09 16:33:52,936 - nvd_autonomous - INFO - Start Talking: 0
2026-01-09 16:33:52,936 - nvd_autonomous - INFO - Move to: [-35, -3]
2026-01-09 16:33:54,544 - nvd_autonomous - INFO - Start Talking: 1
2026-01-09 16:33:54,544 - nvd_autonomous - INFO - Move to: [-35, -3]
2026-01-09 16:33:55,147 - nvd_autonomous - INFO - Start Talking: 0
2026-01-09 16:33:55,147 - nvd_autonomous - INFO - Move to: [-35, -3]
2026-01-09 16:33:55,549 - nvd_autonomous - INFO - Start Talking: 1
2026-01-09 16:33:55,549 - nvd_autonomous - INFO - Move to: [-35, -3]
2026-01-09 16:33:55,751 - nvd_autonomous - INFO - Start Talking: 0
2026-01-09 16:33:55,752 - nvd_autonomous - INFO - Move to: [-35, -3]
2026-01-09 16:33:55,953 - nvd_autonomous - INFO - Start Talking: 1
2026-01-09 16:33:55,954 - nvd_autonomous - INFO - Move to: [-35, -3]
2026-01-09 16:33:59,572 - nvd_autonomous - INFO - No one talking
2026-01-09 16:33:59,773 - nvd_autonomous - INFO - Start Talking: 1
2026-01-09 16:33:59,773 - nvd_autonomous - INFO - Move to: [-35, -3]
2026-01-09 16:34:00,577 - nvd_autonomous - INFO - No one talking
2026-01-09 16:34:00,780 - nvd_autonomous - INFO - Start Talking: 1
2026-01-09 16:34:00,780 - nvd_autonomous - INFO - Move to: [-35, -3]
2026-01-09 16:34:01,584 - nvd_autonomous - INFO - No one talking
2026-01-09 16:34:01,785 - nvd_autonomous - INFO - Start Talking: 1
2026-01-09 16:34:01,785 - nvd_autonomous - INFO - Move to: [-35, -3]
2026-01-09 16:34:05,203 - nvd_autonomous - INFO - No one talking
2026-01-09 16:34:06,208 - nvd_autonomous - INFO - Start Talking: 1
2026-01-09 16:34:06,208 - nvd_autonomous - INFO - Move to: [-35, -3]
2026-01-09 16:34:10,228 - nvd_autonomous - INFO - No one talking
2026-01-09 16:34:10,831 - nvd_autonomous - INFO - Start Talking: 1
2026-01-09 16:34:10,831 - nvd_autonomous - INFO - Move to: [-35, -3]
2026-01-09 16:34:12,440 - nvd_autonomous - INFO - No one talking
2026-01-09 16:34:14,249 - nvd_autonomous - INFO - Start Talking: 1
2026-01-09 16:34:14,249 - nvd_autonomous - INFO - Move to: [-35, -3]
2026-01-09 16:34:17,465 - nvd_autonomous - INFO - No one talking
2026-01-09 16:34:18,470 - nvd_autonomous - INFO - Start Talking: 1
2026-01-09 16:34:18,471 - nvd_autonomous - INFO - Move to: [-35, -3]
2026-01-09 16:34:18,873 - nvd_autonomous - INFO - Start Talking: 1
2026-01-09 16:34:18,873 - nvd_autonomous - INFO - Move to: [-35, -3]
2026-01-09 16:34:21,485 - nvd_autonomous - INFO - No one talking
2026-01-09 16:34:24,098 - nvd_autonomous - INFO - Start Talking: 3
2026-01-09 16:34:24,098 - nvd_autonomous - INFO - Move to: [35, -3]
2026-01-09 16:34:24,500 - nvd_autonomous - INFO - Start Talking: 3
2026-01-09 16:34:24,500 - nvd_autonomous - INFO - Move to: [35, -3]
2026-01-09 16:34:24,903 - nvd_autonomous - INFO - Start Talking: 1
2026-01-09 16:34:24,904 - nvd_autonomous - INFO - Move to: [-35, -3]
2026-01-09 16:34:28,121 - nvd_autonomous - INFO - Start Talking: 0
2026-01-09 16:34:28,121 - nvd_autonomous - INFO - Move to: [-35, -3]
2026-01-09 16:34:29,126 - nvd_autonomous - INFO - No one talking
2026-01-09 16:34:30,533 - nvd_autonomous - INFO - Start Talking: 0
2026-01-09 16:34:30,534 - nvd_autonomous - INFO - Move to: [-35, -3]
2026-01-09 16:34:30,936 - nvd_autonomous - INFO - No one talking
2026-01-09 16:34:33,147 - nvd_autonomous - INFO - Start Talking: 3
2026-01-09 16:34:33,147 - nvd_autonomous - INFO - Move to: [35, -3]
2026-01-09 16:34:33,549 - nvd_autonomous - INFO - No one talking
2026-01-09 16:34:34,755 - nvd_autonomous - INFO - Start Talking: 3
2026-01-09 16:34:34,755 - nvd_autonomous - INFO - Move to: [35, -3]
2026-01-09 16:34:35,157 - nvd_autonomous - INFO - No one talking
2026-01-09 16:34:40,384 - nvd_autonomous - INFO - Start Talking: 3
2026-01-09 16:34:40,385 - nvd_autonomous - INFO - Move to: [35, -3]
2026-01-09 16:34:41,993 - nvd_autonomous - INFO - Start Talking: 3
2026-01-09 16:34:41,993 - nvd_autonomous - INFO - Move to: [35, -3]
2026-01-09 16:34:42,998 - nvd_autonomous - INFO - No one talking
2026-01-09 16:34:55,060 - nvd_autonomous - INFO - Start Talking: 3
2026-01-09 16:34:55,060 - nvd_autonomous - INFO - Move to: [35, -3]
2026-01-09 16:34:57,875 - nvd_autonomous - INFO - Start Talking: 3
2026-01-09 16:34:57,875 - nvd_autonomous - INFO - Move to: [35, -3]
2026-01-09 16:34:58,280 - nvd_autonomous - INFO - Start Talking: 3
2026-01-09 16:34:58,280 - nvd_autonomous - INFO - Move to: [35, -3]
2026-01-09 16:34:59,890 - nvd_autonomous - INFO - Start Talking: 3
2026-01-09 16:34:59,890 - nvd_autonomous - INFO - Move to: [35, -3]
2026-01-09 16:35:01,700 - nvd_autonomous - INFO - No one talking
2026-01-09 16:35:02,102 - nvd_autonomous - INFO - Start Talking: 3
2026-01-09 16:35:02,102 - nvd_autonomous - INFO - Move to: [35, -3]
2026-01-09 16:35:02,906 - nvd_autonomous - INFO - No one talking
2026-01-09 16:35:03,509 - nvd_autonomous - INFO - Start Talking: 3
2026-01-09 16:35:03,509 - nvd_autonomous - INFO - Move to: [35, -3]
2026-01-09 16:35:04,916 - nvd_autonomous - INFO - No one talking
2026-01-09 16:35:05,921 - nvd_autonomous - INFO - Start Talking: 3
2026-01-09 16:35:05,922 - nvd_autonomous - INFO - Move to: [35, -3]
2026-01-09 16:35:07,530 - nvd_autonomous - INFO - Start Talking: 1
2026-01-09 16:35:07,530 - nvd_autonomous - INFO - Move to: [-35, -3]
2026-01-09 16:35:08,937 - nvd_autonomous - INFO - Start Talking: 3
2026-01-09 16:35:08,937 - nvd_autonomous - INFO - Move to: [35, -3]
2026-01-09 16:35:09,138 - nvd_autonomous - INFO - Start Talking: 1
2026-01-09 16:35:09,138 - nvd_autonomous - INFO - Move to: [-35, -3]
2026-01-09 16:35:09,540 - nvd_autonomous - INFO - Start Talking: 3
2026-01-09 16:35:09,540 - nvd_autonomous - INFO - Move to: [35, -3]
2026-01-09 16:35:12,154 - nvd_autonomous - INFO - No one talking
2026-01-09 16:35:13,159 - nvd_autonomous - INFO - Start Talking: 3
2026-01-09 16:35:13,159 - nvd_autonomous - INFO - Move to: [35, -3]
2026-01-09 16:35:13,964 - nvd_autonomous - INFO - No one talking
2026-01-09 16:35:16,779 - nvd_autonomous - INFO - Start Talking: 3
2026-01-09 16:35:16,779 - nvd_autonomous - INFO - Move to: [35, -3]
2026-01-09 16:35:19,794 - nvd_autonomous - INFO - Start Talking: 3
2026-01-09 16:35:19,794 - nvd_autonomous - INFO - Move to: [35, -3]
2026-01-09 16:35:20,197 - nvd_autonomous - INFO - No one talking
2026-01-09 16:35:20,800 - nvd_autonomous - INFO - Start Talking: 3
2026-01-09 16:35:20,800 - nvd_autonomous - INFO - Move to: [35, -3]
2026-01-09 16:35:21,203 - nvd_autonomous - INFO - No one talking
2026-01-09 16:35:21,403 - nvd_autonomous - INFO - Start Talking: 3
2026-01-09 16:35:21,404 - nvd_autonomous - INFO - Move to: [35, -3]
2026-01-09 16:35:22,208 - nvd_autonomous - INFO - Start Talking: 3
2026-01-09 16:35:22,208 - nvd_autonomous - INFO - Move to: [35, -3]
2026-01-09 16:35:22,610 - nvd_autonomous - INFO - No one talking
2026-01-09 16:35:27,634 - nvd_autonomous - INFO - Set icon to: listening.png
2026-01-09 16:35:29,042 - nvd_autonomous - INFO - Start Talking: 3
2026-01-09 16:35:29,042 - nvd_autonomous - INFO - Move to: [35, -3]
2026-01-09 16:35:29,444 - nvd_autonomous - INFO - No one talking
2026-01-09 16:35:29,645 - nvd_autonomous - INFO - Start Talking: 3
2026-01-09 16:35:29,645 - nvd_autonomous - INFO - Move to: [35, -3]
2026-01-09 16:35:30,047 - nvd_autonomous - INFO - Start Talking: 3
2026-01-09 16:35:30,047 - nvd_autonomous - INFO - Move to: [35, -3]
2026-01-09 16:35:31,655 - nvd_autonomous - INFO - No one talking
2026-01-09 16:35:33,665 - nvd_autonomous - INFO - Set icon to: listening.png
2026-01-09 16:35:34,469 - nvd_autonomous - INFO - Start Talking: 3
2026-01-09 16:35:34,469 - nvd_autonomous - INFO - Move to: [35, -3]
2026-01-09 16:35:35,474 - nvd_autonomous - INFO - No one talking
2026-01-09 16:35:38,890 - nvd_autonomous - INFO - Start Talking: 3
2026-01-09 16:35:38,891 - nvd_autonomous - INFO - Move to: [35, -3]
2026-01-09 16:35:39,494 - nvd_autonomous - INFO - Start Talking: 0
2026-01-09 16:35:39,494 - nvd_autonomous - INFO - Move to: [-35, -3]
2026-01-09 16:35:41,906 - nvd_autonomous - INFO - Start Talking: 3
2026-01-09 16:35:41,906 - nvd_autonomous - INFO - Move to: [35, -3]
2026-01-09 16:35:42,308 - nvd_autonomous - INFO - No one talking
2026-01-09 16:35:42,509 - nvd_autonomous - INFO - Start Talking: 0
2026-01-09 16:35:42,509 - nvd_autonomous - INFO - Move to: [-35, -3]
2026-01-09 16:35:42,911 - nvd_autonomous - INFO - Start Talking: 3
2026-01-09 16:35:42,911 - nvd_autonomous - INFO - Move to: [35, -3]
2026-01-09 16:35:43,112 - nvd_autonomous - INFO - Start Talking: 0
2026-01-09 16:35:43,112 - nvd_autonomous - INFO - Move to: [-35, -3]
2026-01-09 16:35:43,517 - nvd_autonomous - INFO - No one talking
2026-01-09 16:35:44,320 - nvd_autonomous - INFO - Move pan to: 35
2026-01-09 16:35:44,320 - nvd_autonomous - INFO - Move tilt to: -3
2026-01-09 16:35:45,528 - nvd_autonomous - INFO - Move pan to: 35
2026-01-09 16:35:45,528 - nvd_autonomous - INFO - Move tilt to: -3
2026-01-09 16:35:45,529 - nvd_autonomous - INFO - Start Talking: 3
2026-01-09 16:35:45,529 - nvd_autonomous - INFO - Move to: [35, -3]
2026-01-09 16:35:49,148 - nvd_autonomous - INFO - No one talking
2026-01-09 16:35:50,755 - nvd_autonomous - INFO - Start Talking: 3
2026-01-09 16:35:50,755 - nvd_autonomous - INFO - Move to: [35, -3]
2026-01-09 16:35:57,792 - nvd_autonomous - INFO - Backchanneling to: [35, -3]
2026-01-09 16:35:58,596 - nvd_autonomous - INFO - No one talking
2026-01-09 16:35:59,199 - nvd_autonomous - INFO - Start Talking: 3
2026-01-09 16:35:59,199 - nvd_autonomous - INFO - Move to: [35, -3]
2026-01-09 16:36:04,224 - nvd_autonomous - INFO - Start Talking: 0
2026-01-09 16:36:04,224 - nvd_autonomous - INFO - Move to: [-35, -3]
2026-01-09 16:36:04,626 - nvd_autonomous - INFO - Start Talking: 3
2026-01-09 16:36:04,626 - nvd_autonomous - INFO - Move to: [35, -3]
2026-01-09 16:36:04,827 - nvd_autonomous - INFO - Start Talking: 0
2026-01-09 16:36:04,827 - nvd_autonomous - INFO - Move to: [-35, -3]
2026-01-09 16:36:05,029 - nvd_autonomous - INFO - Start Talking: 3
2026-01-09 16:36:05,029 - nvd_autonomous - INFO - Move to: [35, -3]
2026-01-09 16:36:06,235 - nvd_autonomous - INFO - Start Talking: 1
2026-01-09 16:36:06,235 - nvd_autonomous - INFO - Move to: [-35, -3]
2026-01-09 16:36:12,267 - nvd_autonomous - INFO - Move pan to: -35
2026-01-09 16:36:12,268 - nvd_autonomous - INFO - Move tilt to: -3
2026-01-09 16:36:13,274 - nvd_autonomous - INFO - Backchanneling to: [-35, -3]
2026-01-09 16:36:16,088 - nvd_autonomous - INFO - Start Talking: 3
2026-01-09 16:36:16,088 - nvd_autonomous - INFO - Move to: [35, -3]
2026-01-09 16:36:17,092 - nvd_autonomous - INFO - Start Talking: 1
2026-01-09 16:36:17,092 - nvd_autonomous - INFO - Move to: [-35, -3]
2026-01-09 16:36:17,896 - nvd_autonomous - INFO - Start Talking: 3
2026-01-09 16:36:17,896 - nvd_autonomous - INFO - Move to: [35, -3]
2026-01-09 16:36:21,313 - nvd_autonomous - INFO - Move pan to: 35
2026-01-09 16:36:21,313 - nvd_autonomous - INFO - Move tilt to: -3
2026-01-09 16:36:22,520 - nvd_autonomous - INFO - Start Talking: 3
2026-01-09 16:36:22,521 - nvd_autonomous - INFO - Move to: [35, -3]
2026-01-09 16:36:22,923 - nvd_autonomous - INFO - No one talking
2026-01-09 16:36:24,330 - nvd_autonomous - INFO - Start Talking: 3
2026-01-09 16:36:24,330 - nvd_autonomous - INFO - Move to: [35, -3]
2026-01-09 16:36:25,738 - nvd_autonomous - INFO - No one talking
2026-01-09 16:36:28,752 - nvd_autonomous - INFO - Start Talking: 3
2026-01-09 16:36:28,752 - nvd_autonomous - INFO - Move to: [35, -3]
2026-01-09 16:36:29,355 - nvd_autonomous - INFO - Start Talking: 3
2026-01-09 16:36:29,355 - nvd_autonomous - INFO - Move to: [35, -3]
2026-01-09 16:36:29,757 - nvd_autonomous - INFO - No one talking
2026-01-09 16:36:31,164 - nvd_autonomous - INFO - Set icon to: listening.png
2026-01-09 16:36:32,571 - nvd_autonomous - INFO - Start Talking: 3
2026-01-09 16:36:32,571 - nvd_autonomous - INFO - Move to: [35, -3]
2026-01-09 16:36:33,376 - nvd_autonomous - INFO - No one talking
2026-01-09 16:36:33,577 - nvd_autonomous - INFO - Start Talking: 3
2026-01-09 16:36:33,577 - nvd_autonomous - INFO - Move to: [35, -3]
2026-01-09 16:36:33,979 - nvd_autonomous - INFO - Start Talking: 3
2026-01-09 16:36:33,980 - nvd_autonomous - INFO - Move to: [35, -3]
2026-01-09 16:36:34,583 - nvd_autonomous - INFO - No one talking
2026-01-09 16:36:37,195 - nvd_autonomous - INFO - Set icon to: listening.png
2026-01-09 16:36:37,397 - nvd_autonomous - INFO - Start Talking: 3
2026-01-09 16:36:37,397 - nvd_autonomous - INFO - Move to: [35, -3]
2026-01-09 16:36:38,001 - nvd_autonomous - INFO - No one talking
2026-01-09 16:36:40,614 - nvd_autonomous - INFO - Start Talking: 3
2026-01-09 16:36:40,615 - nvd_autonomous - INFO - Move to: [35, -3]
2026-01-09 16:36:40,816 - nvd_autonomous - INFO - Set icon to: listening.png
2026-01-09 16:36:43,429 - nvd_autonomous - INFO - No one talking
2026-01-09 16:36:43,630 - nvd_autonomous - INFO - Start Talking: 3
2026-01-09 16:36:43,630 - nvd_autonomous - INFO - Move to: [35, -3]
2026-01-09 16:36:44,032 - nvd_autonomous - INFO - No one talking
2026-01-09 16:36:53,679 - nvd_autonomous - INFO - Robot start talking
2026-01-09 16:36:54,082 - nvd_autonomous - INFO - No one talking
2026-01-09 16:36:54,886 - nvd_autonomous - INFO - Start Talking: 3
2026-01-09 16:36:54,886 - nvd_autonomous - INFO - Move to: [35, -3]
2026-01-09 16:36:55,891 - nvd_autonomous - INFO - Set icon to: listening.png
2026-01-09 16:36:56,696 - nvd_autonomous - INFO - Move pan to: 35
2026-01-09 16:36:56,696 - nvd_autonomous - INFO - Move tilt to: -3
2026-01-09 16:37:01,920 - nvd_autonomous - INFO - Backchanneling to: [35, -3]
2026-01-09 16:37:02,121 - nvd_autonomous - INFO - Start Talking: 1
2026-01-09 16:37:02,121 - nvd_autonomous - INFO - Move to: [-35, -3]
2026-01-09 16:37:05,739 - nvd_autonomous - INFO - Move pan to: -35
2026-01-09 16:37:05,739 - nvd_autonomous - INFO - Move tilt to: -3
2026-01-09 16:37:07,349 - nvd_autonomous - INFO - Move pan to: -35
2026-01-09 16:37:07,349 - nvd_autonomous - INFO - Move tilt to: -3
2026-01-09 16:37:08,958 - nvd_autonomous - INFO - Start Talking: 3
2026-01-09 16:37:08,958 - nvd_autonomous - INFO - Move to: [35, -3]
2026-01-09 16:37:09,360 - nvd_autonomous - INFO - Start Talking: 1
2026-01-09 16:37:09,360 - nvd_autonomous - INFO - Move to: [-35, -3]
2026-01-09 16:37:13,380 - nvd_autonomous - INFO - Move pan to: -35
2026-01-09 16:37:13,380 - nvd_autonomous - INFO - Move tilt to: -3
2026-01-09 16:37:15,592 - nvd_autonomous - INFO - Move pan to: -35
2026-01-09 16:37:15,592 - nvd_autonomous - INFO - Move tilt to: -3
2026-01-09 16:37:16,397 - nvd_autonomous - INFO - Backchanneling to: [-35, -3]
2026-01-09 16:37:17,201 - nvd_autonomous - INFO - Start Talking: 1
2026-01-09 16:37:17,201 - nvd_autonomous - INFO - Move to: [-35, -3]
2026-01-09 16:37:18,608 - nvd_autonomous - INFO - No one talking
2026-01-09 16:37:19,612 - nvd_autonomous - INFO - Start Talking: 1
2026-01-09 16:37:19,612 - nvd_autonomous - INFO - Move to: [-35, -3]
2026-01-09 16:37:23,632 - nvd_autonomous - INFO - No one talking
2026-01-09 16:37:24,837 - nvd_autonomous - INFO - Start Talking: 0
2026-01-09 16:37:24,837 - nvd_autonomous - INFO - Move to: [-35, -3]
2026-01-09 16:37:25,441 - nvd_autonomous - INFO - Start Talking: 1
2026-01-09 16:37:25,441 - nvd_autonomous - INFO - Move to: [-35, -3]
2026-01-09 16:37:27,050 - nvd_autonomous - INFO - No one talking
2026-01-09 16:37:28,055 - nvd_autonomous - INFO - Start Talking: 1
2026-01-09 16:37:28,055 - nvd_autonomous - INFO - Move to: [-35, -3]
2026-01-09 16:37:29,864 - nvd_autonomous - INFO - Start Talking: 3
2026-01-09 16:37:29,864 - nvd_autonomous - INFO - Move to: [35, -3]
2026-01-09 16:37:30,266 - nvd_autonomous - INFO - Start Talking: 1
2026-01-09 16:37:30,267 - nvd_autonomous - INFO - Move to: [-35, -3]
2026-01-09 16:37:31,473 - nvd_autonomous - INFO - Start Talking: 3
2026-01-09 16:37:31,473 - nvd_autonomous - INFO - Move to: [35, -3]
2026-01-09 16:37:32,478 - nvd_autonomous - INFO - Move pan to: 35
2026-01-09 16:37:32,478 - nvd_autonomous - INFO - Move tilt to: -3
2026-01-09 16:37:38,308 - nvd_autonomous - INFO - No one talking
2026-01-09 16:37:38,911 - nvd_autonomous - INFO - Move pan to: 35
2026-01-09 16:37:38,911 - nvd_autonomous - INFO - Move tilt to: -3
2026-01-09 16:37:40,318 - nvd_autonomous - INFO - Start Talking: 3
2026-01-09 16:37:40,318 - nvd_autonomous - INFO - Move to: [35, -3]
2026-01-09 16:37:42,127 - nvd_autonomous - INFO - Start Talking: 3
2026-01-09 16:37:42,127 - nvd_autonomous - INFO - Move to: [35, -3]
2026-01-09 16:37:43,332 - nvd_autonomous - INFO - No one talking
2026-01-09 16:37:43,534 - nvd_autonomous - INFO - Start Talking: 3
2026-01-09 16:37:43,534 - nvd_autonomous - INFO - Move to: [35, -3]
2026-01-09 16:37:43,936 - nvd_autonomous - INFO - Start Talking: 3
2026-01-09 16:37:43,936 - nvd_autonomous - INFO - Move to: [35, -3]
2026-01-09 16:37:47,353 - nvd_autonomous - INFO - No one talking
2026-01-09 16:37:48,560 - nvd_autonomous - INFO - Start Talking: 3
2026-01-09 16:37:48,560 - nvd_autonomous - INFO - Move to: [35, -3]
2026-01-09 16:37:51,173 - nvd_autonomous - INFO - No one talking
2026-01-09 16:37:52,982 - nvd_autonomous - INFO - Start Talking: 3
2026-01-09 16:37:52,983 - nvd_autonomous - INFO - Move to: [35, -3]
2026-01-09 16:37:55,194 - nvd_autonomous - INFO - No one talking
2026-01-09 16:37:55,797 - nvd_autonomous - INFO - Start Talking: 3
2026-01-09 16:37:55,797 - nvd_autonomous - INFO - Move to: [35, -3]
2026-01-09 16:37:57,606 - nvd_autonomous - INFO - No one talking
2026-01-09 16:38:01,024 - nvd_autonomous - INFO - Start Talking: 0
2026-01-09 16:38:01,024 - nvd_autonomous - INFO - Move to: [-35, -3]
2026-01-09 16:38:01,426 - nvd_autonomous - INFO - No one talking
2026-01-09 16:38:03,637 - nvd_autonomous - INFO - Start Talking: 3
2026-01-09 16:38:03,637 - nvd_autonomous - INFO - Move to: [35, -3]
2026-01-09 16:38:05,045 - nvd_autonomous - INFO - No one talking
2026-01-09 16:38:05,447 - nvd_autonomous - INFO - Move pan to: 35
2026-01-09 16:38:05,447 - nvd_autonomous - INFO - Move tilt to: -3
2026-01-09 16:38:06,251 - nvd_autonomous - INFO - Start Talking: 0
2026-01-09 16:38:06,251 - nvd_autonomous - INFO - Move to: [-35, -3]
2026-01-09 16:38:06,452 - nvd_autonomous - INFO - Start Talking: 3
2026-01-09 16:38:06,452 - nvd_autonomous - INFO - Move to: [35, -3]
2026-01-09 16:38:06,653 - nvd_autonomous - INFO - Start Talking: 0
2026-01-09 16:38:06,654 - nvd_autonomous - INFO - Move to: [-35, -3]
2026-01-09 16:38:07,257 - nvd_autonomous - INFO - Start Talking: 3
2026-01-09 16:38:07,257 - nvd_autonomous - INFO - Move to: [35, -3]
2026-01-09 16:38:08,262 - nvd_autonomous - INFO - Start Talking: 1
2026-01-09 16:38:08,262 - nvd_autonomous - INFO - Move to: [-35, -3]
2026-01-09 16:38:08,463 - nvd_autonomous - INFO - Start Talking: 3
2026-01-09 16:38:08,464 - nvd_autonomous - INFO - Move to: [35, -3]
2026-01-09 16:38:11,077 - nvd_autonomous - INFO - Start Talking: 3
2026-01-09 16:38:11,077 - nvd_autonomous - INFO - Move to: [35, -3]
2026-01-09 16:38:15,499 - nvd_autonomous - INFO - No one talking
2026-01-09 16:38:16,102 - nvd_autonomous - INFO - Start Talking: 0
2026-01-09 16:38:16,102 - nvd_autonomous - INFO - Move to: [-35, -3]
2026-01-09 16:38:20,726 - nvd_autonomous - INFO - No one talking
2026-01-09 16:38:21,731 - nvd_autonomous - INFO - Start Talking: 0
2026-01-09 16:38:21,731 - nvd_autonomous - INFO - Move to: [-35, -3]
2026-01-09 16:38:24,545 - nvd_autonomous - INFO - No one talking
2026-01-09 16:38:26,957 - nvd_autonomous - INFO - Start Talking: 0
2026-01-09 16:38:26,958 - nvd_autonomous - INFO - Move to: [-35, -3]
2026-01-09 16:38:27,360 - nvd_autonomous - INFO - Start Talking: 3
2026-01-09 16:38:27,360 - nvd_autonomous - INFO - Move to: [35, -3]
2026-01-09 16:38:28,566 - nvd_autonomous - INFO - No one talking
2026-01-09 16:38:30,174 - nvd_autonomous - INFO - Start Talking: 0
2026-01-09 16:38:30,174 - nvd_autonomous - INFO - Move to: [-35, -3]
2026-01-09 16:38:31,179 - nvd_autonomous - INFO - No one talking
2026-01-09 16:38:31,581 - nvd_autonomous - INFO - Start Talking: 3
2026-01-09 16:38:31,581 - nvd_autonomous - INFO - Move to: [35, -3]
2026-01-09 16:38:32,787 - nvd_autonomous - INFO - No one talking
2026-01-09 16:38:34,997 - nvd_autonomous - INFO - Move pan to: 35
2026-01-09 16:38:34,997 - nvd_autonomous - INFO - Move tilt to: -3
2026-01-09 16:38:38,214 - nvd_autonomous - INFO - Move pan to: 35
2026-01-09 16:38:38,214 - nvd_autonomous - INFO - Move tilt to: -3
2026-01-09 16:38:40,224 - nvd_autonomous - INFO - Start Talking: 3
2026-01-09 16:38:40,225 - nvd_autonomous - INFO - Move to: [35, -3]
2026-01-09 16:38:42,034 - nvd_autonomous - INFO - No one talking
2026-01-09 16:38:51,479 - nvd_autonomous - INFO - Start Talking: 3
2026-01-09 16:38:51,480 - nvd_autonomous - INFO - Move to: [35, -3]
2026-01-09 16:38:53,490 - nvd_autonomous - INFO - No one talking
2026-01-09 16:38:58,314 - nvd_autonomous - INFO - Start Talking: 3
2026-01-09 16:38:58,314 - nvd_autonomous - INFO - Move to: [35, -3]
2026-01-09 16:38:58,717 - nvd_autonomous - INFO - No one talking
2026-01-09 16:39:07,763 - nvd_autonomous - INFO - Start Talking: 3
2026-01-09 16:39:07,763 - nvd_autonomous - INFO - Move to: [35, -3]
2026-01-09 16:39:08,366 - nvd_autonomous - INFO - No one talking
2026-01-09 16:39:12,788 - nvd_autonomous - INFO - Start Talking: 3
2026-01-09 16:39:12,788 - nvd_autonomous - INFO - Move to: [35, -3]
2026-01-09 16:39:13,592 - nvd_autonomous - INFO - Start Talking: 3
2026-01-09 16:39:13,592 - nvd_autonomous - INFO - Move to: [35, -3]
2026-01-09 16:39:14,396 - nvd_autonomous - INFO - Start Talking: 3
2026-01-09 16:39:14,397 - nvd_autonomous - INFO - Move to: [35, -3]
2026-01-09 16:39:18,419 - nvd_autonomous - INFO - No one talking
2026-01-09 16:39:20,028 - nvd_autonomous - INFO - Start Talking: 3
2026-01-09 16:39:20,029 - nvd_autonomous - INFO - Move to: [35, -3]
2026-01-09 16:39:21,838 - nvd_autonomous - INFO - Robot start talking
2026-01-09 16:39:22,240 - nvd_autonomous - INFO - No one talking
2026-01-09 16:39:23,849 - nvd_autonomous - INFO - Start Talking: 0
2026-01-09 16:39:23,849 - nvd_autonomous - INFO - Move to: [-35, -3]
2026-01-09 16:39:24,654 - nvd_autonomous - INFO - Start Talking: 1
2026-01-09 16:39:24,654 - nvd_autonomous - INFO - Move to: [-35, -3]
2026-01-09 16:39:24,855 - nvd_autonomous - INFO - Start Talking: 3
2026-01-09 16:39:24,855 - nvd_autonomous - INFO - Move to: [35, -3]
2026-01-09 16:39:25,660 - nvd_autonomous - INFO - Start Talking: 3
2026-01-09 16:39:25,661 - nvd_autonomous - INFO - Move to: [35, -3]
2026-01-09 16:39:26,063 - nvd_autonomous - INFO - No one talking
2026-01-09 16:39:27,068 - nvd_autonomous - INFO - Start Talking: 3
2026-01-09 16:39:27,068 - nvd_autonomous - INFO - Move to: [35, -3]
2026-01-09 16:39:27,872 - nvd_autonomous - INFO - Start Talking: 3
2026-01-09 16:39:27,872 - nvd_autonomous - INFO - Move to: [35, -3]
2026-01-09 16:39:28,677 - nvd_autonomous - INFO - Move pan to: 35
2026-01-09 16:39:28,677 - nvd_autonomous - INFO - Move tilt to: -3
2026-01-09 16:39:28,878 - nvd_autonomous - INFO - Robot start talking
2026-01-09 16:39:29,079 - nvd_autonomous - INFO - Robot start talking
2026-01-09 16:39:29,481 - nvd_autonomous - INFO - No one talking
2026-01-09 16:39:29,682 - nvd_autonomous - INFO - Robot start talking
2026-01-09 16:39:30,085 - nvd_autonomous - INFO - No one talking
2026-01-09 16:39:30,688 - nvd_autonomous - INFO - Move pan to: 35
2026-01-09 16:39:30,688 - nvd_autonomous - INFO - Move tilt to: -3
2026-01-09 16:39:31,090 - nvd_autonomous - INFO - Start Talking: 3
2026-01-09 16:39:31,090 - nvd_autonomous - INFO - Move to: [35, -3]
2026-01-09 16:39:32,096 - nvd_autonomous - INFO - No one talking
2026-01-09 16:39:33,101 - nvd_autonomous - INFO - Start Talking: 3
2026-01-09 16:39:33,101 - nvd_autonomous - INFO - Move to: [35, -3]
2026-01-09 16:39:33,504 - nvd_autonomous - INFO - No one talking
2026-01-09 16:39:34,710 - nvd_autonomous - INFO - Start Talking: 3
2026-01-09 16:39:34,710 - nvd_autonomous - INFO - Move to: [35, -3]
2026-01-09 16:39:35,513 - nvd_autonomous - INFO - No one talking
2026-01-09 16:39:38,730 - nvd_autonomous - INFO - Start Talking: 0
2026-01-09 16:39:38,730 - nvd_autonomous - INFO - Move to: [-35, -3]
2026-01-09 16:39:40,338 - nvd_autonomous - INFO - Start Talking: 3
2026-01-09 16:39:40,338 - nvd_autonomous - INFO - Move to: [35, -3]
2026-01-09 16:39:42,348 - nvd_autonomous - INFO - Start Talking: 1
2026-01-09 16:39:42,348 - nvd_autonomous - INFO - Move to: [-35, -3]
2026-01-09 16:39:47,373 - nvd_autonomous - INFO - No one talking
2026-01-09 16:39:47,775 - nvd_autonomous - INFO - Start Talking: 1
2026-01-09 16:39:47,775 - nvd_autonomous - INFO - Move to: [-35, -3]
2026-01-09 16:39:49,586 - nvd_autonomous - INFO - Start Talking: 1
2026-01-09 16:39:49,586 - nvd_autonomous - INFO - Move to: [-35, -3]
2026-01-09 16:39:54,008 - nvd_autonomous - INFO - Start Talking: 3
2026-01-09 16:39:54,009 - nvd_autonomous - INFO - Move to: [35, -3]
2026-01-09 16:39:55,415 - nvd_autonomous - INFO - Move pan to: 35
2026-01-09 16:39:55,415 - nvd_autonomous - INFO - Move tilt to: -3
2026-01-09 16:39:56,219 - nvd_autonomous - INFO - No one talking
2026-01-09 16:39:56,622 - nvd_autonomous - INFO - Start Talking: 3
2026-01-09 16:39:56,622 - nvd_autonomous - INFO - Move to: [35, -3]
2026-01-09 16:39:57,024 - nvd_autonomous - INFO - Start Talking: 3
2026-01-09 16:39:57,024 - nvd_autonomous - INFO - Move to: [35, -3]
2026-01-09 16:39:59,036 - nvd_autonomous - INFO - No one talking
2026-01-09 16:40:02,453 - nvd_autonomous - INFO - Start Talking: 3
2026-01-09 16:40:02,453 - nvd_autonomous - INFO - Move to: [35, -3]
2026-01-09 16:40:04,263 - nvd_autonomous - INFO - No one talking
2026-01-09 16:40:05,871 - nvd_autonomous - INFO - Start Talking: 3
2026-01-09 16:40:05,872 - nvd_autonomous - INFO - Move to: [35, -3]
2026-01-09 16:40:09,088 - nvd_autonomous - INFO - No one talking
2026-01-09 16:40:10,897 - nvd_autonomous - INFO - Start Talking: 3
2026-01-09 16:40:10,897 - nvd_autonomous - INFO - Move to: [35, -3]
2026-01-09 16:40:13,912 - nvd_autonomous - INFO - No one talking
2026-01-09 16:40:14,515 - nvd_autonomous - INFO - Start Talking: 3
2026-01-09 16:40:14,515 - nvd_autonomous - INFO - Move to: [35, -3]
2026-01-09 16:40:15,721 - nvd_autonomous - INFO - No one talking
2026-01-09 16:40:16,927 - nvd_autonomous - INFO - Start Talking: 3
2026-01-09 16:40:16,928 - nvd_autonomous - INFO - Move to: [35, -3]
2026-01-09 16:40:18,538 - nvd_autonomous - INFO - Start Talking: 3
2026-01-09 16:40:18,538 - nvd_autonomous - INFO - Move to: [35, -3]
2026-01-09 16:40:19,141 - nvd_autonomous - INFO - Start Talking: 3
2026-01-09 16:40:19,141 - nvd_autonomous - INFO - Move to: [35, -3]
2026-01-09 16:40:20,146 - nvd_autonomous - INFO - No one talking
2026-01-09 16:40:21,352 - nvd_autonomous - INFO - Start Talking: 3
2026-01-09 16:40:21,352 - nvd_autonomous - INFO - Move to: [35, -3]
2026-01-09 16:40:22,357 - nvd_autonomous - INFO - No one talking
2026-01-09 16:40:25,975 - nvd_autonomous - INFO - Start Talking: 0
2026-01-09 16:40:25,975 - nvd_autonomous - INFO - Move to: [-35, -3]
2026-01-09 16:40:26,980 - nvd_autonomous - INFO - Start Talking: 1
2026-01-09 16:40:26,980 - nvd_autonomous - INFO - Move to: [-35, -3]
2026-01-09 16:40:28,187 - nvd_autonomous - INFO - Move pan to: -35
2026-01-09 16:40:28,187 - nvd_autonomous - INFO - Move tilt to: -3
2026-01-09 16:40:29,996 - nvd_autonomous - INFO - No one talking
2026-01-09 16:40:30,801 - nvd_autonomous - INFO - Start Talking: 1
2026-01-09 16:40:30,801 - nvd_autonomous - INFO - Move to: [-35, -3]
2026-01-09 16:40:33,414 - nvd_autonomous - INFO - Robot start talking
2026-01-09 16:40:33,616 - nvd_autonomous - INFO - Start Talking: 1
2026-01-09 16:40:33,616 - nvd_autonomous - INFO - Move to: [-35, -3]
2026-01-09 16:40:35,627 - nvd_autonomous - INFO - Start Talking: 3
2026-01-09 16:40:35,627 - nvd_autonomous - INFO - Move to: [35, -3]
2026-01-09 16:40:36,834 - nvd_autonomous - INFO - Move pan to: 35
2026-01-09 16:40:36,834 - nvd_autonomous - INFO - Move tilt to: -3
2026-01-09 16:40:37,035 - nvd_autonomous - INFO - No one talking
2026-01-09 16:40:40,251 - nvd_autonomous - INFO - Start Talking: 3
2026-01-09 16:40:40,252 - nvd_autonomous - INFO - Move to: [35, -3]
2026-01-09 16:40:45,880 - nvd_autonomous - INFO - Start Talking: 3
2026-01-09 16:40:45,880 - nvd_autonomous - INFO - Move to: [35, -3]
2026-01-09 16:40:46,483 - nvd_autonomous - INFO - No one talking
2026-01-09 16:40:46,885 - nvd_autonomous - INFO - Start Talking: 3
2026-01-09 16:40:46,885 - nvd_autonomous - INFO - Move to: [35, -3]
2026-01-09 16:40:47,287 - nvd_autonomous - INFO - No one talking
2026-01-09 16:40:48,292 - nvd_autonomous - INFO - Start Talking: 3
2026-01-09 16:40:48,292 - nvd_autonomous - INFO - Move to: [35, -3]
2026-01-09 16:40:48,694 - nvd_autonomous - INFO - Start Talking: 1
2026-01-09 16:40:48,694 - nvd_autonomous - INFO - Move to: [-35, -3]
2026-01-09 16:40:51,307 - nvd_autonomous - INFO - No one talking
2026-01-09 16:40:52,312 - nvd_autonomous - INFO - Start Talking: 1
2026-01-09 16:40:52,313 - nvd_autonomous - INFO - Move to: [-35, -3]
2026-01-09 16:40:52,513 - nvd_autonomous - INFO - Move pan to: -35
2026-01-09 16:40:52,513 - nvd_autonomous - INFO - Move tilt to: -3
2026-01-09 16:40:52,715 - nvd_autonomous - INFO - Start Talking: 3
2026-01-09 16:40:52,715 - nvd_autonomous - INFO - Move to: [35, -3]
2026-01-09 16:40:52,916 - nvd_autonomous - INFO - Start Talking: 1
2026-01-09 16:40:52,917 - nvd_autonomous - INFO - Move to: [-35, -3]
2026-01-09 16:40:53,922 - nvd_autonomous - INFO - No one talking
2026-01-09 16:40:55,330 - nvd_autonomous - INFO - Start Talking: 1
2026-01-09 16:40:55,330 - nvd_autonomous - INFO - Move to: [-35, -3]
2026-01-09 16:40:56,335 - nvd_autonomous - INFO - Start Talking: 3
2026-01-09 16:40:56,335 - nvd_autonomous - INFO - Move to: [35, -3]
2026-01-09 16:40:57,540 - nvd_autonomous - INFO - No one talking
2026-01-09 16:40:59,349 - nvd_autonomous - INFO - Start Talking: 3
2026-01-09 16:40:59,349 - nvd_autonomous - INFO - Move to: [35, -3]
2026-01-09 16:41:06,386 - nvd_autonomous - INFO - Backchanneling to: [35, -3]
2026-01-09 16:41:11,209 - nvd_autonomous - INFO - No one talking
2026-01-09 16:41:12,617 - nvd_autonomous - INFO - Start Talking: 3
2026-01-09 16:41:12,617 - nvd_autonomous - INFO - Move to: [35, -3]
2026-01-09 16:41:13,020 - nvd_autonomous - INFO - Start Talking: 3
2026-01-09 16:41:13,021 - nvd_autonomous - INFO - Move to: [35, -3]
2026-01-09 16:41:13,422 - nvd_autonomous - INFO - No one talking
2026-01-09 16:41:14,025 - nvd_autonomous - INFO - Start Talking: 3
2026-01-09 16:41:14,025 - nvd_autonomous - INFO - Move to: [35, -3]
2026-01-09 16:41:14,226 - nvd_autonomous - INFO - Start Talking: 1
2026-01-09 16:41:14,226 - nvd_autonomous - INFO - Move to: [-35, -3]
2026-01-09 16:41:14,628 - nvd_autonomous - INFO - Start Talking: 3
2026-01-09 16:41:14,629 - nvd_autonomous - INFO - Move to: [35, -3]
2026-01-09 16:41:15,232 - nvd_autonomous - INFO - No one talking
2026-01-09 16:41:18,247 - nvd_autonomous - INFO - Start Talking: 3
2026-01-09 16:41:18,248 - nvd_autonomous - INFO - Move to: [35, -3]
2026-01-09 16:41:21,263 - nvd_autonomous - INFO - No one talking
2026-01-09 16:41:21,464 - nvd_autonomous - INFO - Move pan to: 35
2026-01-09 16:41:21,464 - nvd_autonomous - INFO - Move tilt to: -3
2026-01-09 16:41:22,670 - nvd_autonomous - INFO - Start Talking: 3
2026-01-09 16:41:22,670 - nvd_autonomous - INFO - Move to: [35, -3]
2026-01-09 16:41:23,072 - nvd_autonomous - INFO - No one talking
2026-01-09 16:41:23,273 - nvd_autonomous - INFO - Start Talking: 3
2026-01-09 16:41:23,273 - nvd_autonomous - INFO - Move to: [35, -3]
2026-01-09 16:41:23,675 - nvd_autonomous - INFO - No one talking
2026-01-09 16:41:24,077 - nvd_autonomous - INFO - Start Talking: 3
2026-01-09 16:41:24,077 - nvd_autonomous - INFO - Move to: [35, -3]
2026-01-09 16:41:24,479 - nvd_autonomous - INFO - No one talking
2026-01-09 16:41:26,289 - nvd_autonomous - INFO - Start Talking: 3
2026-01-09 16:41:26,289 - nvd_autonomous - INFO - Move to: [35, -3]
2026-01-09 16:41:27,294 - nvd_autonomous - INFO - Start Talking: 3
2026-01-09 16:41:27,295 - nvd_autonomous - INFO - Move to: [35, -3]
2026-01-09 16:41:27,696 - nvd_autonomous - INFO - No one talking
2026-01-09 16:41:28,500 - nvd_autonomous - INFO - Robot start talking
2026-01-09 16:41:28,701 - nvd_autonomous - INFO - Start Talking: 3
2026-01-09 16:41:28,701 - nvd_autonomous - INFO - Move to: [35, -3]
2026-01-09 16:41:29,103 - nvd_autonomous - INFO - No one talking
2026-01-09 16:41:30,913 - nvd_autonomous - INFO - Start Talking: 1
2026-01-09 16:41:30,914 - nvd_autonomous - INFO - Move to: [-35, -3]
2026-01-09 16:41:31,518 - nvd_autonomous - INFO - No one talking
2026-01-09 16:41:33,328 - nvd_autonomous - INFO - Start Talking: 1
2026-01-09 16:41:33,328 - nvd_autonomous - INFO - Move to: [-35, -3]
2026-01-09 16:41:34,333 - nvd_autonomous - INFO - Move pan to: -35
2026-01-09 16:41:34,333 - nvd_autonomous - INFO - Move tilt to: -3
2026-01-09 16:41:35,740 - nvd_autonomous - INFO - Move pan to: -35
2026-01-09 16:41:35,740 - nvd_autonomous - INFO - Move tilt to: -3
2026-01-09 16:41:36,544 - nvd_autonomous - INFO - Start Talking: 1
2026-01-09 16:41:36,544 - nvd_autonomous - INFO - Move to: [-35, -3]
2026-01-09 16:41:37,147 - nvd_autonomous - INFO - No one talking
2026-01-09 16:41:37,348 - nvd_autonomous - INFO - Start Talking: 1
2026-01-09 16:41:37,349 - nvd_autonomous - INFO - Move to: [-35, -3]
2026-01-09 16:41:37,953 - nvd_autonomous - INFO - Start Talking: 3
2026-01-09 16:41:37,953 - nvd_autonomous - INFO - Move to: [35, -3]
2026-01-09 16:41:38,556 - nvd_autonomous - INFO - Start Talking: 1
2026-01-09 16:41:38,556 - nvd_autonomous - INFO - Move to: [-35, -3]
2026-01-09 16:41:44,185 - nvd_autonomous - INFO - No one talking
2026-01-09 16:41:44,386 - nvd_autonomous - INFO - Start Talking: 1
2026-01-09 16:41:44,386 - nvd_autonomous - INFO - Move to: [-35, -3]
2026-01-09 16:41:44,989 - nvd_autonomous - INFO - No one talking
2026-01-09 16:41:45,190 - nvd_autonomous - INFO - Start Talking: 1
2026-01-09 16:41:45,190 - nvd_autonomous - INFO - Move to: [-35, -3]
2026-01-09 16:41:45,793 - nvd_autonomous - INFO - No one talking
2026-01-09 16:41:47,803 - nvd_autonomous - INFO - Start Talking: 1
2026-01-09 16:41:47,803 - nvd_autonomous - INFO - Move to: [-35, -3]
2026-01-09 16:41:49,612 - nvd_autonomous - INFO - No one talking
2026-01-09 16:41:49,813 - nvd_autonomous - INFO - Start Talking: 1
2026-01-09 16:41:49,813 - nvd_autonomous - INFO - Move to: [-35, -3]
2026-01-09 16:41:50,215 - nvd_autonomous - INFO - No one talking
2026-01-09 16:41:51,019 - nvd_autonomous - INFO - Start Talking: 1
2026-01-09 16:41:51,019 - nvd_autonomous - INFO - Move to: [-35, -3]
2026-01-09 16:41:53,632 - nvd_autonomous - INFO - Start Talking: 1
2026-01-09 16:41:53,632 - nvd_autonomous - INFO - Move to: [-35, -3]
2026-01-09 16:41:54,034 - nvd_autonomous - INFO - Start Talking: 1
2026-01-09 16:41:54,034 - nvd_autonomous - INFO - Move to: [-35, -3]
2026-01-09 16:41:54,437 - nvd_autonomous - INFO - No one talking
2026-01-09 16:41:56,247 - nvd_autonomous - INFO - Start Talking: 1
2026-01-09 16:41:56,247 - nvd_autonomous - INFO - Move to: [-35, -3]
2026-01-09 16:41:57,051 - nvd_autonomous - INFO - Start Talking: 1
2026-01-09 16:41:57,051 - nvd_autonomous - INFO - Move to: [-35, -3]
2026-01-09 16:41:57,453 - nvd_autonomous - INFO - No one talking
2026-01-09 16:41:57,856 - nvd_autonomous - INFO - Start Talking: 1
2026-01-09 16:41:57,856 - nvd_autonomous - INFO - Move to: [-35, -3]
2026-01-09 16:41:58,057 - nvd_autonomous - INFO - Robot start talking
2026-01-09 16:41:58,459 - nvd_autonomous - INFO - No one talking
2026-01-09 16:42:03,082 - nvd_autonomous - INFO - Move pan to: -35
2026-01-09 16:42:03,082 - nvd_autonomous - INFO - Move tilt to: -3
2026-01-09 16:42:07,505 - nvd_autonomous - INFO - Move pan to: 35
2026-01-09 16:42:07,505 - nvd_autonomous - INFO - Move tilt to: -3
2026-01-09 16:42:07,707 - nvd_autonomous - INFO - Start Talking: 0
2026-01-09 16:42:07,707 - nvd_autonomous - INFO - Move to: [-35, -3]
2026-01-09 16:42:08,310 - nvd_autonomous - INFO - No one talking
2026-01-09 16:42:09,315 - nvd_autonomous - INFO - Move pan to: 35
2026-01-09 16:42:09,315 - nvd_autonomous - INFO - Move tilt to: -3
2026-01-09 16:42:09,516 - nvd_autonomous - INFO - Start Talking: 0
2026-01-09 16:42:09,516 - nvd_autonomous - INFO - Move to: [-35, -3]
2026-01-09 16:42:09,918 - nvd_autonomous - INFO - No one talking
2026-01-09 16:42:14,139 - nvd_autonomous - INFO - Move pan to: 35
2026-01-09 16:42:14,139 - nvd_autonomous - INFO - Move tilt to: -3
2026-01-09 16:42:18,561 - nvd_autonomous - INFO - Move pan to: 35
2026-01-09 16:42:18,561 - nvd_autonomous - INFO - Move tilt to: -3
2026-01-09 16:42:23,184 - nvd_autonomous - INFO - Set image to: love.png
2026-01-09 16:42:23,989 - nvd_autonomous - INFO - Start Talking: 3
2026-01-09 16:42:23,989 - nvd_autonomous - INFO - Move to: [35, -3]
2026-01-09 16:42:24,391 - nvd_autonomous - INFO - Start Talking: 3
2026-01-09 16:42:24,391 - nvd_autonomous - INFO - Move to: [35, -3]
2026-01-09 16:42:25,196 - nvd_autonomous - INFO - No one talking
2026-01-09 16:42:27,006 - nvd_autonomous - INFO - Move pan to: 0
2026-01-09 16:42:27,006 - nvd_autonomous - INFO - Move tilt to: -3
2026-01-09 16:42:27,006 - nvd_autonomous - INFO - Set image to: blink.gif
2026-01-09 16:42:27,006 - nvd_autonomous - INFO - Set icon to: black.png
2026-01-09 16:42:29,219 - nvd_autonomous - INFO - Start Talking: 0
2026-01-09 16:42:29,219 - nvd_autonomous - INFO - Move to: [-35, -3]
2026-01-09 16:42:29,621 - nvd_autonomous - INFO - Move pan to: 0
2026-01-09 16:42:29,621 - nvd_autonomous - INFO - Move tilt to: -3
2026-01-09 16:42:29,621 - nvd_autonomous - INFO - Set image to: blink.gif
2026-01-09 16:42:29,621 - nvd_autonomous - INFO - Set icon to: black.png
2026-01-09 16:42:30,425 - nvd_autonomous - INFO - No one talking
2026-01-09 16:42:31,028 - nvd_autonomous - INFO - Start Talking: 3
2026-01-09 16:42:31,028 - nvd_autonomous - INFO - Move to: [35, -3]
2026-01-09 16:42:32,435 - nvd_autonomous - INFO - Start Talking: 3
2026-01-09 16:42:32,435 - nvd_autonomous - INFO - Move to: [35, -3]
2026-01-09 16:42:34,042 - nvd_autonomous - INFO - No one talking
2026-01-09 16:42:35,650 - nvd_autonomous - INFO - Start Talking: 3
2026-01-09 16:42:35,650 - nvd_autonomous - INFO - Move to: [35, -3]
2026-01-09 16:42:36,253 - nvd_autonomous - INFO - No one talking
2026-01-09 16:42:36,856 - nvd_autonomous - INFO - Move pan to: 35
2026-01-09 16:42:36,856 - nvd_autonomous - INFO - Move tilt to: -3
2026-01-09 16:42:38,465 - nvd_autonomous - INFO - Start Talking: 3
2026-01-09 16:42:38,465 - nvd_autonomous - INFO - Move to: [35, -3]
2026-01-09 16:42:42,083 - nvd_autonomous - INFO - No one talking
2026-01-09 16:42:43,490 - nvd_autonomous - INFO - Start Talking: 3
2026-01-09 16:42:43,490 - nvd_autonomous - INFO - Move to: [35, -3]
2026-01-09 16:42:44,695 - nvd_autonomous - INFO - No one talking
2026-01-09 16:42:45,299 - nvd_autonomous - INFO - Start Talking: 3
2026-01-09 16:42:45,299 - nvd_autonomous - INFO - Move to: [35, -3]
2026-01-09 16:42:45,701 - nvd_autonomous - INFO - No one talking
2026-01-09 16:42:50,524 - nvd_autonomous - INFO - Start Talking: 3
2026-01-09 16:42:50,525 - nvd_autonomous - INFO - Move to: [35, -3]
2026-01-09 16:42:50,927 - nvd_autonomous - INFO - No one talking
2026-01-09 16:42:53,138 - nvd_autonomous - INFO - Start Talking: 0
2026-01-09 16:42:53,138 - nvd_autonomous - INFO - Move to: [-35, -3]
2026-01-09 16:42:53,540 - nvd_autonomous - INFO - Start Talking: 3
2026-01-09 16:42:53,541 - nvd_autonomous - INFO - Move to: [35, -3]
2026-01-09 16:42:55,149 - nvd_autonomous - INFO - Start Talking: 3
2026-01-09 16:42:55,149 - nvd_autonomous - INFO - Move to: [35, -3]
2026-01-09 16:42:55,753 - nvd_autonomous - INFO - Start Talking: 1
2026-01-09 16:42:55,753 - nvd_autonomous - INFO - Move to: [-35, -3]
2026-01-09 16:42:56,758 - nvd_autonomous - INFO - Start Talking: 3
2026-01-09 16:42:56,758 - nvd_autonomous - INFO - Move to: [35, -3]
2026-01-09 16:42:57,562 - nvd_autonomous - INFO - No one talking
2026-01-09 16:42:57,764 - nvd_autonomous - INFO - Start Talking: 3
2026-01-09 16:42:57,764 - nvd_autonomous - INFO - Move to: [35, -3]
2026-01-09 16:42:58,367 - nvd_autonomous - INFO - No one talking
2026-01-09 16:42:58,769 - nvd_autonomous - INFO - Start Talking: 3
2026-01-09 16:42:58,769 - nvd_autonomous - INFO - Move to: [35, -3]
2026-01-09 16:42:59,171 - nvd_autonomous - INFO - Move pan to: 35
2026-01-09 16:42:59,171 - nvd_autonomous - INFO - Move tilt to: -3
2026-01-09 16:42:59,574 - nvd_autonomous - INFO - No one talking
2026-01-09 16:43:00,981 - nvd_autonomous - INFO - Start Talking: 3
2026-01-09 16:43:00,981 - nvd_autonomous - INFO - Move to: [35, -3]
2026-01-09 16:43:04,399 - nvd_autonomous - INFO - Start Talking: 3
2026-01-09 16:43:04,399 - nvd_autonomous - INFO - Move to: [35, -3]
2026-01-09 16:43:05,002 - nvd_autonomous - INFO - No one talking
2026-01-09 16:43:05,605 - nvd_autonomous - INFO - Start Talking: 3
2026-01-09 16:43:05,605 - nvd_autonomous - INFO - Move to: [35, -3]
2026-01-09 16:43:06,008 - nvd_autonomous - INFO - No one talking
2026-01-09 16:43:06,209 - nvd_autonomous - INFO - Start Talking: 3
2026-01-09 16:43:06,209 - nvd_autonomous - INFO - Move to: [35, -3]
2026-01-09 16:43:06,611 - nvd_autonomous - INFO - No one talking
2026-01-09 16:43:11,436 - nvd_autonomous - INFO - Start Talking: 3
2026-01-09 16:43:11,436 - nvd_autonomous - INFO - Move to: [35, -3]
2026-01-09 16:43:12,039 - nvd_autonomous - INFO - No one talking
2026-01-09 16:43:13,849 - nvd_autonomous - INFO - Start Talking: 3
2026-01-09 16:43:13,849 - nvd_autonomous - INFO - Move to: [35, -3]
2026-01-09 16:43:14,251 - nvd_autonomous - INFO - Start Talking: 3
2026-01-09 16:43:14,251 - nvd_autonomous - INFO - Move to: [35, -3]
2026-01-09 16:43:16,865 - nvd_autonomous - INFO - No one talking
2026-01-09 16:43:21,689 - nvd_autonomous - INFO - Start Talking: 3
2026-01-09 16:43:21,690 - nvd_autonomous - INFO - Move to: [35, -3]
2026-01-09 16:43:22,092 - nvd_autonomous - INFO - Start Talking: 1
2026-01-09 16:43:22,093 - nvd_autonomous - INFO - Move to: [-35, -3]
2026-01-09 16:43:22,294 - nvd_autonomous - INFO - Start Talking: 3
2026-01-09 16:43:22,294 - nvd_autonomous - INFO - Move to: [35, -3]
2026-01-09 16:43:22,897 - nvd_autonomous - INFO - No one talking
2026-01-09 16:43:30,333 - nvd_autonomous - INFO - Start Talking: 3
2026-01-09 16:43:30,334 - nvd_autonomous - INFO - Move to: [35, -3]
2026-01-09 16:43:33,751 - nvd_autonomous - INFO - Start Talking: 3
2026-01-09 16:43:33,751 - nvd_autonomous - INFO - Move to: [35, -3]
2026-01-09 16:43:34,153 - nvd_autonomous - INFO - No one talking
2026-01-09 16:43:36,164 - nvd_autonomous - INFO - Start Talking: 3
2026-01-09 16:43:36,164 - nvd_autonomous - INFO - Move to: [35, -3]
2026-01-09 16:43:37,572 - nvd_autonomous - INFO - Set icon to: listening.png
2026-01-09 16:43:40,388 - nvd_autonomous - INFO - No one talking
2026-01-09 16:43:41,193 - nvd_autonomous - INFO - Start Talking: 0
2026-01-09 16:43:41,193 - nvd_autonomous - INFO - Move to: [-35, -3]
2026-01-09 16:43:42,399 - nvd_autonomous - INFO - No one talking
2026-01-09 16:43:44,811 - nvd_autonomous - INFO - Start Talking: 0
2026-01-09 16:43:44,811 - nvd_autonomous - INFO - Move to: [-35, -3]
2026-01-09 16:43:47,625 - nvd_autonomous - INFO - No one talking
2026-01-09 16:43:48,027 - nvd_autonomous - INFO - Start Talking: 0
2026-01-09 16:43:48,027 - nvd_autonomous - INFO - Move to: [-35, -3]
2026-01-09 16:43:49,434 - nvd_autonomous - INFO - No one talking
2026-01-09 16:43:50,841 - nvd_autonomous - INFO - Start Talking: 0
2026-01-09 16:43:50,841 - nvd_autonomous - INFO - Move to: [-35, -3]
2026-01-09 16:43:55,868 - nvd_autonomous - INFO - No one talking
2026-01-09 16:43:58,280 - nvd_autonomous - INFO - Move pan to: 0
2026-01-09 16:43:58,280 - nvd_autonomous - INFO - Move tilt to: -3
2026-01-09 16:44:04,512 - nvd_autonomous - INFO - Robot start talking
2026-01-09 16:44:04,714 - nvd_autonomous - INFO - Robot start talking
2026-01-09 16:44:04,915 - nvd_autonomous - INFO - Set icon to: speaking.png
2026-01-09 16:44:05,116 - nvd_autonomous - INFO - No one talking
2026-01-09 16:44:05,518 - nvd_autonomous - INFO - Robot start talking
2026-01-09 16:44:05,920 - nvd_autonomous - INFO - No one talking
2026-01-09 16:44:06,121 - nvd_autonomous - INFO - Robot start talking
2026-01-09 16:44:06,322 - nvd_autonomous - INFO - Robot start talking
2026-01-09 16:44:06,523 - nvd_autonomous - INFO - Robot start talking
2026-01-09 16:44:06,724 - nvd_autonomous - INFO - Robot start talking
2026-01-09 16:44:06,925 - nvd_autonomous - INFO - Robot start talking
2026-01-09 16:44:07,126 - nvd_autonomous - INFO - Robot start talking
2026-01-09 16:44:07,327 - nvd_autonomous - INFO - Robot start talking
2026-01-09 16:44:07,528 - nvd_autonomous - INFO - Robot start talking
2026-01-09 16:44:07,730 - nvd_autonomous - INFO - Robot start talking
2026-01-09 16:44:07,932 - nvd_autonomous - INFO - Robot start talking
2026-01-09 16:44:08,134 - nvd_autonomous - INFO - Robot start talking
2026-01-09 16:44:08,335 - nvd_autonomous - INFO - Robot start talking
2026-01-09 16:44:08,536 - nvd_autonomous - INFO - Robot start talking
2026-01-09 16:44:08,737 - nvd_autonomous - INFO - Robot start talking
2026-01-09 16:44:08,938 - nvd_autonomous - INFO - Robot start talking
2026-01-09 16:44:09,139 - nvd_autonomous - INFO - Robot start talking
2026-01-09 16:44:09,340 - nvd_autonomous - INFO - Robot start talking
2026-01-09 16:44:09,542 - nvd_autonomous - INFO - Robot start talking
2026-01-09 16:44:09,743 - nvd_autonomous - INFO - Robot start talking
2026-01-09 16:44:09,944 - nvd_autonomous - INFO - Robot start talking
2026-01-09 16:44:10,145 - nvd_autonomous - INFO - Robot start talking
2026-01-09 16:44:10,347 - nvd_autonomous - INFO - Robot start talking
2026-01-09 16:44:10,548 - nvd_autonomous - INFO - Robot start talking
2026-01-09 16:44:10,749 - nvd_autonomous - INFO - Robot start talking
2026-01-09 16:44:10,950 - nvd_autonomous - INFO - Robot start talking
2026-01-09 16:44:11,151 - nvd_autonomous - INFO - Robot start talking
2026-01-09 16:44:11,352 - nvd_autonomous - INFO - Robot start talking
2026-01-09 16:44:11,553 - nvd_autonomous - INFO - Start Talking: 1
2026-01-09 16:44:11,553 - nvd_autonomous - INFO - Move to: [-35, -3]
2026-01-09 16:44:11,955 - nvd_autonomous - INFO - No one talking
2026-01-09 16:44:13,161 - nvd_autonomous - INFO - Robot start talking
2026-01-09 16:44:13,362 - nvd_autonomous - INFO - Robot start talking
2026-01-09 16:44:13,563 - nvd_autonomous - INFO - Robot start talking
2026-01-09 16:44:13,764 - nvd_autonomous - INFO - Robot start talking
2026-01-09 16:44:13,965 - nvd_autonomous - INFO - Robot start talking
2026-01-09 16:44:14,368 - nvd_autonomous - INFO - No one talking
2026-01-09 16:44:16,780 - nvd_autonomous - INFO - Move pan to: 35
2026-01-09 16:44:16,780 - nvd_autonomous - INFO - Move tilt to: -3
2026-01-09 16:44:18,187 - nvd_autonomous - INFO - Start Talking: 0
2026-01-09 16:44:18,187 - nvd_autonomous - INFO - Move to: [-35, -3]
2026-01-09 16:44:18,790 - nvd_autonomous - INFO - Robot start talking
2026-01-09 16:44:18,991 - nvd_autonomous - INFO - Robot start talking
2026-01-09 16:44:19,192 - nvd_autonomous - INFO - Robot start talking
2026-01-09 16:44:19,393 - nvd_autonomous - INFO - Robot start talking
2026-01-09 16:44:19,594 - nvd_autonomous - INFO - Robot start talking
2026-01-09 16:44:19,795 - nvd_autonomous - INFO - Robot start talking
2026-01-09 16:44:20,197 - nvd_autonomous - INFO - Start Talking: 1
2026-01-09 16:44:20,197 - nvd_autonomous - INFO - Move to: [-35, -3]
2026-01-09 16:44:20,398 - nvd_autonomous - INFO - Robot start talking
2026-01-09 16:44:20,801 - nvd_autonomous - INFO - No one talking
2026-01-09 16:44:24,620 - nvd_autonomous - INFO - Start Talking: 1
2026-01-09 16:44:24,620 - nvd_autonomous - INFO - Move to: [-35, -3]
2026-01-09 16:44:25,023 - nvd_autonomous - INFO - Start Talking: 3
2026-01-09 16:44:25,024 - nvd_autonomous - INFO - Move to: [35, -3]
2026-01-09 16:44:25,427 - nvd_autonomous - INFO - No one talking
2026-01-09 16:44:26,633 - nvd_autonomous - INFO - Start Talking: 0
2026-01-09 16:44:26,633 - nvd_autonomous - INFO - Move to: [-35, -3]
2026-01-09 16:44:26,834 - nvd_autonomous - INFO - Robot start talking
2026-01-09 16:44:27,035 - nvd_autonomous - INFO - Robot start talking
2026-01-09 16:44:27,437 - nvd_autonomous - INFO - No one talking
2026-01-09 16:44:28,643 - nvd_autonomous - INFO - Robot start talking
2026-01-09 16:44:28,844 - nvd_autonomous - INFO - Robot start talking
2026-01-09 16:44:29,246 - nvd_autonomous - INFO - Robot start talking
2026-01-09 16:44:29,447 - nvd_autonomous - INFO - Robot start talking
2026-01-09 16:44:29,648 - nvd_autonomous - INFO - Robot start talking
2026-01-09 16:44:29,849 - nvd_autonomous - INFO - Robot start talking
2026-01-09 16:44:30,050 - nvd_autonomous - INFO - Robot start talking
2026-01-09 16:44:30,252 - nvd_autonomous - INFO - Start Talking: 0
2026-01-09 16:44:30,252 - nvd_autonomous - INFO - Move to: [-35, -3]
2026-01-09 16:44:30,454 - nvd_autonomous - INFO - Robot start talking
2026-01-09 16:44:30,655 - nvd_autonomous - INFO - Robot start talking
2026-01-09 16:44:30,856 - nvd_autonomous - INFO - Start Talking: 1
2026-01-09 16:44:30,856 - nvd_autonomous - INFO - Move to: [-35, -3]
2026-01-09 16:44:31,258 - nvd_autonomous - INFO - No one talking
2026-01-09 16:44:32,866 - nvd_autonomous - INFO - Robot start talking
2026-01-09 16:44:33,068 - nvd_autonomous - INFO - Robot start talking
2026-01-09 16:44:33,269 - nvd_autonomous - INFO - Robot start talking
2026-01-09 16:44:33,470 - nvd_autonomous - INFO - Robot start talking
2026-01-09 16:44:33,671 - nvd_autonomous - INFO - Robot start talking
2026-01-09 16:44:33,871 - nvd_autonomous - INFO - Robot start talking
2026-01-09 16:44:34,072 - nvd_autonomous - INFO - Robot start talking
2026-01-09 16:44:34,474 - nvd_autonomous - INFO - No one talking
2026-01-09 16:44:37,494 - nvd_autonomous - INFO - Set image to: wink-2.gif
2026-01-09 16:44:38,900 - nvd_autonomous - INFO - Start Talking: 0
2026-01-09 16:44:38,900 - nvd_autonomous - INFO - Move to: [-35, -3]
2026-01-09 16:44:39,503 - nvd_autonomous - INFO - No one talking
2026-01-09 16:44:39,705 - nvd_autonomous - INFO - Start Talking: 0
2026-01-09 16:44:39,705 - nvd_autonomous - INFO - Move to: [-35, -3]
2026-01-09 16:44:40,308 - nvd_autonomous - INFO - No one talking
2026-01-09 16:44:40,509 - nvd_autonomous - INFO - Start Talking: 0
2026-01-09 16:44:40,509 - nvd_autonomous - INFO - Move to: [-35, -3]
2026-01-09 16:44:40,711 - nvd_autonomous - INFO - Start Talking: 1
2026-01-09 16:44:40,711 - nvd_autonomous - INFO - Move to: [-35, -3]
2026-01-09 16:44:41,515 - nvd_autonomous - INFO - No one talking
2026-01-09 16:44:44,128 - nvd_autonomous - INFO - Start Talking: 1
2026-01-09 16:44:44,128 - nvd_autonomous - INFO - Move to: [-35, -3]
2026-01-09 16:44:47,145 - nvd_autonomous - INFO - No one talking
2026-01-09 16:44:50,965 - nvd_autonomous - INFO - Start Talking: 0
2026-01-09 16:44:50,965 - nvd_autonomous - INFO - Move to: [-35, -3]
2026-01-09 16:44:51,769 - nvd_autonomous - INFO - Start Talking: 0
2026-01-09 16:44:51,769 - nvd_autonomous - INFO - Move to: [-35, -3]
2026-01-09 16:44:51,970 - nvd_autonomous - INFO - Start Talking: 1
2026-01-09 16:44:51,970 - nvd_autonomous - INFO - Move to: [-35, -3]
2026-01-09 16:44:59,005 - nvd_autonomous - INFO - Backchanneling to: [-35, -3]
2026-01-09 16:45:00,210 - nvd_autonomous - INFO - No one talking
2026-01-09 16:45:01,215 - nvd_autonomous - INFO - Start Talking: 1
2026-01-09 16:45:01,215 - nvd_autonomous - INFO - Move to: [-35, -3]
2026-01-09 16:45:02,823 - nvd_autonomous - INFO - Move pan to: 35
2026-01-09 16:45:02,823 - nvd_autonomous - INFO - Move tilt to: -3
2026-01-09 16:45:02,823 - nvd_autonomous - INFO - Start Talking: 1
2026-01-09 16:45:02,823 - nvd_autonomous - INFO - Move to: [-35, -3]
2026-01-09 16:45:03,225 - nvd_autonomous - INFO - No one talking
2026-01-09 16:45:03,829 - nvd_autonomous - INFO - Start Talking: 1
2026-01-09 16:45:03,829 - nvd_autonomous - INFO - Move to: [-35, -3]
2026-01-09 16:45:06,242 - nvd_autonomous - INFO - Start Talking: 1
2026-01-09 16:45:06,242 - nvd_autonomous - INFO - Move to: [-35, -3]
2026-01-09 16:45:11,268 - nvd_autonomous - INFO - No one talking
2026-01-09 16:45:12,274 - nvd_autonomous - INFO - Start Talking: 3
2026-01-09 16:45:12,274 - nvd_autonomous - INFO - Move to: [35, -3]
2026-01-09 16:45:13,882 - nvd_autonomous - INFO - No one talking
2026-01-09 16:45:14,083 - nvd_autonomous - INFO - Set image to: star.png
2026-01-09 16:45:15,892 - nvd_autonomous - INFO - Set image to: star.png
2026-01-09 16:45:18,706 - nvd_autonomous - INFO - Move pan to: 0
2026-01-09 16:45:18,706 - nvd_autonomous - INFO - Move tilt to: -3
2026-01-09 16:45:18,706 - nvd_autonomous - INFO - Set image to: blink.gif
2026-01-09 16:45:18,707 - nvd_autonomous - INFO - Set icon to: black.png
2026-01-09 16:45:20,718 - nvd_autonomous - INFO - Robot start talking
2026-01-09 16:45:20,920 - nvd_autonomous - INFO - Robot start talking
2026-01-09 16:45:21,121 - nvd_autonomous - INFO - Robot start talking
2026-01-09 16:45:21,322 - nvd_autonomous - INFO - Robot start talking
2026-01-09 16:45:21,523 - nvd_autonomous - INFO - Robot start talking
2026-01-09 16:45:21,724 - nvd_autonomous - INFO - Robot start talking
2026-01-09 16:45:21,925 - nvd_autonomous - INFO - Robot start talking
2026-01-09 16:45:22,126 - nvd_autonomous - INFO - Robot start talking
2026-01-09 16:45:22,327 - nvd_autonomous - INFO - Robot start talking
2026-01-09 16:45:22,528 - nvd_autonomous - INFO - Robot start talking
2026-01-09 16:45:22,729 - nvd_autonomous - INFO - Robot start talking
2026-01-09 16:45:22,930 - nvd_autonomous - INFO - Robot start talking
2026-01-09 16:45:23,131 - nvd_autonomous - INFO - Robot start talking
2026-01-09 16:45:23,332 - nvd_autonomous - INFO - Robot start talking
2026-01-09 16:45:23,533 - nvd_autonomous - INFO - Robot start talking
2026-01-09 16:45:23,734 - nvd_autonomous - INFO - Robot start talking
2026-01-09 16:45:23,936 - nvd_autonomous - INFO - Robot start talking
2026-01-09 16:45:24,137 - nvd_autonomous - INFO - Robot start talking
2026-01-09 16:45:24,338 - nvd_autonomous - INFO - Robot start talking
2026-01-09 16:45:24,539 - nvd_autonomous - INFO - Robot start talking
2026-01-09 16:45:24,740 - nvd_autonomous - INFO - Robot start talking
2026-01-09 16:45:24,941 - nvd_autonomous - INFO - Robot start talking
2026-01-09 16:45:25,142 - nvd_autonomous - INFO - Robot start talking
2026-01-09 16:45:25,344 - nvd_autonomous - INFO - Robot start talking
2026-01-09 16:45:25,545 - nvd_autonomous - INFO - Robot start talking
2026-01-09 16:45:25,746 - nvd_autonomous - INFO - Robot start talking
2026-01-09 16:45:25,947 - nvd_autonomous - INFO - Robot start talking
2026-01-09 16:45:26,148 - nvd_autonomous - INFO - Robot start talking
2026-01-09 16:45:26,350 - nvd_autonomous - INFO - Robot start talking
2026-01-09 16:45:26,551 - nvd_autonomous - INFO - Robot start talking
2026-01-09 16:45:26,752 - nvd_autonomous - INFO - Robot start talking
2026-01-09 16:45:27,154 - nvd_autonomous - INFO - No one talking
2026-01-09 16:45:28,963 - nvd_autonomous - INFO - Robot start talking
2026-01-09 16:45:29,164 - nvd_autonomous - INFO - Robot start talking
2026-01-09 16:45:29,365 - nvd_autonomous - INFO - Robot start talking
2026-01-09 16:45:29,566 - nvd_autonomous - INFO - Robot start talking
2026-01-09 16:45:29,767 - nvd_autonomous - INFO - Robot start talking
2026-01-09 16:45:29,968 - nvd_autonomous - INFO - Robot start talking
2026-01-09 16:45:30,169 - nvd_autonomous - INFO - Robot start talking
2026-01-09 16:45:30,370 - nvd_autonomous - INFO - Robot start talking
2026-01-09 16:45:30,571 - nvd_autonomous - INFO - Robot start talking
2026-01-09 16:45:30,773 - nvd_autonomous - INFO - Robot start talking
2026-01-09 16:45:30,973 - nvd_autonomous - INFO - Robot start talking
2026-01-09 16:45:31,175 - nvd_autonomous - INFO - Robot start talking
2026-01-09 16:45:31,376 - nvd_autonomous - INFO - Robot start talking
2026-01-09 16:45:31,577 - nvd_autonomous - INFO - Robot start talking
2026-01-09 16:45:31,779 - nvd_autonomous - INFO - Robot start talking
2026-01-09 16:45:32,181 - nvd_autonomous - INFO - No one talking
2026-01-09 16:45:33,386 - nvd_autonomous - INFO - Start Talking: 3
2026-01-09 16:45:33,386 - nvd_autonomous - INFO - Move to: [35, -3]
2026-01-09 16:45:33,788 - nvd_autonomous - INFO - No one talking
2026-01-09 16:45:34,794 - nvd_autonomous - INFO - Start Talking: 3
2026-01-09 16:45:34,795 - nvd_autonomous - INFO - Move to: [35, -3]
2026-01-09 16:45:35,197 - nvd_autonomous - INFO - Robot start talking
2026-01-09 16:45:35,599 - nvd_autonomous - INFO - No one talking
2026-01-09 16:45:36,001 - nvd_autonomous - INFO - Move pan to: 35
2026-01-09 16:45:36,002 - nvd_autonomous - INFO - Move tilt to: -3
2026-01-09 16:45:42,233 - nvd_autonomous - INFO - Start Talking: 0
2026-01-09 16:45:42,234 - nvd_autonomous - INFO - Move to: [-35, -3]
2026-01-09 16:45:43,842 - nvd_autonomous - INFO - Start Talking: 0
2026-01-09 16:45:43,842 - nvd_autonomous - INFO - Move to: [-35, -3]
2026-01-09 16:45:44,244 - nvd_autonomous - INFO - Start Talking: 0
2026-01-09 16:45:44,244 - nvd_autonomous - INFO - Move to: [-35, -3]
2026-01-09 16:45:44,647 - nvd_autonomous - INFO - No one talking
2026-01-09 16:45:46,255 - nvd_autonomous - INFO - Start Talking: 0
2026-01-09 16:45:46,255 - nvd_autonomous - INFO - Move to: [-35, -3]
2026-01-09 16:45:48,266 - nvd_autonomous - INFO - No one talking
2026-01-09 16:45:52,286 - nvd_autonomous - INFO - Start Talking: 0
2026-01-09 16:45:52,286 - nvd_autonomous - INFO - Move to: [-35, -3]
2026-01-09 16:45:55,703 - nvd_autonomous - INFO - No one talking
2026-01-09 16:45:56,709 - nvd_autonomous - INFO - Move pan to: 35
2026-01-09 16:45:56,709 - nvd_autonomous - INFO - Move tilt to: -3
2026-01-09 16:46:00,127 - nvd_autonomous - INFO - Start Talking: 0
2026-01-09 16:46:00,127 - nvd_autonomous - INFO - Move to: [-35, -3]
2026-01-09 16:46:01,937 - nvd_autonomous - INFO - No one talking
2026-01-09 16:46:03,946 - nvd_autonomous - INFO - Move pan to: 35
2026-01-09 16:46:03,946 - nvd_autonomous - INFO - Move tilt to: -3
2026-01-09 16:46:04,348 - nvd_autonomous - INFO - Start Talking: 3
2026-01-09 16:46:04,348 - nvd_autonomous - INFO - Move to: [35, -3]
2026-01-09 16:46:05,353 - nvd_autonomous - INFO - Move pan to: 35
2026-01-09 16:46:05,353 - nvd_autonomous - INFO - Move tilt to: -3
2026-01-09 16:46:05,554 - nvd_autonomous - INFO - Robot start talking
2026-01-09 16:46:05,957 - nvd_autonomous - INFO - No one talking
2026-01-09 16:46:06,762 - nvd_autonomous - INFO - Start Talking: 3
2026-01-09 16:46:06,762 - nvd_autonomous - INFO - Move to: [35, -3]
2026-01-09 16:46:06,964 - nvd_autonomous - INFO - Move pan to: 35
2026-01-09 16:46:06,964 - nvd_autonomous - INFO - Move tilt to: -3
2026-01-09 16:46:09,175 - nvd_autonomous - INFO - No one talking
2026-01-09 16:46:12,190 - nvd_autonomous - INFO - Start Talking: 3
2026-01-09 16:46:12,190 - nvd_autonomous - INFO - Move to: [35, -3]
2026-01-09 16:46:12,793 - nvd_autonomous - INFO - No one talking
2026-01-09 16:46:14,200 - nvd_autonomous - INFO - Start Talking: 3
2026-01-09 16:46:14,200 - nvd_autonomous - INFO - Move to: [35, -3]
2026-01-09 16:46:15,205 - nvd_autonomous - INFO - No one talking
2026-01-09 16:46:17,015 - nvd_autonomous - INFO - Start Talking: 3
2026-01-09 16:46:17,015 - nvd_autonomous - INFO - Move to: [35, -3]
2026-01-09 16:46:18,423 - nvd_autonomous - INFO - Robot start talking
2026-01-09 16:46:18,825 - nvd_autonomous - INFO - No one talking
2026-01-09 16:46:19,226 - nvd_autonomous - INFO - Start Talking: 3
2026-01-09 16:46:19,226 - nvd_autonomous - INFO - Move to: [35, -3]
2026-01-09 16:46:23,046 - nvd_autonomous - INFO - Start Talking: 3
2026-01-09 16:46:23,046 - nvd_autonomous - INFO - Move to: [35, -3]
2026-01-09 16:46:23,448 - nvd_autonomous - INFO - No one talking
2026-01-09 16:46:25,056 - nvd_autonomous - INFO - Start Talking: 3
2026-01-09 16:46:25,056 - nvd_autonomous - INFO - Move to: [35, -3]
2026-01-09 16:46:26,262 - nvd_autonomous - INFO - No one talking
2026-01-09 16:46:31,086 - nvd_autonomous - INFO - Start Talking: 3
2026-01-09 16:46:31,086 - nvd_autonomous - INFO - Move to: [35, -3]
2026-01-09 16:46:31,689 - nvd_autonomous - INFO - No one talking
2026-01-09 16:46:34,520 - nvd_autonomous - INFO - Start Talking: 0
2026-01-09 16:46:34,520 - nvd_autonomous - INFO - Move to: [-35, -3]
2026-01-09 16:46:34,923 - nvd_autonomous - INFO - No one talking
2026-01-09 16:46:41,355 - nvd_autonomous - INFO - Start Talking: 3
2026-01-09 16:46:41,355 - nvd_autonomous - INFO - Move to: [35, -3]
2026-01-09 16:46:41,757 - nvd_autonomous - INFO - No one talking
2026-01-09 16:46:44,773 - nvd_autonomous - INFO - Start Talking: 0
2026-01-09 16:46:44,774 - nvd_autonomous - INFO - Move to: [-35, -3]
2026-01-09 16:46:45,377 - nvd_autonomous - INFO - Start Talking: 3
2026-01-09 16:46:45,378 - nvd_autonomous - INFO - Move to: [35, -3]
2026-01-09 16:46:45,780 - nvd_autonomous - INFO - No one talking
2026-01-09 16:46:46,986 - nvd_autonomous - INFO - Start Talking: 3
2026-01-09 16:46:46,986 - nvd_autonomous - INFO - Move to: [35, -3]
2026-01-09 16:46:47,389 - nvd_autonomous - INFO - No one talking
2026-01-09 16:46:48,193 - nvd_autonomous - INFO - Move pan to: 35
2026-01-09 16:46:48,193 - nvd_autonomous - INFO - Move tilt to: -3
2026-01-09 16:46:53,420 - nvd_autonomous - INFO - Start Talking: 3
2026-01-09 16:46:53,421 - nvd_autonomous - INFO - Move to: [35, -3]
2026-01-09 16:46:54,828 - nvd_autonomous - INFO - Start Talking: 3
2026-01-09 16:46:54,828 - nvd_autonomous - INFO - Move to: [35, -3]
2026-01-09 16:46:55,834 - nvd_autonomous - INFO - No one talking
2026-01-09 16:46:57,040 - nvd_autonomous - INFO - Start Talking: 3
2026-01-09 16:46:57,040 - nvd_autonomous - INFO - Move to: [35, -3]
2026-01-09 16:46:58,045 - nvd_autonomous - INFO - Start Talking: 3
2026-01-09 16:46:58,045 - nvd_autonomous - INFO - Move to: [35, -3]
2026-01-09 16:46:58,447 - nvd_autonomous - INFO - No one talking
2026-01-09 16:47:01,665 - nvd_autonomous - INFO - Set icon to: listening.png
2026-01-09 16:47:03,875 - nvd_autonomous - INFO - Start Talking: 3
2026-01-09 16:47:03,875 - nvd_autonomous - INFO - Move to: [35, -3]
2026-01-09 16:47:10,912 - nvd_autonomous - INFO - Backchanneling to: [35, -3]
2026-01-09 16:47:12,923 - nvd_autonomous - INFO - No one talking
2026-01-09 16:47:13,526 - nvd_autonomous - INFO - Start Talking: 3
2026-01-09 16:47:13,526 - nvd_autonomous - INFO - Move to: [35, -3]
2026-01-09 16:47:16,542 - nvd_autonomous - INFO - No one talking
2026-01-09 16:47:16,944 - nvd_autonomous - INFO - Start Talking: 3
2026-01-09 16:47:16,944 - nvd_autonomous - INFO - Move to: [35, -3]
2026-01-09 16:47:20,763 - nvd_autonomous - INFO - No one talking
2026-01-09 16:47:20,965 - nvd_autonomous - INFO - Start Talking: 3
2026-01-09 16:47:20,965 - nvd_autonomous - INFO - Move to: [35, -3]
2026-01-09 16:47:21,769 - nvd_autonomous - INFO - Start Talking: 3
2026-01-09 16:47:21,769 - nvd_autonomous - INFO - Move to: [35, -3]
2026-01-09 16:47:24,181 - nvd_autonomous - INFO - No one talking
2026-01-09 16:47:24,985 - nvd_autonomous - INFO - Start Talking: 0
2026-01-09 16:47:24,985 - nvd_autonomous - INFO - Move to: [-35, -3]
2026-01-09 16:47:25,386 - nvd_autonomous - INFO - No one talking
2026-01-09 16:47:25,989 - nvd_autonomous - INFO - Start Talking: 3
2026-01-09 16:47:25,989 - nvd_autonomous - INFO - Move to: [35, -3]
2026-01-09 16:47:26,593 - nvd_autonomous - INFO - Start Talking: 3
2026-01-09 16:47:26,593 - nvd_autonomous - INFO - Move to: [35, -3]
2026-01-09 16:47:27,396 - nvd_autonomous - INFO - Start Talking: 3
2026-01-09 16:47:27,396 - nvd_autonomous - INFO - Move to: [35, -3]
2026-01-09 16:47:27,799 - nvd_autonomous - INFO - No one talking
2026-01-09 16:47:29,206 - nvd_autonomous - INFO - Set icon to: listening.png
2026-01-09 16:47:29,206 - nvd_autonomous - INFO - Start Talking: 3
2026-01-09 16:47:29,207 - nvd_autonomous - INFO - Move to: [35, -3]
2026-01-09 16:47:29,408 - nvd_autonomous - INFO - Robot start talking
2026-01-09 16:47:29,609 - nvd_autonomous - INFO - Start Talking: 3
2026-01-09 16:47:29,609 - nvd_autonomous - INFO - Move to: [35, -3]
2026-01-09 16:47:32,022 - nvd_autonomous - INFO - No one talking
2026-01-09 16:47:32,625 - nvd_autonomous - INFO - Move pan to: 35
2026-01-09 16:47:32,625 - nvd_autonomous - INFO - Move tilt to: -3
2026-01-09 16:47:34,636 - nvd_autonomous - INFO - Move pan to: 35
2026-01-09 16:47:34,636 - nvd_autonomous - INFO - Move tilt to: -3
2026-01-09 16:47:35,038 - nvd_autonomous - INFO - Start Talking: 3
2026-01-09 16:47:35,038 - nvd_autonomous - INFO - Move to: [35, -3]
2026-01-09 16:47:35,440 - nvd_autonomous - INFO - No one talking
2026-01-09 16:47:37,048 - nvd_autonomous - INFO - Start Talking: 3
2026-01-09 16:47:37,048 - nvd_autonomous - INFO - Move to: [35, -3]
2026-01-09 16:47:38,857 - nvd_autonomous - INFO - No one talking
2026-01-09 16:47:43,883 - nvd_autonomous - INFO - Set icon to: listening.png
2026-01-09 16:47:48,304 - nvd_autonomous - INFO - Start Talking: 3
2026-01-09 16:47:48,304 - nvd_autonomous - INFO - Move to: [35, -3]
2026-01-09 16:47:49,309 - nvd_autonomous - INFO - No one talking
2026-01-09 16:47:50,716 - nvd_autonomous - INFO - Move pan to: -35
2026-01-09 16:47:50,717 - nvd_autonomous - INFO - Move tilt to: -3
2026-01-09 16:47:52,529 - nvd_autonomous - INFO - Start Talking: 0
2026-01-09 16:47:52,530 - nvd_autonomous - INFO - Move to: [-35, -3]
2026-01-09 16:47:53,936 - nvd_autonomous - INFO - No one talking
2026-01-09 16:47:55,143 - nvd_autonomous - INFO - Start Talking: 0
2026-01-09 16:47:55,143 - nvd_autonomous - INFO - Move to: [-35, -3]
2026-01-09 16:47:56,148 - nvd_autonomous - INFO - No one talking
2026-01-09 16:47:58,358 - nvd_autonomous - INFO - Move pan to: 35
2026-01-09 16:47:58,358 - nvd_autonomous - INFO - Move tilt to: -3
2026-01-09 16:47:58,559 - nvd_autonomous - INFO - Start Talking: 0
2026-01-09 16:47:58,559 - nvd_autonomous - INFO - Move to: [-35, -3]
2026-01-09 16:48:00,368 - nvd_autonomous - INFO - No one talking
2026-01-09 16:48:00,569 - nvd_autonomous - INFO - Start Talking: 0
2026-01-09 16:48:00,569 - nvd_autonomous - INFO - Move to: [-35, -3]
2026-01-09 16:48:00,971 - nvd_autonomous - INFO - Move pan to: 35
2026-01-09 16:48:00,971 - nvd_autonomous - INFO - Move tilt to: -3
2026-01-09 16:48:03,586 - nvd_autonomous - INFO - Move pan to: 35
2026-01-09 16:48:03,586 - nvd_autonomous - INFO - Move tilt to: -3
2026-01-09 16:48:03,787 - nvd_autonomous - INFO - No one talking
2026-01-09 16:48:04,792 - nvd_autonomous - INFO - Start Talking: 3
2026-01-09 16:48:04,792 - nvd_autonomous - INFO - Move to: [35, -3]
2026-01-09 16:48:07,405 - nvd_autonomous - INFO - No one talking
2026-01-09 16:48:08,009 - nvd_autonomous - INFO - Start Talking: 3
2026-01-09 16:48:08,009 - nvd_autonomous - INFO - Move to: [35, -3]
2026-01-09 16:48:08,814 - nvd_autonomous - INFO - Set image to: love.png
2026-01-09 16:48:09,417 - nvd_autonomous - INFO - No one talking
2026-01-09 16:48:12,632 - nvd_autonomous - INFO - Set image to: love.png
2026-01-09 16:48:12,833 - nvd_autonomous - INFO - Start Talking: 3
2026-01-09 16:48:12,833 - nvd_autonomous - INFO - Move to: [35, -3]
2026-01-09 16:48:15,245 - nvd_autonomous - INFO - No one talking
2026-01-09 16:48:17,055 - nvd_autonomous - INFO - Move pan to: 0
2026-01-09 16:48:17,055 - nvd_autonomous - INFO - Move tilt to: -3
2026-01-09 16:48:17,055 - nvd_autonomous - INFO - Set image to: blink.gif
2026-01-09 16:48:17,055 - nvd_autonomous - INFO - Set icon to: black.png
2026-01-09 16:48:18,063 - nvd_autonomous - INFO - Start Talking: 3
2026-01-09 16:48:18,063 - nvd_autonomous - INFO - Move to: [35, -3]
2026-01-09 16:48:19,068 - nvd_autonomous - INFO - No one talking
2026-01-09 16:48:19,670 - nvd_autonomous - INFO - Start Talking: 3
2026-01-09 16:48:19,670 - nvd_autonomous - INFO - Move to: [35, -3]
2026-01-09 16:48:20,474 - nvd_autonomous - INFO - Move pan to: 0
2026-01-09 16:48:20,474 - nvd_autonomous - INFO - Move tilt to: -3
2026-01-09 16:48:20,474 - nvd_autonomous - INFO - Set image to: blink.gif
2026-01-09 16:48:20,474 - nvd_autonomous - INFO - Set icon to: black.png
2026-01-09 16:48:20,474 - nvd_autonomous - INFO - No one talking
2026-01-09 16:48:23,289 - nvd_autonomous - INFO - Start Talking: 3
2026-01-09 16:48:23,289 - nvd_autonomous - INFO - Move to: [35, -3]
2026-01-09 16:48:23,691 - nvd_autonomous - INFO - No one talking
2026-01-09 16:48:25,701 - nvd_autonomous - INFO - Start Talking: 3
2026-01-09 16:48:25,701 - nvd_autonomous - INFO - Move to: [35, -3]
2026-01-09 16:48:26,103 - nvd_autonomous - INFO - No one talking
2026-01-09 16:48:30,526 - nvd_autonomous - INFO - Start Talking: 1
2026-01-09 16:48:30,526 - nvd_autonomous - INFO - Move to: [-35, -3]
2026-01-09 16:48:31,531 - nvd_autonomous - INFO - Start Talking: 3
2026-01-09 16:48:31,531 - nvd_autonomous - INFO - Move to: [35, -3]
2026-01-09 16:48:33,141 - nvd_autonomous - INFO - Start Talking: 0
2026-01-09 16:48:33,141 - nvd_autonomous - INFO - Move to: [-35, -3]
2026-01-09 16:48:33,543 - nvd_autonomous - INFO - Start Talking: 1
2026-01-09 16:48:33,543 - nvd_autonomous - INFO - Move to: [-35, -3]
2026-01-09 16:48:34,347 - nvd_autonomous - INFO - Start Talking: 1
2026-01-09 16:48:34,375 - nvd_autonomous - INFO - Move to: [-35, -3]
2026-01-09 16:48:41,410 - nvd_autonomous - INFO - Backchanneling to: [-35, -3]
2026-01-09 16:48:41,812 - nvd_autonomous - INFO - No one talking
2026-01-09 16:48:43,420 - nvd_autonomous - INFO - Start Talking: 1
2026-01-09 16:48:43,420 - nvd_autonomous - INFO - Move to: [-35, -3]
2026-01-09 16:48:50,656 - nvd_autonomous - INFO - No one talking
2026-01-09 16:48:52,064 - nvd_autonomous - INFO - Start Talking: 1
2026-01-09 16:48:52,065 - nvd_autonomous - INFO - Move to: [-35, -3]
2026-01-09 16:48:55,079 - nvd_autonomous - INFO - No one talking
2026-01-09 16:48:56,085 - nvd_autonomous - INFO - Start Talking: 1
2026-01-09 16:48:56,085 - nvd_autonomous - INFO - Move to: [-35, -3]
2026-01-09 16:48:57,492 - nvd_autonomous - INFO - No one talking
2026-01-09 16:48:59,904 - nvd_autonomous - INFO - Start Talking: 1
2026-01-09 16:48:59,905 - nvd_autonomous - INFO - Move to: [-35, -3]
2026-01-09 16:49:01,313 - nvd_autonomous - INFO - No one talking
2026-01-09 16:49:01,715 - nvd_autonomous - INFO - Start Talking: 1
2026-01-09 16:49:01,716 - nvd_autonomous - INFO - Move to: [-35, -3]
2026-01-09 16:49:02,118 - nvd_autonomous - INFO - No one talking
2026-01-09 16:49:05,539 - nvd_autonomous - INFO - Start Talking: 1
2026-01-09 16:49:05,539 - nvd_autonomous - INFO - Move to: [-35, -3]
2026-01-09 16:49:05,941 - nvd_autonomous - INFO - No one talking
2026-01-09 16:49:10,966 - nvd_autonomous - INFO - Start Talking: 1
2026-01-09 16:49:10,967 - nvd_autonomous - INFO - Move to: [-35, -3]
2026-01-09 16:49:13,178 - nvd_autonomous - INFO - Start Talking: 1
2026-01-09 16:49:13,178 - nvd_autonomous - INFO - Move to: [-35, -3]
2026-01-09 16:49:15,992 - nvd_autonomous - INFO - No one talking
2026-01-09 16:49:16,595 - nvd_autonomous - INFO - Start Talking: 1
2026-01-09 16:49:16,595 - nvd_autonomous - INFO - Move to: [-35, -3]
2026-01-09 16:49:17,601 - nvd_autonomous - INFO - No one talking
2026-01-09 16:49:18,405 - nvd_autonomous - INFO - Start Talking: 1
2026-01-09 16:49:18,405 - nvd_autonomous - INFO - Move to: [-35, -3]
2026-01-09 16:49:19,410 - nvd_autonomous - INFO - No one talking
2026-01-09 16:49:20,415 - nvd_autonomous - INFO - Start Talking: 1
2026-01-09 16:49:20,415 - nvd_autonomous - INFO - Move to: [-35, -3]
2026-01-09 16:49:23,832 - nvd_autonomous - INFO - Start Talking: 3
2026-01-09 16:49:23,832 - nvd_autonomous - INFO - Move to: [35, -3]
2026-01-09 16:49:25,239 - nvd_autonomous - INFO - Start Talking: 1
2026-01-09 16:49:25,239 - nvd_autonomous - INFO - Move to: [-35, -3]
2026-01-09 16:49:26,446 - nvd_autonomous - INFO - Move pan to: 35
2026-01-09 16:49:26,446 - nvd_autonomous - INFO - Move tilt to: -3
2026-01-09 16:49:26,647 - nvd_autonomous - INFO - No one talking
2026-01-09 16:49:27,652 - nvd_autonomous - INFO - Start Talking: 3
2026-01-09 16:49:27,653 - nvd_autonomous - INFO - Move to: [35, -3]
2026-01-09 16:49:28,456 - nvd_autonomous - INFO - No one talking
2026-01-09 16:49:30,266 - nvd_autonomous - INFO - Move pan to: 35
2026-01-09 16:49:30,266 - nvd_autonomous - INFO - Move tilt to: -3
2026-01-09 16:49:31,071 - nvd_autonomous - INFO - Start Talking: 3
2026-01-09 16:49:31,071 - nvd_autonomous - INFO - Move to: [35, -3]
2026-01-09 16:49:31,675 - nvd_autonomous - INFO - No one talking
2026-01-09 16:49:38,309 - nvd_autonomous - INFO - Set icon to: listening.png
2026-01-09 16:49:38,510 - nvd_autonomous - INFO - Start Talking: 3
2026-01-09 16:49:38,510 - nvd_autonomous - INFO - Move to: [35, -3]
2026-01-09 16:49:39,917 - nvd_autonomous - INFO - No one talking
2026-01-09 16:49:43,937 - nvd_autonomous - INFO - Start Talking: 3
2026-01-09 16:49:43,937 - nvd_autonomous - INFO - Move to: [35, -3]
2026-01-09 16:49:44,339 - nvd_autonomous - INFO - No one talking
2026-01-09 16:49:45,344 - nvd_autonomous - INFO - Set icon to: listening.png
2026-01-09 16:49:45,345 - nvd_autonomous - INFO - Start Talking: 3
2026-01-09 16:49:45,345 - nvd_autonomous - INFO - Move to: [35, -3]
2026-01-09 16:49:52,381 - nvd_autonomous - INFO - Backchanneling to: [35, -3]
2026-01-09 16:49:58,412 - nvd_autonomous - INFO - Start Talking: 1
2026-01-09 16:49:58,412 - nvd_autonomous - INFO - Move to: [-35, -3]
2026-01-09 16:49:59,821 - nvd_autonomous - INFO - Start Talking: 3
2026-01-09 16:49:59,821 - nvd_autonomous - INFO - Move to: [35, -3]
2026-01-09 16:50:00,022 - nvd_autonomous - INFO - Start Talking: 1
2026-01-09 16:50:00,022 - nvd_autonomous - INFO - Move to: [-35, -3]
2026-01-09 16:50:00,223 - nvd_autonomous - INFO - Start Talking: 3
2026-01-09 16:50:00,223 - nvd_autonomous - INFO - Move to: [35, -3]
2026-01-09 16:50:01,429 - nvd_autonomous - INFO - Set icon to: listening.png
2026-01-09 16:50:02,233 - nvd_autonomous - INFO - Start Talking: 0
2026-01-09 16:50:02,234 - nvd_autonomous - INFO - Move to: [-35, -3]
2026-01-09 16:50:04,042 - nvd_autonomous - INFO - No one talking
2026-01-09 16:50:05,851 - nvd_autonomous - INFO - Start Talking: 0
2026-01-09 16:50:05,852 - nvd_autonomous - INFO - Move to: [-35, -3]
2026-01-09 16:50:06,255 - nvd_autonomous - INFO - Start Talking: 1
2026-01-09 16:50:06,255 - nvd_autonomous - INFO - Move to: [-35, -3]
2026-01-09 16:50:06,657 - nvd_autonomous - INFO - Move pan to: -35
2026-01-09 16:50:06,657 - nvd_autonomous - INFO - Move tilt to: -3
2026-01-09 16:50:06,657 - nvd_autonomous - INFO - No one talking
2026-01-09 16:50:07,461 - nvd_autonomous - INFO - Start Talking: 0
2026-01-09 16:50:07,461 - nvd_autonomous - INFO - Move to: [-35, -3]
2026-01-09 16:50:11,280 - nvd_autonomous - INFO - No one talking
2026-01-09 16:50:12,486 - nvd_autonomous - INFO - Start Talking: 0
2026-01-09 16:50:12,486 - nvd_autonomous - INFO - Move to: [-35, -3]
2026-01-09 16:50:12,688 - nvd_autonomous - INFO - Start Talking: 1
2026-01-09 16:50:12,688 - nvd_autonomous - INFO - Move to: [-35, -3]
2026-01-09 16:50:12,889 - nvd_autonomous - INFO - Start Talking: 0
2026-01-09 16:50:12,890 - nvd_autonomous - INFO - Move to: [-35, -3]
2026-01-09 16:50:13,091 - nvd_autonomous - INFO - Start Talking: 1
2026-01-09 16:50:13,091 - nvd_autonomous - INFO - Move to: [-35, -3]
2026-01-09 16:50:14,499 - nvd_autonomous - INFO - Start Talking: 0
2026-01-09 16:50:14,499 - nvd_autonomous - INFO - Move to: [-35, -3]
2026-01-09 16:50:15,102 - nvd_autonomous - INFO - Start Talking: 1
2026-01-09 16:50:15,102 - nvd_autonomous - INFO - Move to: [-35, -3]
2026-01-09 16:50:18,319 - nvd_autonomous - INFO - Set image to: effort.png
2026-01-09 16:50:18,722 - nvd_autonomous - INFO - No one talking
2026-01-09 16:50:20,933 - nvd_autonomous - INFO - Move pan to: 0
2026-01-09 16:50:20,933 - nvd_autonomous - INFO - Move tilt to: -3
2026-01-09 16:50:20,933 - nvd_autonomous - INFO - Set image to: blink.gif
2026-01-09 16:50:20,934 - nvd_autonomous - INFO - Set icon to: black.png
2026-01-09 16:50:22,543 - nvd_autonomous - INFO - Move pan to: 35
2026-01-09 16:50:22,543 - nvd_autonomous - INFO - Move tilt to: -3
2026-01-09 16:50:24,552 - nvd_autonomous - INFO - Move pan to: 35
2026-01-09 16:50:24,552 - nvd_autonomous - INFO - Move tilt to: -3
2026-01-09 16:50:27,969 - nvd_autonomous - INFO - Start Talking: 3
2026-01-09 16:50:27,969 - nvd_autonomous - INFO - Move to: [35, -3]
2026-01-09 16:50:29,376 - nvd_autonomous - INFO - No one talking
2026-01-09 16:50:30,381 - nvd_autonomous - INFO - Start Talking: 3
2026-01-09 16:50:30,381 - nvd_autonomous - INFO - Move to: [35, -3]
2026-01-09 16:50:30,783 - nvd_autonomous - INFO - No one talking
2026-01-09 16:50:35,406 - nvd_autonomous - INFO - Start Talking: 3
2026-01-09 16:50:35,406 - nvd_autonomous - INFO - Move to: [35, -3]
2026-01-09 16:50:35,808 - nvd_autonomous - INFO - Start Talking: 3
2026-01-09 16:50:35,808 - nvd_autonomous - INFO - Move to: [35, -3]
2026-01-09 16:50:36,412 - nvd_autonomous - INFO - No one talking
2026-01-09 16:50:36,814 - nvd_autonomous - INFO - Start Talking: 3
2026-01-09 16:50:36,814 - nvd_autonomous - INFO - Move to: [35, -3]
2026-01-09 16:50:37,216 - nvd_autonomous - INFO - Start Talking: 3
2026-01-09 16:50:37,216 - nvd_autonomous - INFO - Move to: [35, -3]
2026-01-09 16:50:38,221 - nvd_autonomous - INFO - No one talking
2026-01-09 16:50:40,433 - nvd_autonomous - INFO - Set icon to: listening.png
2026-01-09 16:50:41,840 - nvd_autonomous - INFO - Start Talking: 1
2026-01-09 16:50:41,840 - nvd_autonomous - INFO - Move to: [-35, -3]
2026-01-09 16:50:42,041 - nvd_autonomous - INFO - Move pan to: -35
2026-01-09 16:50:42,041 - nvd_autonomous - INFO - Move tilt to: -3
2026-01-09 16:50:42,845 - nvd_autonomous - INFO - No one talking
2026-01-09 16:50:43,649 - nvd_autonomous - INFO - Move pan to: -35
2026-01-09 16:50:43,650 - nvd_autonomous - INFO - Move tilt to: -3
2026-01-09 16:50:43,651 - nvd_autonomous - INFO - Start Talking: 1
2026-01-09 16:50:43,651 - nvd_autonomous - INFO - Move to: [-35, -3]
2026-01-09 16:50:44,857 - nvd_autonomous - INFO - Move pan to: -35
2026-01-09 16:50:44,857 - nvd_autonomous - INFO - Move tilt to: -3
2026-01-09 16:50:44,857 - nvd_autonomous - INFO - No one talking
2026-01-09 16:50:46,063 - nvd_autonomous - INFO - Move pan to: -35
2026-01-09 16:50:46,063 - nvd_autonomous - INFO - Move tilt to: -3
2026-01-09 16:50:46,867 - nvd_autonomous - INFO - Start Talking: 1
2026-01-09 16:50:46,867 - nvd_autonomous - INFO - Move to: [-35, -3]
2026-01-09 16:50:49,480 - nvd_autonomous - INFO - No one talking
2026-01-09 16:50:50,083 - nvd_autonomous - INFO - Start Talking: 1
2026-01-09 16:50:50,083 - nvd_autonomous - INFO - Move to: [-35, -3]
2026-01-09 16:50:50,486 - nvd_autonomous - INFO - Start Talking: 1
2026-01-09 16:50:50,486 - nvd_autonomous - INFO - Move to: [-35, -3]
2026-01-09 16:50:52,697 - nvd_autonomous - INFO - No one talking
2026-01-09 16:50:53,300 - nvd_autonomous - INFO - Start Talking: 1
2026-01-09 16:50:53,300 - nvd_autonomous - INFO - Move to: [-35, -3]
2026-01-09 16:50:55,311 - nvd_autonomous - INFO - Start Talking: 1
2026-01-09 16:50:55,311 - nvd_autonomous - INFO - Move to: [-35, -3]
2026-01-09 16:50:57,120 - nvd_autonomous - INFO - No one talking
2026-01-09 16:51:01,743 - nvd_autonomous - INFO - Set icon to: listening.png
2026-01-09 16:51:02,146 - nvd_autonomous - INFO - Start Talking: 1
2026-01-09 16:51:02,146 - nvd_autonomous - INFO - Move to: [-35, -3]
2026-01-09 16:51:04,156 - nvd_autonomous - INFO - No one talking
2026-01-09 16:51:06,368 - nvd_autonomous - INFO - Start Talking: 1
2026-01-09 16:51:06,368 - nvd_autonomous - INFO - Move to: [-35, -3]
2026-01-09 16:51:06,770 - nvd_autonomous - INFO - Start Talking: 1
2026-01-09 16:51:06,770 - nvd_autonomous - INFO - Move to: [-35, -3]
2026-01-09 16:51:10,791 - nvd_autonomous - INFO - No one talking
2026-01-09 16:51:11,394 - nvd_autonomous - INFO - Start Talking: 1
2026-01-09 16:51:11,394 - nvd_autonomous - INFO - Move to: [-35, -3]
2026-01-09 16:51:12,600 - nvd_autonomous - INFO - No one talking
2026-01-09 16:51:14,410 - nvd_autonomous - INFO - Set icon to: listening.png
2026-01-09 16:51:15,616 - nvd_autonomous - INFO - Start Talking: 1
2026-01-09 16:51:15,616 - nvd_autonomous - INFO - Move to: [-35, -3]
2026-01-09 16:51:16,019 - nvd_autonomous - INFO - Start Talking: 1
2026-01-09 16:51:16,019 - nvd_autonomous - INFO - Move to: [-35, -3]
2026-01-09 16:51:19,236 - nvd_autonomous - INFO - No one talking
2026-01-09 16:51:20,442 - nvd_autonomous - INFO - Start Talking: 1
2026-01-09 16:51:20,442 - nvd_autonomous - INFO - Move to: [-35, -3]
2026-01-09 16:51:21,047 - nvd_autonomous - INFO - Start Talking: 1
2026-01-09 16:51:21,047 - nvd_autonomous - INFO - Move to: [-35, -3]
2026-01-09 16:51:26,272 - nvd_autonomous - INFO - No one talking
2026-01-09 16:51:26,674 - nvd_autonomous - INFO - Start Talking: 1
2026-01-09 16:51:26,674 - nvd_autonomous - INFO - Move to: [-35, -3]
2026-01-09 16:51:28,686 - nvd_autonomous - INFO - No one talking
2026-01-09 16:51:29,892 - nvd_autonomous - INFO - Start Talking: 1
2026-01-09 16:51:29,892 - nvd_autonomous - INFO - Move to: [-35, -3]
2026-01-09 16:51:36,927 - nvd_autonomous - INFO - Backchanneling to: [-35, -3]
2026-01-09 16:51:38,536 - nvd_autonomous - INFO - Start Talking: 1
2026-01-09 16:51:38,536 - nvd_autonomous - INFO - Move to: [-35, -3]
2026-01-09 16:51:44,766 - nvd_autonomous - INFO - No one talking
2026-01-09 16:51:45,369 - nvd_autonomous - INFO - Start Talking: 1
2026-01-09 16:51:45,370 - nvd_autonomous - INFO - Move to: [-35, -3]
2026-01-09 16:51:52,406 - nvd_autonomous - INFO - Backchanneling to: [-35, -3]
2026-01-09 16:51:57,431 - nvd_autonomous - INFO - Move pan to: 35
2026-01-09 16:51:57,431 - nvd_autonomous - INFO - Move tilt to: -3
2026-01-09 16:51:57,834 - nvd_autonomous - INFO - No one talking
2026-01-09 16:51:58,437 - nvd_autonomous - INFO - Move pan to: 35
2026-01-09 16:51:58,437 - nvd_autonomous - INFO - Move tilt to: -3
2026-01-09 16:51:58,638 - nvd_autonomous - INFO - Start Talking: 3
2026-01-09 16:51:58,638 - nvd_autonomous - INFO - Move to: [35, -3]
2026-01-09 16:52:02,457 - nvd_autonomous - INFO - No one talking
2026-01-09 16:52:02,859 - nvd_autonomous - INFO - Start Talking: 3
2026-01-09 16:52:02,859 - nvd_autonomous - INFO - Move to: [35, -3]
2026-01-09 16:52:04,266 - nvd_autonomous - INFO - No one talking
2026-01-09 16:52:06,075 - nvd_autonomous - INFO - Start Talking: 3
2026-01-09 16:52:06,075 - nvd_autonomous - INFO - Move to: [35, -3]
2026-01-09 16:52:08,286 - nvd_autonomous - INFO - No one talking
2026-01-09 16:52:09,492 - nvd_autonomous - INFO - Robot start talking
2026-01-09 16:52:09,895 - nvd_autonomous - INFO - Robot start talking
2026-01-09 16:52:10,298 - nvd_autonomous - INFO - No one talking
2026-01-09 16:52:13,917 - nvd_autonomous - INFO - Start Talking: 1
2026-01-09 16:52:13,917 - nvd_autonomous - INFO - Move to: [-35, -3]
2026-01-09 16:52:14,319 - nvd_autonomous - INFO - Robot start talking
2026-01-09 16:52:14,520 - nvd_autonomous - INFO - Robot start talking
2026-01-09 16:52:14,721 - nvd_autonomous - INFO - Set icon to: listening.png
2026-01-09 16:52:14,721 - nvd_autonomous - INFO - Start Talking: 3
2026-01-09 16:52:14,721 - nvd_autonomous - INFO - Move to: [35, -3]
2026-01-09 16:52:15,123 - nvd_autonomous - INFO - No one talking
2026-01-09 16:52:15,325 - nvd_autonomous - INFO - Robot start talking
2026-01-09 16:52:15,727 - nvd_autonomous - INFO - No one talking
2026-01-09 16:52:18,139 - nvd_autonomous - INFO - Move pan to: 35
2026-01-09 16:52:18,139 - nvd_autonomous - INFO - Move tilt to: -3
2026-01-09 16:52:18,742 - nvd_autonomous - INFO - Start Talking: 3
2026-01-09 16:52:18,742 - nvd_autonomous - INFO - Move to: [35, -3]
2026-01-09 16:52:19,547 - nvd_autonomous - INFO - Move pan to: 35
2026-01-09 16:52:19,547 - nvd_autonomous - INFO - Move tilt to: -3
2026-01-09 16:52:20,754 - nvd_autonomous - INFO - Start Talking: 3
2026-01-09 16:52:20,754 - nvd_autonomous - INFO - Move to: [35, -3]
2026-01-09 16:52:21,156 - nvd_autonomous - INFO - No one talking
2026-01-09 16:52:22,362 - nvd_autonomous - INFO - Start Talking: 3
2026-01-09 16:52:22,362 - nvd_autonomous - INFO - Move to: [35, -3]
2026-01-09 16:52:22,564 - nvd_autonomous - INFO - Start Talking: 1
2026-01-09 16:52:22,565 - nvd_autonomous - INFO - Move to: [-35, -3]
2026-01-09 16:52:23,770 - nvd_autonomous - INFO - No one talking
2026-01-09 16:52:30,403 - nvd_autonomous - INFO - Start Talking: 1
2026-01-09 16:52:30,404 - nvd_autonomous - INFO - Move to: [-35, -3]
2026-01-09 16:52:31,007 - nvd_autonomous - INFO - Set icon to: listening.png
2026-01-09 16:52:31,812 - nvd_autonomous - INFO - No one talking
2026-01-09 16:52:33,823 - nvd_autonomous - INFO - Start Talking: 1
2026-01-09 16:52:33,823 - nvd_autonomous - INFO - Move to: [-35, -3]
2026-01-09 16:52:34,828 - nvd_autonomous - INFO - No one talking
2026-01-09 16:52:36,035 - nvd_autonomous - INFO - Start Talking: 1
2026-01-09 16:52:36,036 - nvd_autonomous - INFO - Move to: [-35, -3]
2026-01-09 16:52:40,055 - nvd_autonomous - INFO - No one talking
2026-01-09 16:52:40,860 - nvd_autonomous - INFO - Start Talking: 1
2026-01-09 16:52:40,861 - nvd_autonomous - INFO - Move to: [-35, -3]
2026-01-09 16:52:45,081 - nvd_autonomous - INFO - No one talking
2026-01-09 16:52:45,886 - nvd_autonomous - INFO - Start Talking: 1
2026-01-09 16:52:45,887 - nvd_autonomous - INFO - Move to: [-35, -3]
2026-01-09 16:52:52,925 - nvd_autonomous - INFO - Backchanneling to: [-35, -3]
2026-01-09 16:52:59,558 - nvd_autonomous - INFO - Start Talking: 1
2026-01-09 16:52:59,559 - nvd_autonomous - INFO - Move to: [-35, -3]
2026-01-09 16:53:01,394 - nvd_autonomous - INFO - No one talking
2026-01-09 16:53:02,399 - nvd_autonomous - INFO - Start Talking: 1
2026-01-09 16:53:02,399 - nvd_autonomous - INFO - Move to: [-35, -3]
2026-01-09 16:53:02,801 - nvd_autonomous - INFO - No one talking
2026-01-09 16:53:03,807 - nvd_autonomous - INFO - Start Talking: 1
2026-01-09 16:53:03,807 - nvd_autonomous - INFO - Move to: [-35, -3]
2026-01-09 16:53:05,617 - nvd_autonomous - INFO - No one talking
2026-01-09 16:53:06,622 - nvd_autonomous - INFO - Start Talking: 1
2026-01-09 16:53:06,623 - nvd_autonomous - INFO - Move to: [-35, -3]
2026-01-09 16:53:08,634 - nvd_autonomous - INFO - No one talking
2026-01-09 16:53:11,849 - nvd_autonomous - INFO - Set icon to: listening.png
2026-01-09 16:53:14,864 - nvd_autonomous - INFO - Start Talking: 1
2026-01-09 16:53:14,864 - nvd_autonomous - INFO - Move to: [-35, -3]
2026-01-09 16:53:16,674 - nvd_autonomous - INFO - No one talking
2026-01-09 16:53:17,879 - nvd_autonomous - INFO - Start Talking: 1
2026-01-09 16:53:17,879 - nvd_autonomous - INFO - Move to: [-35, -3]
2026-01-09 16:53:21,297 - nvd_autonomous - INFO - No one talking
2026-01-09 16:53:22,102 - nvd_autonomous - INFO - Start Talking: 1
2026-01-09 16:53:22,103 - nvd_autonomous - INFO - Move to: [-35, -3]
2026-01-09 16:53:23,510 - nvd_autonomous - INFO - No one talking
2026-01-09 16:53:24,517 - nvd_autonomous - INFO - Start Talking: 1
2026-01-09 16:53:24,517 - nvd_autonomous - INFO - Move to: [-35, -3]
2026-01-09 16:53:31,753 - nvd_autonomous - INFO - No one talking
2026-01-09 16:53:34,165 - nvd_autonomous - INFO - Start Talking: 1
2026-01-09 16:53:34,166 - nvd_autonomous - INFO - Move to: [-35, -3]
2026-01-09 16:53:36,778 - nvd_autonomous - INFO - No one talking
2026-01-09 16:53:36,981 - nvd_autonomous - INFO - Start Talking: 1
2026-01-09 16:53:36,981 - nvd_autonomous - INFO - Move to: [-35, -3]
2026-01-09 16:53:38,991 - nvd_autonomous - INFO - Start Talking: 1
2026-01-09 16:53:38,991 - nvd_autonomous - INFO - Move to: [-35, -3]
2026-01-09 16:53:39,595 - nvd_autonomous - INFO - Start Talking: 1
2026-01-09 16:53:39,595 - nvd_autonomous - INFO - Move to: [-35, -3]
2026-01-09 16:53:43,212 - nvd_autonomous - INFO - No one talking
2026-01-09 16:53:43,614 - nvd_autonomous - INFO - Start Talking: 1
2026-01-09 16:53:43,614 - nvd_autonomous - INFO - Move to: [-35, -3]
2026-01-09 16:53:44,016 - nvd_autonomous - INFO - No one talking
2026-01-09 16:53:45,424 - nvd_autonomous - INFO - Start Talking: 1
2026-01-09 16:53:45,424 - nvd_autonomous - INFO - Move to: [-35, -3]
2026-01-09 16:53:47,635 - nvd_autonomous - INFO - No one talking
2026-01-09 16:53:48,238 - nvd_autonomous - INFO - Start Talking: 1
2026-01-09 16:53:48,238 - nvd_autonomous - INFO - Move to: [-35, -3]
2026-01-09 16:53:50,248 - nvd_autonomous - INFO - No one talking
2026-01-09 16:53:51,655 - nvd_autonomous - INFO - Start Talking: 1
2026-01-09 16:53:51,655 - nvd_autonomous - INFO - Move to: [-35, -3]
2026-01-09 16:53:55,877 - nvd_autonomous - INFO - No one talking
2026-01-09 16:53:58,491 - nvd_autonomous - INFO - Start Talking: 1
2026-01-09 16:53:58,491 - nvd_autonomous - INFO - Move to: [-35, -3]
2026-01-09 16:54:00,501 - nvd_autonomous - INFO - No one talking
2026-01-09 16:54:00,904 - nvd_autonomous - INFO - Start Talking: 1
2026-01-09 16:54:00,904 - nvd_autonomous - INFO - Move to: [-35, -3]
2026-01-09 16:54:01,306 - nvd_autonomous - INFO - Start Talking: 1
2026-01-09 16:54:01,306 - nvd_autonomous - INFO - Move to: [-35, -3]
2026-01-09 16:54:02,110 - nvd_autonomous - INFO - No one talking
2026-01-09 16:54:03,718 - nvd_autonomous - INFO - Start Talking: 1
2026-01-09 16:54:03,718 - nvd_autonomous - INFO - Move to: [-35, -3]
2026-01-09 16:54:04,323 - nvd_autonomous - INFO - Start Talking: 1
2026-01-09 16:54:04,323 - nvd_autonomous - INFO - Move to: [-35, -3]
2026-01-09 16:54:07,741 - nvd_autonomous - INFO - No one talking
2026-01-09 16:54:10,555 - nvd_autonomous - INFO - Start Talking: 1
2026-01-09 16:54:10,556 - nvd_autonomous - INFO - Move to: [-35, -3]
2026-01-09 16:54:11,159 - nvd_autonomous - INFO - No one talking
2026-01-09 16:54:12,365 - nvd_autonomous - INFO - Start Talking: 1
2026-01-09 16:54:12,365 - nvd_autonomous - INFO - Move to: [-35, -3]
2026-01-09 16:54:13,370 - nvd_autonomous - INFO - Start Talking: 3
2026-01-09 16:54:13,370 - nvd_autonomous - INFO - Move to: [35, -3]
2026-01-09 16:54:14,174 - nvd_autonomous - INFO - Start Talking: 1
2026-01-09 16:54:14,174 - nvd_autonomous - INFO - Move to: [-35, -3]
2026-01-09 16:54:20,611 - nvd_autonomous - INFO - Move pan to: -35
2026-01-09 16:54:20,611 - nvd_autonomous - INFO - Move tilt to: -3
2026-01-09 16:54:21,216 - nvd_autonomous - INFO - No one talking
2026-01-09 16:54:21,819 - nvd_autonomous - INFO - Start Talking: 1
2026-01-09 16:54:21,819 - nvd_autonomous - INFO - Move to: [-35, -3]
2026-01-09 16:54:24,231 - nvd_autonomous - INFO - No one talking
2026-01-09 16:54:25,036 - nvd_autonomous - INFO - Start Talking: 1
2026-01-09 16:54:25,036 - nvd_autonomous - INFO - Move to: [-35, -3]
2026-01-09 16:54:26,042 - nvd_autonomous - INFO - No one talking
2026-01-09 16:54:28,856 - nvd_autonomous - INFO - Start Talking: 1
2026-01-09 16:54:28,856 - nvd_autonomous - INFO - Move to: [-35, -3]
2026-01-09 16:54:30,867 - nvd_autonomous - INFO - Move pan to: 35
2026-01-09 16:54:30,867 - nvd_autonomous - INFO - Move tilt to: -3
2026-01-09 16:54:35,689 - nvd_autonomous - INFO - Move pan to: -35
2026-01-09 16:54:35,689 - nvd_autonomous - INFO - Move tilt to: -3
2026-01-09 16:54:35,892 - nvd_autonomous - INFO - Backchanneling to: [-35, -3]
2026-01-09 16:54:36,093 - nvd_autonomous - INFO - Start Talking: 0
2026-01-09 16:54:36,093 - nvd_autonomous - INFO - Move to: [-35, -3]
2026-01-09 16:54:36,294 - nvd_autonomous - INFO - Start Talking: 1
2026-01-09 16:54:36,294 - nvd_autonomous - INFO - Move to: [-35, -3]
2026-01-09 16:54:39,912 - nvd_autonomous - INFO - Start Talking: 0
2026-01-09 16:54:39,912 - nvd_autonomous - INFO - Move to: [-35, -3]
2026-01-09 16:54:40,917 - nvd_autonomous - INFO - Start Talking: 1
2026-01-09 16:54:40,917 - nvd_autonomous - INFO - Move to: [-35, -3]
2026-01-09 16:54:44,736 - nvd_autonomous - INFO - Start Talking: 0
2026-01-09 16:54:44,736 - nvd_autonomous - INFO - Move to: [-35, -3]
2026-01-09 16:54:44,937 - nvd_autonomous - INFO - Start Talking: 1
2026-01-09 16:54:44,937 - nvd_autonomous - INFO - Move to: [-35, -3]
2026-01-09 16:54:46,545 - nvd_autonomous - INFO - Start Talking: 1
2026-01-09 16:54:46,545 - nvd_autonomous - INFO - Move to: [-35, -3]
2026-01-09 16:54:51,773 - nvd_autonomous - INFO - No one talking
2026-01-09 16:54:52,979 - nvd_autonomous - INFO - Start Talking: 1
2026-01-09 16:54:52,980 - nvd_autonomous - INFO - Move to: [-35, -3]
2026-01-09 16:54:55,192 - nvd_autonomous - INFO - No one talking
2026-01-09 16:54:55,795 - nvd_autonomous - INFO - Start Talking: 1
2026-01-09 16:54:55,796 - nvd_autonomous - INFO - Move to: [-35, -3]
2026-01-09 16:54:58,610 - nvd_autonomous - INFO - No one talking
2026-01-09 16:55:00,018 - nvd_autonomous - INFO - Start Talking: 1
2026-01-09 16:55:00,018 - nvd_autonomous - INFO - Move to: [-35, -3]
2026-01-09 16:55:01,427 - nvd_autonomous - INFO - Start Talking: 1
2026-01-09 16:55:01,427 - nvd_autonomous - INFO - Move to: [-35, -3]
2026-01-09 16:55:01,829 - nvd_autonomous - INFO - No one talking
2026-01-09 16:55:02,634 - nvd_autonomous - INFO - Start Talking: 3
2026-01-09 16:55:02,634 - nvd_autonomous - INFO - Move to: [35, -3]
2026-01-09 16:55:03,639 - nvd_autonomous - INFO - Start Talking: 1
2026-01-09 16:55:03,639 - nvd_autonomous - INFO - Move to: [-35, -3]
2026-01-09 16:55:03,840 - nvd_autonomous - INFO - Start Talking: 3
2026-01-09 16:55:03,840 - nvd_autonomous - INFO - Move to: [35, -3]
2026-01-09 16:55:04,243 - nvd_autonomous - INFO - No one talking
2026-01-09 16:55:08,262 - nvd_autonomous - INFO - Start Talking: 3
2026-01-09 16:55:08,262 - nvd_autonomous - INFO - Move to: [35, -3]
2026-01-09 16:55:09,268 - nvd_autonomous - INFO - Start Talking: 3
2026-01-09 16:55:09,268 - nvd_autonomous - INFO - Move to: [35, -3]
2026-01-09 16:55:09,469 - nvd_autonomous - INFO - Robot start talking
2026-01-09 16:55:09,871 - nvd_autonomous - INFO - Start Talking: 3
2026-01-09 16:55:09,871 - nvd_autonomous - INFO - Move to: [35, -3]
2026-01-09 16:55:10,274 - nvd_autonomous - INFO - No one talking
2026-01-09 16:55:11,480 - nvd_autonomous - INFO - Start Talking: 3
2026-01-09 16:55:11,480 - nvd_autonomous - INFO - Move to: [35, -3]
2026-01-09 16:55:12,084 - nvd_autonomous - INFO - No one talking
2026-01-09 16:55:21,330 - nvd_autonomous - INFO - Start Talking: 3
2026-01-09 16:55:21,330 - nvd_autonomous - INFO - Move to: [35, -3]
2026-01-09 16:55:21,732 - nvd_autonomous - INFO - No one talking
2026-01-09 16:55:22,938 - nvd_autonomous - INFO - Start Talking: 3
2026-01-09 16:55:22,938 - nvd_autonomous - INFO - Move to: [35, -3]
2026-01-09 16:55:23,340 - nvd_autonomous - INFO - No one talking
2026-01-09 16:55:23,742 - nvd_autonomous - INFO - Start Talking: 3
2026-01-09 16:55:23,742 - nvd_autonomous - INFO - Move to: [35, -3]
2026-01-09 16:55:24,145 - nvd_autonomous - INFO - Robot start talking
2026-01-09 16:55:24,346 - nvd_autonomous - INFO - Start Talking: 1
2026-01-09 16:55:24,347 - nvd_autonomous - INFO - Move to: [-35, -3]
2026-01-09 16:55:25,955 - nvd_autonomous - INFO - No one talking
2026-01-09 16:55:30,177 - nvd_autonomous - INFO - Start Talking: 3
2026-01-09 16:55:30,178 - nvd_autonomous - INFO - Move to: [35, -3]
2026-01-09 16:55:31,987 - nvd_autonomous - INFO - No one talking
2026-01-09 16:55:34,399 - nvd_autonomous - INFO - Start Talking: 1
2026-01-09 16:55:34,399 - nvd_autonomous - INFO - Move to: [-35, -3]
2026-01-09 16:55:34,802 - nvd_autonomous - INFO - Move pan to: -35
2026-01-09 16:55:34,802 - nvd_autonomous - INFO - Move tilt to: -3
2026-01-09 16:55:34,803 - nvd_autonomous - INFO - Start Talking: 1
2026-01-09 16:55:34,803 - nvd_autonomous - INFO - Move to: [-35, -3]
2026-01-09 16:55:36,814 - nvd_autonomous - INFO - Move pan to: -35
2026-01-09 16:55:36,814 - nvd_autonomous - INFO - Move tilt to: -3
2026-01-09 16:55:41,840 - nvd_autonomous - INFO - Backchanneling to: [-35, -3]
2026-01-09 16:55:42,845 - nvd_autonomous - INFO - No one talking
2026-01-09 16:55:43,046 - nvd_autonomous - INFO - Start Talking: 1
2026-01-09 16:55:43,046 - nvd_autonomous - INFO - Move to: [-35, -3]
2026-01-09 16:55:45,860 - nvd_autonomous - INFO - Start Talking: 3
2026-01-09 16:55:45,860 - nvd_autonomous - INFO - Move to: [35, -3]
2026-01-09 16:55:47,267 - nvd_autonomous - INFO - No one talking
2026-01-09 16:55:49,679 - nvd_autonomous - INFO - Start Talking: 3
2026-01-09 16:55:49,679 - nvd_autonomous - INFO - Move to: [35, -3]
2026-01-09 16:55:50,684 - nvd_autonomous - INFO - Start Talking: 1
2026-01-09 16:55:50,684 - nvd_autonomous - INFO - Move to: [-35, -3]
2026-01-09 16:55:50,885 - nvd_autonomous - INFO - Start Talking: 3
2026-01-09 16:55:50,885 - nvd_autonomous - INFO - Move to: [35, -3]
2026-01-09 16:55:51,086 - nvd_autonomous - INFO - Start Talking: 1
2026-01-09 16:55:51,087 - nvd_autonomous - INFO - Move to: [-35, -3]
2026-01-09 16:55:51,288 - nvd_autonomous - INFO - Start Talking: 3
2026-01-09 16:55:51,288 - nvd_autonomous - INFO - Move to: [35, -3]
2026-01-09 16:55:52,294 - nvd_autonomous - INFO - No one talking
2026-01-09 16:55:53,300 - nvd_autonomous - INFO - Start Talking: 1
2026-01-09 16:55:53,300 - nvd_autonomous - INFO - Move to: [-35, -3]
2026-01-09 16:55:53,702 - nvd_autonomous - INFO - Move pan to: -35
2026-01-09 16:55:53,702 - nvd_autonomous - INFO - Move tilt to: -3
2026-01-09 16:55:53,702 - nvd_autonomous - INFO - No one talking
2026-01-09 16:55:54,105 - nvd_autonomous - INFO - Start Talking: 3
2026-01-09 16:55:54,105 - nvd_autonomous - INFO - Move to: [35, -3]
2026-01-09 16:55:54,708 - nvd_autonomous - INFO - No one talking
2026-01-09 16:55:54,910 - nvd_autonomous - INFO - Start Talking: 3
2026-01-09 16:55:54,910 - nvd_autonomous - INFO - Move to: [35, -3]
2026-01-09 16:55:55,312 - nvd_autonomous - INFO - Start Talking: 1
2026-01-09 16:55:55,312 - nvd_autonomous - INFO - Move to: [-35, -3]
2026-01-09 16:55:55,514 - nvd_autonomous - INFO - Start Talking: 3
2026-01-09 16:55:55,514 - nvd_autonomous - INFO - Move to: [35, -3]
2026-01-09 16:55:56,720 - nvd_autonomous - INFO - Start Talking: 1
2026-01-09 16:55:56,720 - nvd_autonomous - INFO - Move to: [-35, -3]
2026-01-09 16:55:57,926 - nvd_autonomous - INFO - No one talking
2026-01-09 16:56:00,136 - nvd_autonomous - INFO - Start Talking: 1
2026-01-09 16:56:00,136 - nvd_autonomous - INFO - Move to: [-35, -3]
2026-01-09 16:56:04,156 - nvd_autonomous - INFO - No one talking
2026-01-09 16:56:04,960 - nvd_autonomous - INFO - Start Talking: 1
2026-01-09 16:56:04,960 - nvd_autonomous - INFO - Move to: [-35, -3]
2026-01-09 16:56:07,974 - nvd_autonomous - INFO - No one talking
2026-01-09 16:56:08,376 - nvd_autonomous - INFO - Start Talking: 1
2026-01-09 16:56:08,377 - nvd_autonomous - INFO - Move to: [-35, -3]
2026-01-09 16:56:08,779 - nvd_autonomous - INFO - No one talking
2026-01-09 16:56:10,388 - nvd_autonomous - INFO - Start Talking: 1
2026-01-09 16:56:10,388 - nvd_autonomous - INFO - Move to: [-35, -3]
2026-01-09 16:56:10,789 - nvd_autonomous - INFO - No one talking
2026-01-09 16:56:10,990 - nvd_autonomous - INFO - Start Talking: 1
2026-01-09 16:56:10,990 - nvd_autonomous - INFO - Move to: [-35, -3]
2026-01-09 16:56:11,392 - nvd_autonomous - INFO - No one talking
2026-01-09 16:56:11,995 - nvd_autonomous - INFO - Start Talking: 1
2026-01-09 16:56:11,995 - nvd_autonomous - INFO - Move to: [-35, -3]
2026-01-09 16:56:19,029 - nvd_autonomous - INFO - Backchanneling to: [-35, -3]
2026-01-09 16:56:19,632 - nvd_autonomous - INFO - No one talking
2026-01-09 16:56:20,637 - nvd_autonomous - INFO - Start Talking: 3
2026-01-09 16:56:20,637 - nvd_autonomous - INFO - Move to: [35, -3]
2026-01-09 16:56:21,642 - nvd_autonomous - INFO - Move pan to: 35
2026-01-09 16:56:21,642 - nvd_autonomous - INFO - Move tilt to: -3
2026-01-09 16:56:23,049 - nvd_autonomous - INFO - No one talking
2026-01-09 16:56:24,858 - nvd_autonomous - INFO - Start Talking: 1
2026-01-09 16:56:24,858 - nvd_autonomous - INFO - Move to: [-35, -3]
2026-01-09 16:56:31,893 - nvd_autonomous - INFO - Backchanneling to: [-35, -3]
2026-01-09 16:56:38,929 - nvd_autonomous - INFO - Backchanneling to: [-35, -3]
2026-01-09 16:56:40,940 - nvd_autonomous - INFO - No one talking
2026-01-09 16:56:41,945 - nvd_autonomous - INFO - Start Talking: 1
2026-01-09 16:56:41,945 - nvd_autonomous - INFO - Move to: [-35, -3]
2026-01-09 16:56:42,950 - nvd_autonomous - INFO - No one talking
2026-01-09 16:56:46,971 - nvd_autonomous - INFO - Start Talking: 1
2026-01-09 16:56:46,972 - nvd_autonomous - INFO - Move to: [-35, -3]
2026-01-09 16:56:49,182 - nvd_autonomous - INFO - Start Talking: 0
2026-01-09 16:56:49,182 - nvd_autonomous - INFO - Move to: [-35, -3]
2026-01-09 16:56:49,384 - nvd_autonomous - INFO - Start Talking: 1
2026-01-09 16:56:49,384 - nvd_autonomous - INFO - Move to: [-35, -3]
2026-01-09 16:56:50,590 - nvd_autonomous - INFO - No one talking
2026-01-09 16:56:51,997 - nvd_autonomous - INFO - Start Talking: 1
2026-01-09 16:56:51,997 - nvd_autonomous - INFO - Move to: [-35, -3]
2026-01-09 16:56:54,007 - nvd_autonomous - INFO - No one talking
2026-01-09 16:56:54,610 - nvd_autonomous - INFO - Start Talking: 1
2026-01-09 16:56:54,610 - nvd_autonomous - INFO - Move to: [-35, -3]
2026-01-09 16:56:56,621 - nvd_autonomous - INFO - Start Talking: 0
2026-01-09 16:56:56,621 - nvd_autonomous - INFO - Move to: [-35, -3]
2026-01-09 16:56:57,023 - nvd_autonomous - INFO - No one talking
2026-01-09 16:56:57,425 - nvd_autonomous - INFO - Start Talking: 1
2026-01-09 16:56:57,425 - nvd_autonomous - INFO - Move to: [-35, -3]
2026-01-09 16:57:01,846 - nvd_autonomous - INFO - Move pan to: 35
2026-01-09 16:57:01,847 - nvd_autonomous - INFO - Move tilt to: -3
2026-01-09 16:57:04,463 - nvd_autonomous - INFO - Backchanneling to: [-35, -3]
2026-01-09 16:57:11,299 - nvd_autonomous - INFO - Start Talking: 3
2026-01-09 16:57:11,299 - nvd_autonomous - INFO - Move to: [35, -3]
2026-01-09 16:57:13,107 - nvd_autonomous - INFO - Start Talking: 1
2026-01-09 16:57:13,107 - nvd_autonomous - INFO - Move to: [-35, -3]
2026-01-09 16:57:13,308 - nvd_autonomous - INFO - Start Talking: 3
2026-01-09 16:57:13,308 - nvd_autonomous - INFO - Move to: [35, -3]
2026-01-09 16:57:13,911 - nvd_autonomous - INFO - No one talking
2026-01-09 16:57:15,117 - nvd_autonomous - INFO - Start Talking: 3
2026-01-09 16:57:15,117 - nvd_autonomous - INFO - Move to: [35, -3]
2026-01-09 16:57:17,128 - nvd_autonomous - INFO - Move pan to: 35
2026-01-09 16:57:17,128 - nvd_autonomous - INFO - Move tilt to: -3
2026-01-09 16:57:22,153 - nvd_autonomous - INFO - Backchanneling to: [35, -3]
2026-01-09 16:57:23,560 - nvd_autonomous - INFO - Start Talking: 0
2026-01-09 16:57:23,560 - nvd_autonomous - INFO - Move to: [-35, -3]
2026-01-09 16:57:24,968 - nvd_autonomous - INFO - Start Talking: 3
2026-01-09 16:57:24,968 - nvd_autonomous - INFO - Move to: [35, -3]
2026-01-09 16:57:25,571 - nvd_autonomous - INFO - Start Talking: 1
2026-01-09 16:57:25,571 - nvd_autonomous - INFO - Move to: [-35, -3]
2026-01-09 16:57:25,772 - nvd_autonomous - INFO - Start Talking: 3
2026-01-09 16:57:25,772 - nvd_autonomous - INFO - Move to: [35, -3]
2026-01-09 16:57:25,974 - nvd_autonomous - INFO - Start Talking: 1
2026-01-09 16:57:25,974 - nvd_autonomous - INFO - Move to: [-35, -3]
2026-01-09 16:57:28,789 - nvd_autonomous - INFO - Start Talking: 3
2026-01-09 16:57:28,789 - nvd_autonomous - INFO - Move to: [35, -3]
2026-01-09 16:57:30,195 - nvd_autonomous - INFO - Move pan to: 35
2026-01-09 16:57:30,195 - nvd_autonomous - INFO - Move tilt to: -3
2026-01-09 16:57:34,417 - nvd_autonomous - INFO - No one talking
2026-01-09 16:57:35,825 - nvd_autonomous - INFO - Start Talking: 1
2026-01-09 16:57:35,825 - nvd_autonomous - INFO - Move to: [-35, -3]
2026-01-09 16:57:36,829 - nvd_autonomous - INFO - Start Talking: 3
2026-01-09 16:57:36,885 - nvd_autonomous - INFO - Move to: [35, -3]
2026-01-09 16:57:37,889 - nvd_autonomous - INFO - No one talking
2026-01-09 16:57:38,693 - nvd_autonomous - INFO - Start Talking: 1
2026-01-09 16:57:38,693 - nvd_autonomous - INFO - Move to: [-35, -3]
2026-01-09 16:57:41,306 - nvd_autonomous - INFO - No one talking
2026-01-09 16:57:41,909 - nvd_autonomous - INFO - Start Talking: 1
2026-01-09 16:57:41,909 - nvd_autonomous - INFO - Move to: [-35, -3]
2026-01-09 16:57:42,512 - nvd_autonomous - INFO - Start Talking: 3
2026-01-09 16:57:42,512 - nvd_autonomous - INFO - Move to: [35, -3]
2026-01-09 16:57:42,713 - nvd_autonomous - INFO - Start Talking: 1
2026-01-09 16:57:42,713 - nvd_autonomous - INFO - Move to: [-35, -3]
2026-01-09 16:57:42,916 - nvd_autonomous - INFO - Start Talking: 3
2026-01-09 16:57:42,916 - nvd_autonomous - INFO - Move to: [35, -3]
2026-01-09 16:57:43,921 - nvd_autonomous - INFO - Move pan to: 35
2026-01-09 16:57:43,921 - nvd_autonomous - INFO - Move tilt to: -3
2026-01-09 16:57:44,726 - nvd_autonomous - INFO - Start Talking: 0
2026-01-09 16:57:44,726 - nvd_autonomous - INFO - Move to: [-35, -3]
2026-01-09 16:57:45,530 - nvd_autonomous - INFO - No one talking
2026-01-09 16:57:46,133 - nvd_autonomous - INFO - Move pan to: 35
2026-01-09 16:57:46,133 - nvd_autonomous - INFO - Move tilt to: -3
2026-01-09 16:57:46,535 - nvd_autonomous - INFO - Start Talking: 1
2026-01-09 16:57:46,535 - nvd_autonomous - INFO - Move to: [-35, -3]
2026-01-09 16:57:48,344 - nvd_autonomous - INFO - Start Talking: 0
2026-01-09 16:57:48,344 - nvd_autonomous - INFO - Move to: [-35, -3]
2026-01-09 16:57:49,953 - nvd_autonomous - INFO - Move pan to: 0
2026-01-09 16:57:49,953 - nvd_autonomous - INFO - Move tilt to: -3
2026-01-09 16:57:50,758 - nvd_autonomous - INFO - No one talking
2026-01-09 16:57:55,582 - nvd_autonomous - INFO - Start Talking: 3
2026-01-09 16:57:55,582 - nvd_autonomous - INFO - Move to: [35, -3]
2026-01-09 16:57:56,989 - nvd_autonomous - INFO - No one talking
2026-01-09 16:57:57,190 - nvd_autonomous - INFO - Move pan to: 35
2026-01-09 16:57:57,190 - nvd_autonomous - INFO - Move tilt to: -3
2026-01-09 16:57:57,593 - nvd_autonomous - INFO - Robot start talking
2026-01-09 16:57:57,794 - nvd_autonomous - INFO - Robot start talking
2026-01-09 16:57:57,995 - nvd_autonomous - INFO - Robot start talking
2026-01-09 16:57:58,397 - nvd_autonomous - INFO - No one talking
2026-01-09 16:57:58,799 - nvd_autonomous - INFO - Start Talking: 3
2026-01-09 16:57:58,799 - nvd_autonomous - INFO - Move to: [35, -3]
2026-01-09 16:57:59,201 - nvd_autonomous - INFO - No one talking
2026-01-09 16:57:59,603 - nvd_autonomous - INFO - Start Talking: 3
2026-01-09 16:57:59,604 - nvd_autonomous - INFO - Move to: [35, -3]
2026-01-09 16:58:01,413 - nvd_autonomous - INFO - No one talking
2026-01-09 16:58:01,614 - nvd_autonomous - INFO - Start Talking: 1
2026-01-09 16:58:01,614 - nvd_autonomous - INFO - Move to: [-35, -3]
2026-01-09 16:58:02,820 - nvd_autonomous - INFO - Start Talking: 0
2026-01-09 16:58:02,821 - nvd_autonomous - INFO - Move to: [-35, -3]
2026-01-09 16:58:04,228 - nvd_autonomous - INFO - No one talking
2026-01-09 16:58:05,836 - nvd_autonomous - INFO - Start Talking: 0
2026-01-09 16:58:05,837 - nvd_autonomous - INFO - Move to: [-35, -3]
2026-01-09 16:58:06,239 - nvd_autonomous - INFO - Start Talking: 0
2026-01-09 16:58:06,239 - nvd_autonomous - INFO - Move to: [-35, -3]
2026-01-09 16:58:07,445 - nvd_autonomous - INFO - No one talking
2026-01-09 16:58:08,249 - nvd_autonomous - INFO - Move pan to: 35
2026-01-09 16:58:08,249 - nvd_autonomous - INFO - Move tilt to: -3
2026-01-09 16:58:09,454 - nvd_autonomous - INFO - Set icon to: listening.png
2026-01-09 16:58:11,666 - nvd_autonomous - INFO - Move pan to: 35
2026-01-09 16:58:11,666 - nvd_autonomous - INFO - Move tilt to: -3
2026-01-09 16:58:12,269 - nvd_autonomous - INFO - Start Talking: 3
2026-01-09 16:58:12,269 - nvd_autonomous - INFO - Move to: [35, -3]
2026-01-09 16:58:12,672 - nvd_autonomous - INFO - No one talking
2026-01-09 16:58:14,079 - nvd_autonomous - INFO - Start Talking: 3
2026-01-09 16:58:14,079 - nvd_autonomous - INFO - Move to: [35, -3]
2026-01-09 16:58:14,481 - nvd_autonomous - INFO - No one talking
2026-01-09 16:58:15,285 - nvd_autonomous - INFO - Start Talking: 3
2026-01-09 16:58:15,285 - nvd_autonomous - INFO - Move to: [35, -3]
2026-01-09 16:58:15,888 - nvd_autonomous - INFO - Start Talking: 3
2026-01-09 16:58:15,888 - nvd_autonomous - INFO - Move to: [35, -3]
2026-01-09 16:58:16,290 - nvd_autonomous - INFO - No one talking
2026-01-09 16:58:21,717 - nvd_autonomous - INFO - Start Talking: 3
2026-01-09 16:58:21,717 - nvd_autonomous - INFO - Move to: [35, -3]
2026-01-09 16:58:22,119 - nvd_autonomous - INFO - No one talking
2026-01-09 16:58:22,522 - nvd_autonomous - INFO - Set icon to: listening.png
2026-01-09 16:58:29,156 - nvd_autonomous - INFO - Start Talking: 3
2026-01-09 16:58:29,156 - nvd_autonomous - INFO - Move to: [35, -3]
2026-01-09 16:58:29,961 - nvd_autonomous - INFO - Set icon to: listening.png
2026-01-09 16:58:30,565 - nvd_autonomous - INFO - No one talking
2026-01-09 16:58:32,174 - nvd_autonomous - INFO - Start Talking: 1
2026-01-09 16:58:32,174 - nvd_autonomous - INFO - Move to: [-35, -3]
2026-01-09 16:58:35,189 - nvd_autonomous - INFO - No one talking
2026-01-09 16:58:37,802 - nvd_autonomous - INFO - Start Talking: 0
2026-01-09 16:58:37,802 - nvd_autonomous - INFO - Move to: [-35, -3]
2026-01-09 16:58:38,004 - nvd_autonomous - INFO - Start Talking: 1
2026-01-09 16:58:38,004 - nvd_autonomous - INFO - Move to: [-35, -3]
2026-01-09 16:58:42,024 - nvd_autonomous - INFO - No one talking
2026-01-09 16:58:43,029 - nvd_autonomous - INFO - Start Talking: 1
2026-01-09 16:58:43,029 - nvd_autonomous - INFO - Move to: [-35, -3]
2026-01-09 16:58:44,838 - nvd_autonomous - INFO - Start Talking: 3
2026-01-09 16:58:44,838 - nvd_autonomous - INFO - Move to: [35, -3]
2026-01-09 16:58:45,642 - nvd_autonomous - INFO - Start Talking: 1
2026-01-09 16:58:45,642 - nvd_autonomous - INFO - Move to: [-35, -3]
2026-01-09 16:58:45,844 - nvd_autonomous - INFO - Start Talking: 3
2026-01-09 16:58:45,844 - nvd_autonomous - INFO - Move to: [35, -3]
2026-01-09 16:58:46,045 - nvd_autonomous - INFO - Start Talking: 1
2026-01-09 16:58:46,045 - nvd_autonomous - INFO - Move to: [-35, -3]
2026-01-09 16:58:46,648 - nvd_autonomous - INFO - No one talking
2026-01-09 16:58:48,859 - nvd_autonomous - INFO - Start Talking: 1
2026-01-09 16:58:48,859 - nvd_autonomous - INFO - Move to: [-35, -3]
2026-01-09 16:58:49,463 - nvd_autonomous - INFO - Start Talking: 3
2026-01-09 16:58:49,463 - nvd_autonomous - INFO - Move to: [35, -3]
2026-01-09 16:58:49,866 - nvd_autonomous - INFO - Start Talking: 1
2026-01-09 16:58:49,866 - nvd_autonomous - INFO - Move to: [-35, -3]
2026-01-09 16:58:50,067 - nvd_autonomous - INFO - Start Talking: 3
2026-01-09 16:58:50,067 - nvd_autonomous - INFO - Move to: [35, -3]
2026-01-09 16:58:50,268 - nvd_autonomous - INFO - Start Talking: 1
2026-01-09 16:58:50,268 - nvd_autonomous - INFO - Move to: [-35, -3]
2026-01-09 16:58:50,469 - nvd_autonomous - INFO - Start Talking: 3
2026-01-09 16:58:50,469 - nvd_autonomous - INFO - Move to: [35, -3]
2026-01-09 16:58:50,871 - nvd_autonomous - INFO - No one talking
2026-01-09 16:58:52,882 - nvd_autonomous - INFO - Start Talking: 1
2026-01-09 16:58:52,882 - nvd_autonomous - INFO - Move to: [-35, -3]
2026-01-09 16:58:55,897 - nvd_autonomous - INFO - Start Talking: 1
2026-01-09 16:58:55,897 - nvd_autonomous - INFO - Move to: [-35, -3]
2026-01-09 16:58:56,299 - nvd_autonomous - INFO - No one talking
2026-01-09 16:58:57,103 - nvd_autonomous - INFO - Start Talking: 1
2026-01-09 16:58:57,104 - nvd_autonomous - INFO - Move to: [-35, -3]
2026-01-09 16:58:59,918 - nvd_autonomous - INFO - No one talking
2026-01-09 16:59:00,321 - nvd_autonomous - INFO - Start Talking: 1
2026-01-09 16:59:00,322 - nvd_autonomous - INFO - Move to: [-35, -3]
2026-01-09 16:59:00,523 - nvd_autonomous - INFO - Move pan to: -35
2026-01-09 16:59:00,523 - nvd_autonomous - INFO - Move tilt to: -3
2026-01-09 16:59:00,925 - nvd_autonomous - INFO - Start Talking: 1
2026-01-09 16:59:00,926 - nvd_autonomous - INFO - Move to: [-35, -3]
2026-01-09 16:59:01,329 - nvd_autonomous - INFO - Start Talking: 1
2026-01-09 16:59:01,329 - nvd_autonomous - INFO - Move to: [-35, -3]
2026-01-09 16:59:01,731 - nvd_autonomous - INFO - No one talking
2026-01-09 16:59:03,138 - nvd_autonomous - INFO - Move pan to: -35
2026-01-09 16:59:03,138 - nvd_autonomous - INFO - Move tilt to: -3
2026-01-09 16:59:03,540 - nvd_autonomous - INFO - Start Talking: 1
2026-01-09 16:59:03,540 - nvd_autonomous - INFO - Move to: [-35, -3]
2026-01-09 16:59:04,153 - nvd_autonomous - INFO - Start Talking: 1
2026-01-09 16:59:04,154 - nvd_autonomous - INFO - Move to: [-35, -3]
2026-01-09 16:59:05,360 - nvd_autonomous - INFO - Move pan to: -35
2026-01-09 16:59:05,360 - nvd_autonomous - INFO - Move tilt to: -3
2026-01-09 16:59:06,767 - nvd_autonomous - INFO - No one talking
2026-01-09 16:59:08,978 - nvd_autonomous - INFO - Start Talking: 1
2026-01-09 16:59:08,978 - nvd_autonomous - INFO - Move to: [-35, -3]
2026-01-09 16:59:09,381 - nvd_autonomous - INFO - No one talking
2026-01-09 16:59:09,582 - nvd_autonomous - INFO - Start Talking: 1
2026-01-09 16:59:09,582 - nvd_autonomous - INFO - Move to: [-35, -3]
2026-01-09 16:59:11,189 - nvd_autonomous - INFO - No one talking
2026-01-09 16:59:12,797 - nvd_autonomous - INFO - Start Talking: 1
2026-01-09 16:59:12,797 - nvd_autonomous - INFO - Move to: [-35, -3]
2026-01-09 16:59:13,199 - nvd_autonomous - INFO - No one talking
2026-01-09 16:59:15,008 - nvd_autonomous - INFO - Start Talking: 0
2026-01-09 16:59:15,008 - nvd_autonomous - INFO - Move to: [-35, -3]
2026-01-09 16:59:21,642 - nvd_autonomous - INFO - No one talking
2026-01-09 16:59:22,044 - nvd_autonomous - INFO - Start Talking: 0
2026-01-09 16:59:22,045 - nvd_autonomous - INFO - Move to: [-35, -3]
2026-01-09 16:59:22,246 - nvd_autonomous - INFO - Start Talking: 3
2026-01-09 16:59:22,246 - nvd_autonomous - INFO - Move to: [35, -3]
2026-01-09 16:59:22,649 - nvd_autonomous - INFO - No one talking
2026-01-09 16:59:22,850 - nvd_autonomous - INFO - Start Talking: 3
2026-01-09 16:59:22,850 - nvd_autonomous - INFO - Move to: [35, -3]
2026-01-09 16:59:23,253 - nvd_autonomous - INFO - No one talking
2026-01-09 16:59:26,067 - nvd_autonomous - INFO - Move pan to: 35
2026-01-09 16:59:26,067 - nvd_autonomous - INFO - Move tilt to: -3
2026-01-09 16:59:26,469 - nvd_autonomous - INFO - Move pan to: 35
2026-01-09 16:59:26,469 - nvd_autonomous - INFO - Move tilt to: -3
2026-01-09 16:59:28,078 - nvd_autonomous - INFO - Start Talking: 3
2026-01-09 16:59:28,078 - nvd_autonomous - INFO - Move to: [35, -3]
2026-01-09 16:59:28,480 - nvd_autonomous - INFO - Start Talking: 1
2026-01-09 16:59:28,481 - nvd_autonomous - INFO - Move to: [-35, -3]
2026-01-09 16:59:28,682 - nvd_autonomous - INFO - Start Talking: 3
2026-01-09 16:59:28,682 - nvd_autonomous - INFO - Move to: [35, -3]
2026-01-09 16:59:29,285 - nvd_autonomous - INFO - No one talking
2026-01-09 16:59:33,307 - nvd_autonomous - INFO - Start Talking: 3
2026-01-09 16:59:33,307 - nvd_autonomous - INFO - Move to: [35, -3]
2026-01-09 16:59:35,719 - nvd_autonomous - INFO - No one talking
2026-01-09 16:59:37,126 - nvd_autonomous - INFO - Start Talking: 3
2026-01-09 16:59:37,126 - nvd_autonomous - INFO - Move to: [35, -3]
2026-01-09 16:59:37,528 - nvd_autonomous - INFO - No one talking
2026-01-09 16:59:38,131 - nvd_autonomous - INFO - Start Talking: 1
2026-01-09 16:59:38,131 - nvd_autonomous - INFO - Move to: [-35, -3]
2026-01-09 16:59:39,739 - nvd_autonomous - INFO - Start Talking: 1
2026-01-09 16:59:39,739 - nvd_autonomous - INFO - Move to: [-35, -3]
2026-01-09 16:59:40,342 - nvd_autonomous - INFO - No one talking
2026-01-09 16:59:44,765 - nvd_autonomous - INFO - Start Talking: 1
2026-01-09 16:59:44,765 - nvd_autonomous - INFO - Move to: [-35, -3]
2026-01-09 16:59:46,172 - nvd_autonomous - INFO - No one talking
2026-01-09 16:59:47,177 - nvd_autonomous - INFO - Start Talking: 1
2026-01-09 16:59:47,177 - nvd_autonomous - INFO - Move to: [-35, -3]
2026-01-09 16:59:48,786 - nvd_autonomous - INFO - Start Talking: 1
2026-01-09 16:59:48,786 - nvd_autonomous - INFO - Move to: [-35, -3]
2026-01-09 16:59:50,596 - nvd_autonomous - INFO - No one talking
2026-01-09 16:59:54,214 - nvd_autonomous - INFO - Set icon to: listening.png
2026-01-09 16:59:55,622 - nvd_autonomous - INFO - Start Talking: 1
2026-01-09 16:59:55,622 - nvd_autonomous - INFO - Move to: [-35, -3]
2026-01-09 16:59:58,236 - nvd_autonomous - INFO - No one talking
2026-01-09 16:59:58,437 - nvd_autonomous - INFO - Start Talking: 1
2026-01-09 16:59:58,437 - nvd_autonomous - INFO - Move to: [-35, -3]
2026-01-09 16:59:59,041 - nvd_autonomous - INFO - Start Talking: 1
2026-01-09 16:59:59,041 - nvd_autonomous - INFO - Move to: [-35, -3]
2026-01-09 17:00:00,046 - nvd_autonomous - INFO - No one talking
2026-01-09 17:00:02,057 - nvd_autonomous - INFO - Start Talking: 1
2026-01-09 17:00:02,057 - nvd_autonomous - INFO - Move to: [-35, -3]
2026-01-09 17:00:02,460 - nvd_autonomous - INFO - No one talking
2026-01-09 17:00:03,465 - nvd_autonomous - INFO - Start Talking: 0
2026-01-09 17:00:03,465 - nvd_autonomous - INFO - Move to: [-35, -3]
2026-01-09 17:00:03,666 - nvd_autonomous - INFO - Start Talking: 1
2026-01-09 17:00:03,666 - nvd_autonomous - INFO - Move to: [-35, -3]
2026-01-09 17:00:06,681 - nvd_autonomous - INFO - No one talking
2026-01-09 17:00:08,491 - nvd_autonomous - INFO - Start Talking: 1
2026-01-09 17:00:08,491 - nvd_autonomous - INFO - Move to: [-35, -3]
2026-01-09 17:00:09,295 - nvd_autonomous - INFO - No one talking
2026-01-09 17:00:09,496 - nvd_autonomous - INFO - Start Talking: 1
2026-01-09 17:00:09,496 - nvd_autonomous - INFO - Move to: [-35, -3]
2026-01-09 17:00:10,904 - nvd_autonomous - INFO - No one talking
2026-01-09 17:00:13,317 - nvd_autonomous - INFO - Start Talking: 1
2026-01-09 17:00:13,317 - nvd_autonomous - INFO - Move to: [-35, -3]
2026-01-09 17:00:15,125 - nvd_autonomous - INFO - Start Talking: 1
2026-01-09 17:00:15,125 - nvd_autonomous - INFO - Move to: [-35, -3]
2026-01-09 17:00:17,739 - nvd_autonomous - INFO - No one talking
2026-01-09 17:00:17,940 - nvd_autonomous - INFO - Start Talking: 1
2026-01-09 17:00:17,940 - nvd_autonomous - INFO - Move to: [-35, -3]
2026-01-09 17:00:18,543 - nvd_autonomous - INFO - No one talking
2026-01-09 17:00:18,945 - nvd_autonomous - INFO - Start Talking: 1
2026-01-09 17:00:18,945 - nvd_autonomous - INFO - Move to: [-35, -3]
2026-01-09 17:00:19,347 - nvd_autonomous - INFO - No one talking
2026-01-09 17:00:20,553 - nvd_autonomous - INFO - Start Talking: 1
2026-01-09 17:00:20,553 - nvd_autonomous - INFO - Move to: [-35, -3]
2026-01-09 17:00:20,955 - nvd_autonomous - INFO - Start Talking: 1
2026-01-09 17:00:20,955 - nvd_autonomous - INFO - Move to: [-35, -3]
2026-01-09 17:00:21,357 - nvd_autonomous - INFO - No one talking
2026-01-09 17:00:22,362 - nvd_autonomous - INFO - Start Talking: 1
2026-01-09 17:00:22,362 - nvd_autonomous - INFO - Move to: [-35, -3]
2026-01-09 17:00:23,769 - nvd_autonomous - INFO - No one talking
2026-01-09 17:00:24,774 - nvd_autonomous - INFO - Start Talking: 1
2026-01-09 17:00:24,774 - nvd_autonomous - INFO - Move to: [-35, -3]
2026-01-09 17:00:25,980 - nvd_autonomous - INFO - No one talking
2026-01-09 17:00:32,010 - nvd_autonomous - INFO - Set icon to: listening.png
2026-01-09 17:00:32,412 - nvd_autonomous - INFO - Start Talking: 1
2026-01-09 17:00:32,412 - nvd_autonomous - INFO - Move to: [-35, -3]
2026-01-09 17:00:33,016 - nvd_autonomous - INFO - No one talking
2026-01-09 17:00:33,217 - nvd_autonomous - INFO - Start Talking: 1
2026-01-09 17:00:33,217 - nvd_autonomous - INFO - Move to: [-35, -3]
2026-01-09 17:00:36,836 - nvd_autonomous - INFO - No one talking
2026-01-09 17:00:37,037 - nvd_autonomous - INFO - Start Talking: 1
2026-01-09 17:00:37,037 - nvd_autonomous - INFO - Move to: [-35, -3]
2026-01-09 17:00:37,439 - nvd_autonomous - INFO - No one talking
2026-01-09 17:00:37,841 - nvd_autonomous - INFO - Start Talking: 1
2026-01-09 17:00:37,842 - nvd_autonomous - INFO - Move to: [-35, -3]
2026-01-09 17:00:38,244 - nvd_autonomous - INFO - No one talking
2026-01-09 17:00:41,057 - nvd_autonomous - INFO - Start Talking: 1
2026-01-09 17:00:41,057 - nvd_autonomous - INFO - Move to: [-35, -3]
2026-01-09 17:00:41,459 - nvd_autonomous - INFO - Start Talking: 1
2026-01-09 17:00:41,459 - nvd_autonomous - INFO - Move to: [-35, -3]
2026-01-09 17:00:44,876 - nvd_autonomous - INFO - No one talking
2026-01-09 17:00:45,882 - nvd_autonomous - INFO - Start Talking: 1
2026-01-09 17:00:45,882 - nvd_autonomous - INFO - Move to: [-35, -3]
2026-01-09 17:00:47,087 - nvd_autonomous - INFO - Start Talking: 3
2026-01-09 17:00:47,088 - nvd_autonomous - INFO - Move to: [35, -3]
2026-01-09 17:00:49,097 - nvd_autonomous - INFO - Move pan to: 35
2026-01-09 17:00:49,097 - nvd_autonomous - INFO - Move tilt to: -3
2026-01-09 17:00:49,902 - nvd_autonomous - INFO - No one talking
2026-01-09 17:00:50,303 - nvd_autonomous - INFO - Start Talking: 3
2026-01-09 17:00:50,303 - nvd_autonomous - INFO - Move to: [35, -3]
2026-01-09 17:00:51,511 - nvd_autonomous - INFO - No one talking
2026-01-09 17:00:53,119 - nvd_autonomous - INFO - Start Talking: 3
2026-01-09 17:00:53,119 - nvd_autonomous - INFO - Move to: [35, -3]
2026-01-09 17:00:54,526 - nvd_autonomous - INFO - No one talking
2026-01-09 17:00:54,727 - nvd_autonomous - INFO - Start Talking: 3
2026-01-09 17:00:54,727 - nvd_autonomous - INFO - Move to: [35, -3]
2026-01-09 17:00:55,130 - nvd_autonomous - INFO - No one talking
2026-01-09 17:00:56,537 - nvd_autonomous - INFO - Start Talking: 3
2026-01-09 17:00:56,537 - nvd_autonomous - INFO - Move to: [35, -3]
2026-01-09 17:00:56,939 - nvd_autonomous - INFO - No one talking
2026-01-09 17:01:03,573 - nvd_autonomous - INFO - Start Talking: 3
2026-01-09 17:01:03,573 - nvd_autonomous - INFO - Move to: [35, -3]
2026-01-09 17:01:03,976 - nvd_autonomous - INFO - No one talking
2026-01-09 17:01:04,177 - nvd_autonomous - INFO - Start Talking: 3
2026-01-09 17:01:04,177 - nvd_autonomous - INFO - Move to: [35, -3]
2026-01-09 17:01:04,781 - nvd_autonomous - INFO - No one talking
2026-01-09 17:01:05,987 - nvd_autonomous - INFO - Start Talking: 0
2026-01-09 17:01:05,987 - nvd_autonomous - INFO - Move to: [-35, -3]
2026-01-09 17:01:06,389 - nvd_autonomous - INFO - Start Talking: 3
2026-01-09 17:01:06,389 - nvd_autonomous - INFO - Move to: [35, -3]
2026-01-09 17:01:06,590 - nvd_autonomous - INFO - Start Talking: 0
2026-01-09 17:01:06,591 - nvd_autonomous - INFO - Move to: [-35, -3]
2026-01-09 17:01:06,792 - nvd_autonomous - INFO - Start Talking: 3
2026-01-09 17:01:06,792 - nvd_autonomous - INFO - Move to: [35, -3]
2026-01-09 17:01:09,406 - nvd_autonomous - INFO - Start Talking: 1
2026-01-09 17:01:09,406 - nvd_autonomous - INFO - Move to: [-35, -3]
2026-01-09 17:01:10,612 - nvd_autonomous - INFO - Start Talking: 3
2026-01-09 17:01:10,612 - nvd_autonomous - INFO - Move to: [35, -3]
2026-01-09 17:01:12,823 - nvd_autonomous - INFO - No one talking
2026-01-09 17:01:13,828 - nvd_autonomous - INFO - Start Talking: 1
2026-01-09 17:01:13,828 - nvd_autonomous - INFO - Move to: [-35, -3]
2026-01-09 17:01:19,658 - nvd_autonomous - INFO - No one talking
2026-01-09 17:01:22,271 - nvd_autonomous - INFO - Set icon to: listening.png
2026-01-09 17:01:25,488 - nvd_autonomous - INFO - Start Talking: 1
2026-01-09 17:01:25,488 - nvd_autonomous - INFO - Move to: [-35, -3]
2026-01-09 17:01:28,905 - nvd_autonomous - INFO - No one talking
2026-01-09 17:01:31,720 - nvd_autonomous - INFO - Start Talking: 1
2026-01-09 17:01:31,720 - nvd_autonomous - INFO - Move to: [-35, -3]
2026-01-09 17:01:34,936 - nvd_autonomous - INFO - Start Talking: 0
2026-01-09 17:01:34,936 - nvd_autonomous - INFO - Move to: [-35, -3]
2026-01-09 17:01:35,138 - nvd_autonomous - INFO - Start Talking: 1
2026-01-09 17:01:35,138 - nvd_autonomous - INFO - Move to: [-35, -3]
2026-01-09 17:01:35,540 - nvd_autonomous - INFO - Start Talking: 0
2026-01-09 17:01:35,540 - nvd_autonomous - INFO - Move to: [-35, -3]
2026-01-09 17:01:35,741 - nvd_autonomous - INFO - Start Talking: 1
2026-01-09 17:01:35,741 - nvd_autonomous - INFO - Move to: [-35, -3]
2026-01-09 17:01:36,344 - nvd_autonomous - INFO - Start Talking: 3
2026-01-09 17:01:36,344 - nvd_autonomous - INFO - Move to: [35, -3]
2026-01-09 17:01:36,545 - nvd_autonomous - INFO - Start Talking: 1
2026-01-09 17:01:36,545 - nvd_autonomous - INFO - Move to: [-35, -3]
2026-01-09 17:01:36,746 - nvd_autonomous - INFO - Start Talking: 3
2026-01-09 17:01:36,746 - nvd_autonomous - INFO - Move to: [35, -3]
2026-01-09 17:01:39,158 - nvd_autonomous - INFO - No one talking
2026-01-09 17:01:39,359 - nvd_autonomous - INFO - Start Talking: 3
2026-01-09 17:01:39,359 - nvd_autonomous - INFO - Move to: [35, -3]
2026-01-09 17:01:39,762 - nvd_autonomous - INFO - No one talking
2026-01-09 17:01:39,963 - nvd_autonomous - INFO - Start Talking: 3
2026-01-09 17:01:39,963 - nvd_autonomous - INFO - Move to: [35, -3]
2026-01-09 17:01:40,164 - nvd_autonomous - INFO - Move pan to: 35
2026-01-09 17:01:40,164 - nvd_autonomous - INFO - Move tilt to: -3
2026-01-09 17:01:40,768 - nvd_autonomous - INFO - Move pan to: 35
2026-01-09 17:01:40,768 - nvd_autonomous - INFO - Move tilt to: -3
2026-01-09 17:01:41,170 - nvd_autonomous - INFO - No one talking
2026-01-09 17:01:42,979 - nvd_autonomous - INFO - Start Talking: 3
2026-01-09 17:01:42,980 - nvd_autonomous - INFO - Move to: [35, -3]
2026-01-09 17:01:44,588 - nvd_autonomous - INFO - No one talking
2026-01-09 17:01:46,798 - nvd_autonomous - INFO - Start Talking: 0
2026-01-09 17:01:46,799 - nvd_autonomous - INFO - Move to: [-35, -3]
2026-01-09 17:01:47,000 - nvd_autonomous - INFO - Start Talking: 3
2026-01-09 17:01:47,000 - nvd_autonomous - INFO - Move to: [35, -3]
2026-01-09 17:01:48,408 - nvd_autonomous - INFO - No one talking
2026-01-09 17:01:50,217 - nvd_autonomous - INFO - Move pan to: 35
2026-01-09 17:01:50,217 - nvd_autonomous - INFO - Move tilt to: -3
2026-01-09 17:01:54,841 - nvd_autonomous - INFO - Start Talking: 3
2026-01-09 17:01:54,841 - nvd_autonomous - INFO - Move to: [35, -3]
2026-01-09 17:01:55,645 - nvd_autonomous - INFO - No one talking
2026-01-09 17:01:59,866 - nvd_autonomous - INFO - Start Talking: 3
2026-01-09 17:01:59,867 - nvd_autonomous - INFO - Move to: [35, -3]
2026-01-09 17:02:00,470 - nvd_autonomous - INFO - No one talking
2026-01-09 17:02:01,877 - nvd_autonomous - INFO - Start Talking: 3
2026-01-09 17:02:01,877 - nvd_autonomous - INFO - Move to: [35, -3]
2026-01-09 17:02:02,279 - nvd_autonomous - INFO - No one talking
2026-01-09 17:02:05,093 - nvd_autonomous - INFO - Start Talking: 3
2026-01-09 17:02:05,093 - nvd_autonomous - INFO - Move to: [35, -3]
2026-01-09 17:02:05,898 - nvd_autonomous - INFO - Start Talking: 0
2026-01-09 17:02:05,899 - nvd_autonomous - INFO - Move to: [-35, -3]
2026-01-09 17:02:07,306 - nvd_autonomous - INFO - No one talking
2026-01-09 17:02:10,321 - nvd_autonomous - INFO - Start Talking: 0
2026-01-09 17:02:10,322 - nvd_autonomous - INFO - Move to: [-35, -3]
2026-01-09 17:02:11,730 - nvd_autonomous - INFO - Start Talking: 3
2026-01-09 17:02:11,730 - nvd_autonomous - INFO - Move to: [35, -3]
2026-01-09 17:02:12,534 - nvd_autonomous - INFO - Move pan to: 35
2026-01-09 17:02:12,534 - nvd_autonomous - INFO - Move tilt to: -3
2026-01-09 17:02:13,539 - nvd_autonomous - INFO - Start Talking: 0
2026-01-09 17:02:13,540 - nvd_autonomous - INFO - Move to: [-35, -3]
2026-01-09 17:02:13,942 - nvd_autonomous - INFO - Move pan to: 35
2026-01-09 17:02:13,942 - nvd_autonomous - INFO - Move tilt to: -3
2026-01-09 17:02:14,545 - nvd_autonomous - INFO - Start Talking: 3
2026-01-09 17:02:14,545 - nvd_autonomous - INFO - Move to: [35, -3]
2026-01-09 17:02:15,349 - nvd_autonomous - INFO - Start Talking: 0
2026-01-09 17:02:15,349 - nvd_autonomous - INFO - Move to: [-35, -3]
2026-01-09 17:02:16,756 - nvd_autonomous - INFO - Start Talking: 3
2026-01-09 17:02:16,756 - nvd_autonomous - INFO - Move to: [35, -3]
2026-01-09 17:02:17,562 - nvd_autonomous - INFO - Start Talking: 3
2026-01-09 17:02:17,562 - nvd_autonomous - INFO - Move to: [35, -3]
2026-01-09 17:02:18,165 - nvd_autonomous - INFO - No one talking
2026-01-09 17:02:20,779 - nvd_autonomous - INFO - Set icon to: listening.png
2026-01-09 17:02:21,383 - nvd_autonomous - INFO - Start Talking: 3
2026-01-09 17:02:21,383 - nvd_autonomous - INFO - Move to: [35, -3]
2026-01-09 17:02:22,791 - nvd_autonomous - INFO - Robot start talking
2026-01-09 17:02:22,992 - nvd_autonomous - INFO - Start Talking: 3
2026-01-09 17:02:22,992 - nvd_autonomous - INFO - Move to: [35, -3]
2026-01-09 17:02:25,404 - nvd_autonomous - INFO - No one talking
2026-01-09 17:02:25,605 - nvd_autonomous - INFO - Start Talking: 3
2026-01-09 17:02:25,605 - nvd_autonomous - INFO - Move to: [35, -3]
2026-01-09 17:02:26,007 - nvd_autonomous - INFO - No one talking
2026-01-09 17:02:28,821 - nvd_autonomous - INFO - Start Talking: 3
2026-01-09 17:02:28,821 - nvd_autonomous - INFO - Move to: [35, -3]
2026-01-09 17:02:29,424 - nvd_autonomous - INFO - Start Talking: 3
2026-01-09 17:02:29,424 - nvd_autonomous - INFO - Move to: [35, -3]
2026-01-09 17:02:30,429 - nvd_autonomous - INFO - No one talking
2026-01-09 17:02:30,832 - nvd_autonomous - INFO - Set icon to: listening.png
2026-01-09 17:02:31,034 - nvd_autonomous - INFO - Start Talking: 3
2026-01-09 17:02:31,034 - nvd_autonomous - INFO - Move to: [35, -3]
2026-01-09 17:02:36,863 - nvd_autonomous - INFO - No one talking
2026-01-09 17:02:38,070 - nvd_autonomous - INFO - Set icon to: listening.png
2026-01-09 17:02:39,074 - nvd_autonomous - INFO - Start Talking: 3
2026-01-09 17:02:39,074 - nvd_autonomous - INFO - Move to: [35, -3]
2026-01-09 17:02:40,080 - nvd_autonomous - INFO - No one talking
2026-01-09 17:02:41,889 - nvd_autonomous - INFO - Start Talking: 3
2026-01-09 17:02:41,889 - nvd_autonomous - INFO - Move to: [35, -3]
2026-01-09 17:02:42,292 - nvd_autonomous - INFO - No one talking
2026-01-09 17:02:46,311 - nvd_autonomous - INFO - Start Talking: 3
2026-01-09 17:02:46,312 - nvd_autonomous - INFO - Move to: [35, -3]
2026-01-09 17:02:46,714 - nvd_autonomous - INFO - No one talking
2026-01-09 17:02:54,956 - nvd_autonomous - INFO - Start Talking: 3
2026-01-09 17:02:54,957 - nvd_autonomous - INFO - Move to: [35, -3]
2026-01-09 17:02:55,962 - nvd_autonomous - INFO - Start Talking: 3
2026-01-09 17:02:55,962 - nvd_autonomous - INFO - Move to: [35, -3]
2026-01-09 17:02:56,364 - nvd_autonomous - INFO - Start Talking: 3
2026-01-09 17:02:56,364 - nvd_autonomous - INFO - Move to: [35, -3]
2026-01-09 17:02:56,565 - nvd_autonomous - INFO - Start Talking: 1
2026-01-09 17:02:56,565 - nvd_autonomous - INFO - Move to: [-35, -3]
2026-01-09 17:02:56,967 - nvd_autonomous - INFO - Robot start talking
2026-01-09 17:02:57,369 - nvd_autonomous - INFO - No one talking
2026-01-09 17:03:04,404 - nvd_autonomous - INFO - Robot start talking
2026-01-09 17:03:04,806 - nvd_autonomous - INFO - No one talking
2026-01-09 17:03:05,812 - nvd_autonomous - INFO - Move pan to: 35
2026-01-09 17:03:05,812 - nvd_autonomous - INFO - Move tilt to: -3
2026-01-09 17:03:07,219 - nvd_autonomous - INFO - Move pan to: 35
2026-01-09 17:03:07,219 - nvd_autonomous - INFO - Move tilt to: -3
2026-01-09 17:03:08,425 - nvd_autonomous - INFO - Move pan to: 35
2026-01-09 17:03:08,425 - nvd_autonomous - INFO - Move tilt to: -3
2026-01-09 17:03:10,235 - nvd_autonomous - INFO - Start Talking: 0
2026-01-09 17:03:10,235 - nvd_autonomous - INFO - Move to: [-35, -3]
2026-01-09 17:03:10,637 - nvd_autonomous - INFO - No one talking
2026-01-09 17:03:14,054 - nvd_autonomous - INFO - Start Talking: 1
2026-01-09 17:03:14,054 - nvd_autonomous - INFO - Move to: [-35, -3]
2026-01-09 17:03:14,456 - nvd_autonomous - INFO - No one talking
2026-01-09 17:03:14,657 - nvd_autonomous - INFO - Start Talking: 1
2026-01-09 17:03:14,657 - nvd_autonomous - INFO - Move to: [-35, -3]
2026-01-09 17:03:15,059 - nvd_autonomous - INFO - Move pan to: -35
2026-01-09 17:03:15,059 - nvd_autonomous - INFO - Move tilt to: -3
2026-01-09 17:03:15,059 - nvd_autonomous - INFO - No one talking
2026-01-09 17:03:17,070 - nvd_autonomous - INFO - Start Talking: 1
2026-01-09 17:03:17,070 - nvd_autonomous - INFO - Move to: [-35, -3]
2026-01-09 17:03:20,086 - nvd_autonomous - INFO - No one talking
2026-01-09 17:03:20,689 - nvd_autonomous - INFO - Start Talking: 1
2026-01-09 17:03:20,689 - nvd_autonomous - INFO - Move to: [-35, -3]
2026-01-09 17:03:21,494 - nvd_autonomous - INFO - No one talking
2026-01-09 17:03:24,106 - nvd_autonomous - INFO - Start Talking: 1
2026-01-09 17:03:24,106 - nvd_autonomous - INFO - Move to: [-35, -3]
2026-01-09 17:03:24,709 - nvd_autonomous - INFO - No one talking
2026-01-09 17:03:27,523 - nvd_autonomous - INFO - Start Talking: 1
2026-01-09 17:03:27,523 - nvd_autonomous - INFO - Move to: [-35, -3]
2026-01-09 17:03:27,927 - nvd_autonomous - INFO - No one talking
2026-01-09 17:03:29,936 - nvd_autonomous - INFO - Start Talking: 1
2026-01-09 17:03:29,936 - nvd_autonomous - INFO - Move to: [-35, -3]
2026-01-09 17:03:36,972 - nvd_autonomous - INFO - Backchanneling to: [-35, -3]
2026-01-09 17:03:38,580 - nvd_autonomous - INFO - No one talking
2026-01-09 17:03:39,585 - nvd_autonomous - INFO - Start Talking: 1
2026-01-09 17:03:39,585 - nvd_autonomous - INFO - Move to: [-35, -3]
2026-01-09 17:03:40,792 - nvd_autonomous - INFO - No one talking
2026-01-09 17:03:41,395 - nvd_autonomous - INFO - Start Talking: 1
2026-01-09 17:03:41,395 - nvd_autonomous - INFO - Move to: [-35, -3]
2026-01-09 17:03:43,405 - nvd_autonomous - INFO - No one talking
2026-01-09 17:03:44,209 - nvd_autonomous - INFO - Start Talking: 1
2026-01-09 17:03:44,209 - nvd_autonomous - INFO - Move to: [-35, -3]
2026-01-09 17:03:48,231 - nvd_autonomous - INFO - No one talking
2026-01-09 17:03:56,472 - nvd_autonomous - INFO - Start Talking: 1
2026-01-09 17:03:56,472 - nvd_autonomous - INFO - Move to: [-35, -3]
2026-01-09 17:03:57,277 - nvd_autonomous - INFO - No one talking
2026-01-09 17:03:58,482 - nvd_autonomous - INFO - Start Talking: 1
2026-01-09 17:03:58,482 - nvd_autonomous - INFO - Move to: [-35, -3]
2026-01-09 17:03:58,884 - nvd_autonomous - INFO - No one talking
2026-01-09 17:03:59,688 - nvd_autonomous - INFO - Start Talking: 1
2026-01-09 17:03:59,689 - nvd_autonomous - INFO - Move to: [-35, -3]
2026-01-09 17:04:01,097 - nvd_autonomous - INFO - No one talking
2026-01-09 17:04:04,915 - nvd_autonomous - INFO - Start Talking: 1
2026-01-09 17:04:04,916 - nvd_autonomous - INFO - Move to: [-35, -3]
2026-01-09 17:04:06,524 - nvd_autonomous - INFO - Start Talking: 1
2026-01-09 17:04:06,524 - nvd_autonomous - INFO - Move to: [-35, -3]
2026-01-09 17:04:06,926 - nvd_autonomous - INFO - No one talking
2026-01-09 17:04:09,338 - nvd_autonomous - INFO - Start Talking: 1
2026-01-09 17:04:09,338 - nvd_autonomous - INFO - Move to: [-35, -3]
2026-01-09 17:04:09,941 - nvd_autonomous - INFO - Start Talking: 1
2026-01-09 17:04:09,941 - nvd_autonomous - INFO - Move to: [-35, -3]
2026-01-09 17:04:12,553 - nvd_autonomous - INFO - No one talking
2026-01-09 17:04:14,364 - nvd_autonomous - INFO - Start Talking: 1
2026-01-09 17:04:14,364 - nvd_autonomous - INFO - Move to: [-35, -3]
2026-01-09 17:04:15,972 - nvd_autonomous - INFO - No one talking
2026-01-09 17:04:19,992 - nvd_autonomous - INFO - Start Talking: 1
2026-01-09 17:04:19,993 - nvd_autonomous - INFO - Move to: [-35, -3]
2026-01-09 17:04:20,395 - nvd_autonomous - INFO - Start Talking: 1
2026-01-09 17:04:20,395 - nvd_autonomous - INFO - Move to: [-35, -3]
2026-01-09 17:04:24,014 - nvd_autonomous - INFO - No one talking
2026-01-09 17:04:25,220 - nvd_autonomous - INFO - Start Talking: 1
2026-01-09 17:04:25,221 - nvd_autonomous - INFO - Move to: [-35, -3]
2026-01-09 17:04:27,231 - nvd_autonomous - INFO - Start Talking: 1
2026-01-09 17:04:27,231 - nvd_autonomous - INFO - Move to: [-35, -3]
2026-01-09 17:04:31,653 - nvd_autonomous - INFO - Start Talking: 3
2026-01-09 17:04:31,653 - nvd_autonomous - INFO - Move to: [35, -3]
2026-01-09 17:04:31,854 - nvd_autonomous - INFO - Start Talking: 1
2026-01-09 17:04:31,854 - nvd_autonomous - INFO - Move to: [-35, -3]
2026-01-09 17:04:32,257 - nvd_autonomous - INFO - Start Talking: 3
2026-01-09 17:04:32,257 - nvd_autonomous - INFO - Move to: [35, -3]
2026-01-09 17:04:32,659 - nvd_autonomous - INFO - Move pan to: 35
2026-01-09 17:04:32,659 - nvd_autonomous - INFO - Move tilt to: -3
2026-01-09 17:04:32,659 - nvd_autonomous - INFO - Start Talking: 1
2026-01-09 17:04:32,660 - nvd_autonomous - INFO - Move to: [-35, -3]
2026-01-09 17:04:33,464 - nvd_autonomous - INFO - Start Talking: 0
2026-01-09 17:04:33,465 - nvd_autonomous - INFO - Move to: [-35, -3]
2026-01-09 17:04:33,666 - nvd_autonomous - INFO - Start Talking: 1
2026-01-09 17:04:33,666 - nvd_autonomous - INFO - Move to: [-35, -3]
2026-01-09 17:04:33,867 - nvd_autonomous - INFO - Start Talking: 0
2026-01-09 17:04:33,867 - nvd_autonomous - INFO - Move to: [-35, -3]
2026-01-09 17:04:34,269 - nvd_autonomous - INFO - Start Talking: 1
2026-01-09 17:04:34,269 - nvd_autonomous - INFO - Move to: [-35, -3]
2026-01-09 17:04:34,470 - nvd_autonomous - INFO - Start Talking: 0
2026-01-09 17:04:34,471 - nvd_autonomous - INFO - Move to: [-35, -3]
2026-01-09 17:04:34,672 - nvd_autonomous - INFO - Start Talking: 3
2026-01-09 17:04:34,672 - nvd_autonomous - INFO - Move to: [35, -3]
2026-01-09 17:04:35,074 - nvd_autonomous - INFO - Start Talking: 0
2026-01-09 17:04:35,074 - nvd_autonomous - INFO - Move to: [-35, -3]
2026-01-09 17:04:35,275 - nvd_autonomous - INFO - Start Talking: 1
2026-01-09 17:04:35,275 - nvd_autonomous - INFO - Move to: [-35, -3]
2026-01-09 17:04:39,497 - nvd_autonomous - INFO - Start Talking: 3
2026-01-09 17:04:39,497 - nvd_autonomous - INFO - Move to: [35, -3]
2026-01-09 17:04:41,105 - nvd_autonomous - INFO - Move pan to: 35
2026-01-09 17:04:41,105 - nvd_autonomous - INFO - Move tilt to: -3
2026-01-09 17:04:42,112 - nvd_autonomous - INFO - Start Talking: 1
2026-01-09 17:04:42,112 - nvd_autonomous - INFO - Move to: [-35, -3]
2026-01-09 17:04:43,119 - nvd_autonomous - INFO - Move pan to: 35
2026-01-09 17:04:43,119 - nvd_autonomous - INFO - Move tilt to: -3
2026-01-09 17:04:45,331 - nvd_autonomous - INFO - No one talking
2026-01-09 17:04:45,934 - nvd_autonomous - INFO - Start Talking: 1
2026-01-09 17:04:45,934 - nvd_autonomous - INFO - Move to: [-35, -3]
2026-01-09 17:04:47,543 - nvd_autonomous - INFO - Start Talking: 3
2026-01-09 17:04:47,543 - nvd_autonomous - INFO - Move to: [35, -3]
2026-01-09 17:04:47,945 - nvd_autonomous - INFO - No one talking
2026-01-09 17:04:48,949 - nvd_autonomous - INFO - Start Talking: 1
2026-01-09 17:04:48,950 - nvd_autonomous - INFO - Move to: [-35, -3]
2026-01-09 17:04:49,955 - nvd_autonomous - INFO - Start Talking: 1
2026-01-09 17:04:49,955 - nvd_autonomous - INFO - Move to: [-35, -3]
2026-01-09 17:04:53,573 - nvd_autonomous - INFO - Start Talking: 0
2026-01-09 17:04:53,573 - nvd_autonomous - INFO - Move to: [-35, -3]
2026-01-09 17:04:54,177 - nvd_autonomous - INFO - No one talking
2026-01-09 17:04:55,383 - nvd_autonomous - INFO - Start Talking: 3
2026-01-09 17:04:55,383 - nvd_autonomous - INFO - Move to: [35, -3]
2026-01-09 17:04:57,192 - nvd_autonomous - INFO - Move pan to: 35
2026-01-09 17:04:57,192 - nvd_autonomous - INFO - Move tilt to: -3
2026-01-09 17:04:58,198 - nvd_autonomous - INFO - Move pan to: 35
2026-01-09 17:04:58,198 - nvd_autonomous - INFO - Move tilt to: -3
2026-01-09 17:04:58,400 - nvd_autonomous - INFO - No one talking
2026-01-09 17:04:59,405 - nvd_autonomous - INFO - Start Talking: 3
2026-01-09 17:04:59,405 - nvd_autonomous - INFO - Move to: [35, -3]
2026-01-09 17:05:00,812 - nvd_autonomous - INFO - No one talking
2026-01-09 17:05:11,265 - nvd_autonomous - INFO - Start Talking: 3
2026-01-09 17:05:11,266 - nvd_autonomous - INFO - Move to: [35, -3]
2026-01-09 17:05:12,672 - nvd_autonomous - INFO - No one talking
2026-01-09 17:05:14,883 - nvd_autonomous - INFO - Start Talking: 3
2026-01-09 17:05:14,883 - nvd_autonomous - INFO - Move to: [35, -3]
2026-01-09 17:05:16,089 - nvd_autonomous - INFO - No one talking
2026-01-09 17:05:17,496 - nvd_autonomous - INFO - Start Talking: 3
2026-01-09 17:05:17,496 - nvd_autonomous - INFO - Move to: [35, -3]
2026-01-09 17:05:17,898 - nvd_autonomous - INFO - No one talking
2026-01-09 17:05:20,310 - nvd_autonomous - INFO - Start Talking: 3
2026-01-09 17:05:20,311 - nvd_autonomous - INFO - Move to: [35, -3]
2026-01-09 17:05:20,914 - nvd_autonomous - INFO - No one talking
2026-01-09 17:05:21,115 - nvd_autonomous - INFO - Start Talking: 3
2026-01-09 17:05:21,115 - nvd_autonomous - INFO - Move to: [35, -3]
2026-01-09 17:05:21,517 - nvd_autonomous - INFO - No one talking
2026-01-09 17:05:31,173 - nvd_autonomous - INFO - Set icon to: listening.png
2026-01-09 17:05:39,015 - nvd_autonomous - INFO - Start Talking: 3
2026-01-09 17:05:39,015 - nvd_autonomous - INFO - Move to: [35, -3]
2026-01-09 17:05:39,819 - nvd_autonomous - INFO - Start Talking: 3
2026-01-09 17:05:39,819 - nvd_autonomous - INFO - Move to: [35, -3]
2026-01-09 17:05:40,221 - nvd_autonomous - INFO - No one talking
2026-01-09 17:05:47,057 - nvd_autonomous - INFO - Start Talking: 3
2026-01-09 17:05:47,057 - nvd_autonomous - INFO - Move to: [35, -3]
2026-01-09 17:05:48,062 - nvd_autonomous - INFO - Start Talking: 3
2026-01-09 17:05:48,062 - nvd_autonomous - INFO - Move to: [35, -3]
2026-01-09 17:05:48,665 - nvd_autonomous - INFO - Start Talking: 3
2026-01-09 17:05:48,665 - nvd_autonomous - INFO - Move to: [35, -3]
2026-01-09 17:05:49,269 - nvd_autonomous - INFO - No one talking
2026-01-09 17:05:50,275 - nvd_autonomous - INFO - Start Talking: 3
2026-01-09 17:05:50,275 - nvd_autonomous - INFO - Move to: [35, -3]
2026-01-09 17:05:53,291 - nvd_autonomous - INFO - No one talking
2026-01-09 17:05:54,295 - nvd_autonomous - INFO - Start Talking: 3
2026-01-09 17:05:54,296 - nvd_autonomous - INFO - Move to: [35, -3]
2026-01-09 17:05:54,899 - nvd_autonomous - INFO - No one talking
2026-01-09 17:05:57,915 - nvd_autonomous - INFO - Start Talking: 3
2026-01-09 17:05:57,915 - nvd_autonomous - INFO - Move to: [35, -3]
2026-01-09 17:05:58,519 - nvd_autonomous - INFO - Start Talking: 3
2026-01-09 17:05:58,519 - nvd_autonomous - INFO - Move to: [35, -3]
2026-01-09 17:05:59,725 - nvd_autonomous - INFO - No one talking
2026-01-09 17:06:02,539 - nvd_autonomous - INFO - Start Talking: 3
2026-01-09 17:06:02,539 - nvd_autonomous - INFO - Move to: [35, -3]
2026-01-09 17:06:03,745 - nvd_autonomous - INFO - No one talking
2026-01-09 17:06:05,153 - nvd_autonomous - INFO - Start Talking: 3
2026-01-09 17:06:05,153 - nvd_autonomous - INFO - Move to: [35, -3]
2026-01-09 17:06:05,555 - nvd_autonomous - INFO - No one talking
2026-01-09 17:06:06,359 - nvd_autonomous - INFO - Set image to: star.png
2026-01-09 17:06:07,566 - nvd_autonomous - INFO - Start Talking: 3
2026-01-09 17:06:07,566 - nvd_autonomous - INFO - Move to: [35, -3]
2026-01-09 17:06:07,967 - nvd_autonomous - INFO - Start Talking: 3
2026-01-09 17:06:07,967 - nvd_autonomous - INFO - Move to: [35, -3]
2026-01-09 17:06:08,169 - nvd_autonomous - INFO - Start Talking: 0
2026-01-09 17:06:08,169 - nvd_autonomous - INFO - Move to: [-35, -3]
2026-01-09 17:06:09,575 - nvd_autonomous - INFO - Start Talking: 0
2026-01-09 17:06:09,575 - nvd_autonomous - INFO - Move to: [-35, -3]
2026-01-09 17:06:10,179 - nvd_autonomous - INFO - Start Talking: 3
2026-01-09 17:06:10,179 - nvd_autonomous - INFO - Move to: [35, -3]
2026-01-09 17:06:10,582 - nvd_autonomous - INFO - Start Talking: 0
2026-01-09 17:06:10,582 - nvd_autonomous - INFO - Move to: [-35, -3]
2026-01-09 17:06:11,989 - nvd_autonomous - INFO - Start Talking: 1
2026-01-09 17:06:11,989 - nvd_autonomous - INFO - Move to: [-35, -3]
2026-01-09 17:06:12,190 - nvd_autonomous - INFO - Start Talking: 0
2026-01-09 17:06:12,190 - nvd_autonomous - INFO - Move to: [-35, -3]
2026-01-09 17:06:12,391 - nvd_autonomous - INFO - Start Talking: 1
2026-01-09 17:06:12,391 - nvd_autonomous - INFO - Move to: [-35, -3]
2026-01-09 17:06:12,994 - nvd_autonomous - INFO - Move pan to: 0
2026-01-09 17:06:12,994 - nvd_autonomous - INFO - Move tilt to: -3
2026-01-09 17:06:12,994 - nvd_autonomous - INFO - Set image to: blink.gif
2026-01-09 17:06:12,994 - nvd_autonomous - INFO - Set icon to: black.png
2026-01-09 17:06:15,207 - nvd_autonomous - INFO - Move pan to: 0
2026-01-09 17:06:15,207 - nvd_autonomous - INFO - Move tilt to: -3
2026-01-09 17:06:15,207 - nvd_autonomous - INFO - Set image to: blink.gif
2026-01-09 17:06:15,207 - nvd_autonomous - INFO - Set icon to: black.png
2026-01-09 17:06:18,022 - nvd_autonomous - INFO - Move pan to: 0
2026-01-09 17:06:18,022 - nvd_autonomous - INFO - Move tilt to: -3
2026-01-09 17:06:18,022 - nvd_autonomous - INFO - Set image to: blink.gif
2026-01-09 17:06:18,022 - nvd_autonomous - INFO - Set icon to: black.png
2026-01-09 17:06:18,425 - nvd_autonomous - INFO - Start Talking: 3
2026-01-09 17:06:18,425 - nvd_autonomous - INFO - Move to: [35, -3]
2026-01-09 17:06:20,836 - nvd_autonomous - INFO - Move pan to: 0
2026-01-09 17:06:20,836 - nvd_autonomous - INFO - Move tilt to: -3
2026-01-09 17:06:20,836 - nvd_autonomous - INFO - Set image to: blink.gif
2026-01-09 17:06:20,837 - nvd_autonomous - INFO - Set icon to: black.png
2026-01-09 17:06:23,653 - nvd_autonomous - INFO - No one talking
2026-01-09 17:06:27,674 - nvd_autonomous - INFO - Start Talking: 3
2026-01-09 17:06:27,674 - nvd_autonomous - INFO - Move to: [35, -3]
2026-01-09 17:06:28,075 - nvd_autonomous - INFO - No one talking
2026-01-09 17:06:30,086 - nvd_autonomous - INFO - Start Talking: 3
2026-01-09 17:06:30,086 - nvd_autonomous - INFO - Move to: [35, -3]
2026-01-09 17:06:31,694 - nvd_autonomous - INFO - No one talking
2026-01-09 17:06:31,895 - nvd_autonomous - INFO - Start Talking: 3
2026-01-09 17:06:31,895 - nvd_autonomous - INFO - Move to: [35, -3]
2026-01-09 17:06:38,930 - nvd_autonomous - INFO - Backchanneling to: [35, -3]
2026-01-09 17:06:45,966 - nvd_autonomous - INFO - Backchanneling to: [35, -3]
2026-01-09 17:06:53,001 - nvd_autonomous - INFO - Backchanneling to: [35, -3]
2026-01-09 17:07:00,036 - nvd_autonomous - INFO - Backchanneling to: [35, -3]
2026-01-09 17:07:07,072 - nvd_autonomous - INFO - Backchanneling to: [35, -3]
2026-01-09 17:07:11,092 - nvd_autonomous - INFO - No one talking
2026-01-09 17:07:11,293 - nvd_autonomous - INFO - Start Talking: 3
2026-01-09 17:07:11,293 - nvd_autonomous - INFO - Move to: [35, -3]
2026-01-09 17:07:12,700 - nvd_autonomous - INFO - No one talking
2026-01-09 17:07:13,303 - nvd_autonomous - INFO - Start Talking: 3
2026-01-09 17:07:13,303 - nvd_autonomous - INFO - Move to: [35, -3]
2026-01-09 17:07:16,117 - nvd_autonomous - INFO - No one talking
2026-01-09 17:07:16,921 - nvd_autonomous - INFO - Start Talking: 3
2026-01-09 17:07:16,921 - nvd_autonomous - INFO - Move to: [35, -3]
2026-01-09 17:07:17,725 - nvd_autonomous - INFO - No one talking
2026-01-09 17:07:17,926 - nvd_autonomous - INFO - Start Talking: 3
2026-01-09 17:07:17,926 - nvd_autonomous - INFO - Move to: [35, -3]
2026-01-09 17:07:18,529 - nvd_autonomous - INFO - Start Talking: 3
2026-01-09 17:07:18,529 - nvd_autonomous - INFO - Move to: [35, -3]
2026-01-09 17:07:19,535 - nvd_autonomous - INFO - Start Talking: 3
2026-01-09 17:07:19,535 - nvd_autonomous - INFO - Move to: [35, -3]
2026-01-09 17:07:20,340 - nvd_autonomous - INFO - Start Talking: 3
2026-01-09 17:07:20,341 - nvd_autonomous - INFO - Move to: [35, -3]
2026-01-09 17:07:23,155 - nvd_autonomous - INFO - No one talking
2026-01-09 17:07:24,160 - nvd_autonomous - INFO - Start Talking: 0
2026-01-09 17:07:24,160 - nvd_autonomous - INFO - Move to: [-35, -3]
2026-01-09 17:07:25,567 - nvd_autonomous - INFO - No one talking
2026-01-09 17:07:25,969 - nvd_autonomous - INFO - Start Talking: 0
2026-01-09 17:07:25,969 - nvd_autonomous - INFO - Move to: [-35, -3]
2026-01-09 17:07:26,773 - nvd_autonomous - INFO - No one talking
2026-01-09 17:07:30,190 - nvd_autonomous - INFO - Start Talking: 0
2026-01-09 17:07:30,190 - nvd_autonomous - INFO - Move to: [-35, -3]
2026-01-09 17:07:31,597 - nvd_autonomous - INFO - No one talking
2026-01-09 17:07:31,999 - nvd_autonomous - INFO - Start Talking: 0
2026-01-09 17:07:31,999 - nvd_autonomous - INFO - Move to: [-35, -3]
2026-01-09 17:07:33,004 - nvd_autonomous - INFO - No one talking
2026-01-09 17:07:33,607 - nvd_autonomous - INFO - Start Talking: 0
2026-01-09 17:07:33,607 - nvd_autonomous - INFO - Move to: [-35, -3]
2026-01-09 17:07:35,417 - nvd_autonomous - INFO - No one talking
2026-01-09 17:07:44,663 - nvd_autonomous - INFO - Robot start talking
2026-01-09 17:07:44,864 - nvd_autonomous - INFO - Robot start talking
2026-01-09 17:07:45,066 - nvd_autonomous - INFO - Robot start talking
2026-01-09 17:07:45,267 - nvd_autonomous - INFO - Robot start talking
2026-01-09 17:07:45,468 - nvd_autonomous - INFO - Robot start talking
2026-01-09 17:07:45,669 - nvd_autonomous - INFO - Robot start talking
2026-01-09 17:07:45,869 - nvd_autonomous - INFO - Robot start talking
2026-01-09 17:07:46,070 - nvd_autonomous - INFO - Robot start talking
2026-01-09 17:07:46,272 - nvd_autonomous - INFO - Robot start talking
2026-01-09 17:07:46,473 - nvd_autonomous - INFO - Robot start talking
2026-01-09 17:07:46,675 - nvd_autonomous - INFO - Robot start talking
2026-01-09 17:07:46,876 - nvd_autonomous - INFO - Robot start talking
2026-01-09 17:07:47,076 - nvd_autonomous - INFO - Robot start talking
2026-01-09 17:07:47,277 - nvd_autonomous - INFO - Robot start talking
2026-01-09 17:07:47,478 - nvd_autonomous - INFO - Robot start talking
2026-01-09 17:07:47,680 - nvd_autonomous - INFO - Robot start talking
2026-01-09 17:07:47,881 - nvd_autonomous - INFO - Robot start talking
2026-01-09 17:07:48,081 - nvd_autonomous - INFO - Robot start talking
2026-01-09 17:07:48,283 - nvd_autonomous - INFO - Robot start talking
2026-01-09 17:07:48,484 - nvd_autonomous - INFO - Robot start talking
2026-01-09 17:07:48,684 - nvd_autonomous - INFO - Robot start talking
2026-01-09 17:07:48,886 - nvd_autonomous - INFO - Robot start talking
2026-01-09 17:07:49,087 - nvd_autonomous - INFO - Robot start talking
2026-01-09 17:07:49,288 - nvd_autonomous - INFO - Robot start talking
2026-01-09 17:07:49,489 - nvd_autonomous - INFO - Robot start talking
2026-01-09 17:07:49,690 - nvd_autonomous - INFO - Robot start talking
2026-01-09 17:07:49,891 - nvd_autonomous - INFO - Move pan to: 35
2026-01-09 17:07:49,891 - nvd_autonomous - INFO - Move tilt to: -3
2026-01-09 17:07:49,892 - nvd_autonomous - INFO - Robot start talking
2026-01-09 17:07:50,094 - nvd_autonomous - INFO - Robot start talking
2026-01-09 17:07:50,296 - nvd_autonomous - INFO - Robot start talking
2026-01-09 17:07:50,497 - nvd_autonomous - INFO - Robot start talking
2026-01-09 17:07:50,698 - nvd_autonomous - INFO - Robot start talking
2026-01-09 17:07:50,899 - nvd_autonomous - INFO - Robot start talking
2026-01-09 17:07:51,100 - nvd_autonomous - INFO - Robot start talking
2026-01-09 17:07:51,301 - nvd_autonomous - INFO - Robot start talking
2026-01-09 17:07:51,502 - nvd_autonomous - INFO - Robot start talking
2026-01-09 17:07:51,703 - nvd_autonomous - INFO - Robot start talking
2026-01-09 17:07:51,904 - nvd_autonomous - INFO - Robot start talking
2026-01-09 17:07:52,105 - nvd_autonomous - INFO - Robot start talking
2026-01-09 17:07:52,306 - nvd_autonomous - INFO - Robot start talking
2026-01-09 17:07:52,507 - nvd_autonomous - INFO - Robot start talking
2026-01-09 17:07:52,708 - nvd_autonomous - INFO - Move pan to: 35
2026-01-09 17:07:52,708 - nvd_autonomous - INFO - Move tilt to: -3
2026-01-09 17:07:52,709 - nvd_autonomous - INFO - Robot start talking
2026-01-09 17:07:52,911 - nvd_autonomous - INFO - Robot start talking
2026-01-09 17:07:53,112 - nvd_autonomous - INFO - Robot start talking
2026-01-09 17:07:53,313 - nvd_autonomous - INFO - Robot start talking
2026-01-09 17:07:53,514 - nvd_autonomous - INFO - Robot start talking
2026-01-09 17:07:53,715 - nvd_autonomous - INFO - Robot start talking
2026-01-09 17:07:53,916 - nvd_autonomous - INFO - Robot start talking
2026-01-09 17:07:54,117 - nvd_autonomous - INFO - Robot start talking
2026-01-09 17:07:54,318 - nvd_autonomous - INFO - Robot start talking
2026-01-09 17:07:54,519 - nvd_autonomous - INFO - Robot start talking
2026-01-09 17:07:54,720 - nvd_autonomous - INFO - Robot start talking
2026-01-09 17:07:54,921 - nvd_autonomous - INFO - Robot start talking
2026-01-09 17:07:55,122 - nvd_autonomous - INFO - Robot start talking
2026-01-09 17:07:55,324 - nvd_autonomous - INFO - Robot start talking
2026-01-09 17:07:55,525 - nvd_autonomous - INFO - Robot start talking
2026-01-09 17:07:55,726 - nvd_autonomous - INFO - Robot start talking
2026-01-09 17:07:55,931 - nvd_autonomous - INFO - Robot start talking
2026-01-09 17:07:56,133 - nvd_autonomous - INFO - Robot start talking
2026-01-09 17:07:56,333 - nvd_autonomous - INFO - Robot start talking
2026-01-09 17:07:56,535 - nvd_autonomous - INFO - Robot start talking
2026-01-09 17:07:56,736 - nvd_autonomous - INFO - Robot start talking
2026-01-09 17:07:56,937 - nvd_autonomous - INFO - Robot start talking
2026-01-09 17:07:57,138 - nvd_autonomous - INFO - Robot start talking
2026-01-09 17:07:57,339 - nvd_autonomous - INFO - Robot start talking
2026-01-09 17:07:57,540 - nvd_autonomous - INFO - Robot start talking
2026-01-09 17:07:57,741 - nvd_autonomous - INFO - Robot start talking
2026-01-09 17:07:57,942 - nvd_autonomous - INFO - Robot start talking
2026-01-09 17:07:58,144 - nvd_autonomous - INFO - Robot start talking
2026-01-09 17:07:58,345 - nvd_autonomous - INFO - Robot start talking
2026-01-09 17:07:58,546 - nvd_autonomous - INFO - Robot start talking
2026-01-09 17:07:58,748 - nvd_autonomous - INFO - Robot start talking
2026-01-09 17:07:58,948 - nvd_autonomous - INFO - Robot start talking
2026-01-09 17:07:59,150 - nvd_autonomous - INFO - Robot start talking
2026-01-09 17:07:59,350 - nvd_autonomous - INFO - Robot start talking
2026-01-09 17:07:59,552 - nvd_autonomous - INFO - Robot start talking
2026-01-09 17:07:59,753 - nvd_autonomous - INFO - Robot start talking
2026-01-09 17:07:59,954 - nvd_autonomous - INFO - Robot start talking
2026-01-09 17:08:00,156 - nvd_autonomous - INFO - Robot start talking
2026-01-09 17:08:00,357 - nvd_autonomous - INFO - Robot start talking
2026-01-09 17:08:00,558 - nvd_autonomous - INFO - Robot start talking
2026-01-09 17:08:00,759 - nvd_autonomous - INFO - Robot start talking
2026-01-09 17:08:00,961 - nvd_autonomous - INFO - Robot start talking
2026-01-09 17:08:01,163 - nvd_autonomous - INFO - Move pan to: 0
2026-01-09 17:08:01,163 - nvd_autonomous - INFO - Move tilt to: -3
2026-01-09 17:08:01,163 - nvd_autonomous - INFO - Robot start talking
2026-01-09 17:08:01,364 - nvd_autonomous - INFO - Robot start talking
2026-01-09 17:08:01,565 - nvd_autonomous - INFO - Robot start talking
2026-01-09 17:08:01,766 - nvd_autonomous - INFO - Robot start talking
2026-01-09 17:08:01,968 - nvd_autonomous - INFO - Robot start talking
2026-01-09 17:08:02,168 - nvd_autonomous - INFO - Robot start talking
2026-01-09 17:08:02,370 - nvd_autonomous - INFO - Robot start talking
2026-01-09 17:08:02,571 - nvd_autonomous - INFO - Robot start talking
2026-01-09 17:08:02,773 - nvd_autonomous - INFO - Robot start talking
2026-01-09 17:08:02,974 - nvd_autonomous - INFO - Robot start talking
2026-01-09 17:08:03,175 - nvd_autonomous - INFO - Robot start talking
2026-01-09 17:08:03,376 - nvd_autonomous - INFO - Robot start talking
2026-01-09 17:08:03,577 - nvd_autonomous - INFO - Robot start talking
2026-01-09 17:08:03,778 - nvd_autonomous - INFO - Robot start talking
2026-01-09 17:08:04,181 - nvd_autonomous - INFO - No one talking
2026-01-09 17:08:04,582 - nvd_autonomous - INFO - Start Talking: 0
2026-01-09 17:08:04,582 - nvd_autonomous - INFO - Move to: [-35, -3]
2026-01-09 17:08:06,392 - nvd_autonomous - INFO - No one talking
2026-01-09 17:08:06,995 - nvd_autonomous - INFO - Start Talking: 1
2026-01-09 17:08:06,995 - nvd_autonomous - INFO - Move to: [-35, -3]
2026-01-09 17:08:10,814 - nvd_autonomous - INFO - No one talking
2026-01-09 17:08:13,026 - nvd_autonomous - INFO - Start Talking: 1
2026-01-09 17:08:13,026 - nvd_autonomous - INFO - Move to: [-35, -3]
2026-01-09 17:08:13,629 - nvd_autonomous - INFO - Move pan to: 0
2026-01-09 17:08:13,629 - nvd_autonomous - INFO - Move tilt to: -3
2026-01-09 17:08:14,232 - nvd_autonomous - INFO - No one talking
2026-01-09 17:08:19,860 - nvd_autonomous - INFO - Robot start talking
2026-01-09 17:08:20,061 - nvd_autonomous - INFO - Robot start talking
2026-01-09 17:08:20,262 - nvd_autonomous - INFO - Robot start talking
2026-01-09 17:08:20,664 - nvd_autonomous - INFO - No one talking
2026-01-09 17:08:20,866 - nvd_autonomous - INFO - Robot start talking
2026-01-09 17:08:21,067 - nvd_autonomous - INFO - Robot start talking
2026-01-09 17:08:21,268 - nvd_autonomous - INFO - Robot start talking
2026-01-09 17:08:21,469 - nvd_autonomous - INFO - Robot start talking
2026-01-09 17:08:21,670 - nvd_autonomous - INFO - Robot start talking
2026-01-09 17:08:21,871 - nvd_autonomous - INFO - Robot start talking
2026-01-09 17:08:22,072 - nvd_autonomous - INFO - Robot start talking
2026-01-09 17:08:22,273 - nvd_autonomous - INFO - Robot start talking
2026-01-09 17:08:22,474 - nvd_autonomous - INFO - Robot start talking
2026-01-09 17:08:22,675 - nvd_autonomous - INFO - Robot start talking
2026-01-09 17:08:22,876 - nvd_autonomous - INFO - Robot start talking
2026-01-09 17:08:23,077 - nvd_autonomous - INFO - Robot start talking
2026-01-09 17:08:23,278 - nvd_autonomous - INFO - Robot start talking
2026-01-09 17:08:23,479 - nvd_autonomous - INFO - Robot start talking
2026-01-09 17:08:23,680 - nvd_autonomous - INFO - Robot start talking
2026-01-09 17:08:23,882 - nvd_autonomous - INFO - Robot start talking
2026-01-09 17:08:24,083 - nvd_autonomous - INFO - Robot start talking
2026-01-09 17:08:24,284 - nvd_autonomous - INFO - Robot start talking
2026-01-09 17:08:24,486 - nvd_autonomous - INFO - Robot start talking
2026-01-09 17:08:24,687 - nvd_autonomous - INFO - Robot start talking
2026-01-09 17:08:24,888 - nvd_autonomous - INFO - Robot start talking
2026-01-09 17:08:25,089 - nvd_autonomous - INFO - Robot start talking
2026-01-09 17:08:25,290 - nvd_autonomous - INFO - Robot start talking
2026-01-09 17:08:25,491 - nvd_autonomous - INFO - Robot start talking
2026-01-09 17:08:25,693 - nvd_autonomous - INFO - Robot start talking
2026-01-09 17:08:25,928 - nvd_autonomous - INFO - Robot start talking
2026-01-09 17:08:26,129 - nvd_autonomous - INFO - Robot start talking
2026-01-09 17:08:26,330 - nvd_autonomous - INFO - Robot start talking
2026-01-09 17:08:26,531 - nvd_autonomous - INFO - Robot start talking
2026-01-09 17:08:26,732 - nvd_autonomous - INFO - Robot start talking
2026-01-09 17:08:26,933 - nvd_autonomous - INFO - Robot start talking
2026-01-09 17:08:27,134 - nvd_autonomous - INFO - Robot start talking
2026-01-09 17:08:27,336 - nvd_autonomous - INFO - Robot start talking
2026-01-09 17:08:27,737 - nvd_autonomous - INFO - No one talking
2026-01-09 17:08:28,340 - nvd_autonomous - INFO - Robot start talking
2026-01-09 17:08:28,542 - nvd_autonomous - INFO - Robot start talking
2026-01-09 17:08:28,743 - nvd_autonomous - INFO - Robot start talking
2026-01-09 17:08:28,944 - nvd_autonomous - INFO - Robot start talking
2026-01-09 17:08:29,145 - nvd_autonomous - INFO - Robot start talking
2026-01-09 17:08:29,345 - nvd_autonomous - INFO - Robot start talking
2026-01-09 17:08:29,547 - nvd_autonomous - INFO - Robot start talking
2026-01-09 17:08:29,748 - nvd_autonomous - INFO - Robot start talking
2026-01-09 17:08:29,949 - nvd_autonomous - INFO - Robot start talking
2026-01-09 17:08:30,150 - nvd_autonomous - INFO - Robot start talking
2026-01-09 17:08:30,351 - nvd_autonomous - INFO - Robot start talking
2026-01-09 17:08:30,552 - nvd_autonomous - INFO - Robot start talking
2026-01-09 17:08:30,753 - nvd_autonomous - INFO - Robot start talking
2026-01-09 17:08:30,954 - nvd_autonomous - INFO - Robot start talking
2026-01-09 17:08:31,155 - nvd_autonomous - INFO - Robot start talking
2026-01-09 17:08:31,360 - nvd_autonomous - INFO - Robot start talking
2026-01-09 17:08:31,561 - nvd_autonomous - INFO - Robot start talking
2026-01-09 17:08:31,762 - nvd_autonomous - INFO - Robot start talking
2026-01-09 17:08:31,963 - nvd_autonomous - INFO - Robot start talking
2026-01-09 17:08:32,164 - nvd_autonomous - INFO - Robot start talking
2026-01-09 17:08:32,365 - nvd_autonomous - INFO - Robot start talking
2026-01-09 17:08:32,567 - nvd_autonomous - INFO - Robot start talking
2026-01-09 17:08:32,768 - nvd_autonomous - INFO - Robot start talking
2026-01-09 17:08:32,969 - nvd_autonomous - INFO - Robot start talking
2026-01-09 17:08:33,170 - nvd_autonomous - INFO - Robot start talking
2026-01-09 17:08:33,371 - nvd_autonomous - INFO - Robot start talking
2026-01-09 17:08:33,572 - nvd_autonomous - INFO - Robot start talking
2026-01-09 17:08:33,773 - nvd_autonomous - INFO - Robot start talking
2026-01-09 17:08:33,975 - nvd_autonomous - INFO - Robot start talking
2026-01-09 17:08:34,176 - nvd_autonomous - INFO - Robot start talking
2026-01-09 17:08:34,378 - nvd_autonomous - INFO - Robot start talking
2026-01-09 17:08:34,580 - nvd_autonomous - INFO - Robot start talking
2026-01-09 17:08:34,781 - nvd_autonomous - INFO - Robot start talking
2026-01-09 17:08:34,982 - nvd_autonomous - INFO - Robot start talking
2026-01-09 17:08:35,184 - nvd_autonomous - INFO - Robot start talking
2026-01-09 17:08:35,385 - nvd_autonomous - INFO - Robot start talking
2026-01-09 17:08:35,586 - nvd_autonomous - INFO - Robot start talking
2026-01-09 17:08:35,787 - nvd_autonomous - INFO - Robot start talking
2026-01-09 17:08:36,189 - nvd_autonomous - INFO - No one talking
2026-01-09 17:08:36,994 - nvd_autonomous - INFO - Robot start talking
2026-01-09 17:08:37,195 - nvd_autonomous - INFO - Robot start talking
2026-01-09 17:08:37,396 - nvd_autonomous - INFO - Robot start talking
2026-01-09 17:08:37,597 - nvd_autonomous - INFO - Robot start talking
2026-01-09 17:08:37,798 - nvd_autonomous - INFO - Robot start talking
2026-01-09 17:08:37,999 - nvd_autonomous - INFO - Robot start talking
2026-01-09 17:08:38,200 - nvd_autonomous - INFO - Start Talking: 1
2026-01-09 17:08:38,200 - nvd_autonomous - INFO - Move to: [-35, -3]
2026-01-09 17:08:38,803 - nvd_autonomous - INFO - Robot start talking
2026-01-09 17:08:39,005 - nvd_autonomous - INFO - Robot start talking
2026-01-09 17:08:39,206 - nvd_autonomous - INFO - Robot start talking
2026-01-09 17:08:39,608 - nvd_autonomous - INFO - Robot start talking
2026-01-09 17:08:39,809 - nvd_autonomous - INFO - Robot start talking
2026-01-09 17:08:40,010 - nvd_autonomous - INFO - Start Talking: 0
2026-01-09 17:08:40,010 - nvd_autonomous - INFO - Move to: [-35, -3]
2026-01-09 17:08:40,211 - nvd_autonomous - INFO - Robot start talking
2026-01-09 17:08:40,412 - nvd_autonomous - INFO - Robot start talking
2026-01-09 17:08:40,613 - nvd_autonomous - INFO - Robot start talking
2026-01-09 17:08:40,814 - nvd_autonomous - INFO - Robot start talking
2026-01-09 17:08:41,015 - nvd_autonomous - INFO - Robot start talking
2026-01-09 17:08:41,216 - nvd_autonomous - INFO - Robot start talking
2026-01-09 17:08:41,417 - nvd_autonomous - INFO - Robot start talking
2026-01-09 17:08:41,618 - nvd_autonomous - INFO - Robot start talking
2026-01-09 17:08:41,819 - nvd_autonomous - INFO - Robot start talking
2026-01-09 17:08:42,021 - nvd_autonomous - INFO - Robot start talking
2026-01-09 17:08:42,222 - nvd_autonomous - INFO - Robot start talking
2026-01-09 17:08:42,423 - nvd_autonomous - INFO - Robot start talking
2026-01-09 17:08:42,624 - nvd_autonomous - INFO - Start Talking: 1
2026-01-09 17:08:42,624 - nvd_autonomous - INFO - Move to: [-35, -3]
2026-01-09 17:08:43,227 - nvd_autonomous - INFO - No one talking
2026-01-09 17:08:44,433 - nvd_autonomous - INFO - Start Talking: 0
2026-01-09 17:08:44,433 - nvd_autonomous - INFO - Move to: [-35, -3]
2026-01-09 17:08:46,041 - nvd_autonomous - INFO - No one talking
2026-01-09 17:08:48,654 - nvd_autonomous - INFO - Start Talking: 3
2026-01-09 17:08:48,655 - nvd_autonomous - INFO - Move to: [35, -3]
2026-01-09 17:08:49,862 - nvd_autonomous - INFO - No one talking
2026-01-09 17:08:50,063 - nvd_autonomous - INFO - Move pan to: 35
2026-01-09 17:08:50,063 - nvd_autonomous - INFO - Move tilt to: -3
2026-01-09 17:08:50,867 - nvd_autonomous - INFO - Start Talking: 3
2026-01-09 17:08:50,867 - nvd_autonomous - INFO - Move to: [35, -3]
2026-01-09 17:08:51,470 - nvd_autonomous - INFO - Start Talking: 0
2026-01-09 17:08:51,470 - nvd_autonomous - INFO - Move to: [-35, -3]
2026-01-09 17:08:52,073 - nvd_autonomous - INFO - Set image to: love.png
2026-01-09 17:08:53,279 - nvd_autonomous - INFO - Set image to: love.png
2026-01-09 17:08:53,480 - nvd_autonomous - INFO - Set image to: love.png
2026-01-09 17:08:53,681 - nvd_autonomous - INFO - No one talking
2026-01-09 17:08:54,284 - nvd_autonomous - INFO - Start Talking: 0
2026-01-09 17:08:54,284 - nvd_autonomous - INFO - Move to: [-35, -3]
2026-01-09 17:08:55,692 - nvd_autonomous - INFO - Set image to: love.png
2026-01-09 17:08:56,094 - nvd_autonomous - INFO - Start Talking: 3
2026-01-09 17:08:56,095 - nvd_autonomous - INFO - Move to: [35, -3]
2026-01-09 17:08:56,899 - nvd_autonomous - INFO - No one talking
2026-01-09 17:08:57,502 - nvd_autonomous - INFO - Start Talking: 0
2026-01-09 17:08:57,503 - nvd_autonomous - INFO - Move to: [-35, -3]
2026-01-09 17:08:58,508 - nvd_autonomous - INFO - No one talking
2026-01-09 17:09:00,519 - nvd_autonomous - INFO - Move pan to: 35
2026-01-09 17:09:00,520 - nvd_autonomous - INFO - Move tilt to: -3
2026-01-09 17:09:00,922 - nvd_autonomous - INFO - Move pan to: 35
2026-01-09 17:09:00,922 - nvd_autonomous - INFO - Move tilt to: -3
2026-01-09 17:09:02,731 - nvd_autonomous - INFO - Move pan to: 35
2026-01-09 17:09:02,731 - nvd_autonomous - INFO - Move tilt to: -3
2026-01-09 17:09:03,937 - nvd_autonomous - INFO - Start Talking: 3
2026-01-09 17:09:03,937 - nvd_autonomous - INFO - Move to: [35, -3]
2026-01-09 17:09:04,339 - nvd_autonomous - INFO - No one talking
2026-01-09 17:09:06,954 - nvd_autonomous - INFO - Start Talking: 1
2026-01-09 17:09:06,954 - nvd_autonomous - INFO - Move to: [-35, -3]
2026-01-09 17:09:08,361 - nvd_autonomous - INFO - Start Talking: 3
2026-01-09 17:09:08,361 - nvd_autonomous - INFO - Move to: [35, -3]
2026-01-09 17:09:10,974 - nvd_autonomous - INFO - No one talking
2026-01-09 17:09:12,985 - nvd_autonomous - INFO - Set image to: love.png
2026-01-09 17:09:14,192 - nvd_autonomous - INFO - Start Talking: 0
2026-01-09 17:09:14,192 - nvd_autonomous - INFO - Move to: [-35, -3]
2026-01-09 17:09:15,799 - nvd_autonomous - INFO - Set image to: love.png
2026-01-09 17:09:16,402 - nvd_autonomous - INFO - Start Talking: 3
2026-01-09 17:09:16,402 - nvd_autonomous - INFO - Move to: [35, -3]
2026-01-09 17:09:18,010 - nvd_autonomous - INFO - Move pan to: 0
2026-01-09 17:09:18,010 - nvd_autonomous - INFO - Move tilt to: -3
2026-01-09 17:09:18,010 - nvd_autonomous - INFO - Set image to: blink.gif
2026-01-09 17:09:18,010 - nvd_autonomous - INFO - Set icon to: black.png
2026-01-09 17:09:19,217 - nvd_autonomous - INFO - Start Talking: 0
2026-01-09 17:09:19,217 - nvd_autonomous - INFO - Move to: [-35, -3]
2026-01-09 17:09:20,223 - nvd_autonomous - INFO - Move pan to: 0
2026-01-09 17:09:20,223 - nvd_autonomous - INFO - Move tilt to: -3
2026-01-09 17:09:20,223 - nvd_autonomous - INFO - Set image to: blink.gif
2026-01-09 17:09:20,223 - nvd_autonomous - INFO - Set icon to: black.png
2026-01-09 17:09:20,827 - nvd_autonomous - INFO - Move pan to: 0
2026-01-09 17:09:20,827 - nvd_autonomous - INFO - Move tilt to: -3
2026-01-09 17:09:20,827 - nvd_autonomous - INFO - Set image to: blink.gif
2026-01-09 17:09:20,827 - nvd_autonomous - INFO - Set icon to: black.png
2026-01-09 17:09:21,430 - nvd_autonomous - INFO - Start Talking: 3
2026-01-09 17:09:21,431 - nvd_autonomous - INFO - Move to: [35, -3]
2026-01-09 17:09:24,044 - nvd_autonomous - INFO - No one talking
2026-01-09 17:09:25,451 - nvd_autonomous - INFO - Start Talking: 0
2026-01-09 17:09:25,451 - nvd_autonomous - INFO - Move to: [-35, -3]
2026-01-09 17:09:32,486 - nvd_autonomous - INFO - Backchanneling to: [-35, -3]
2026-01-09 17:09:35,299 - nvd_autonomous - INFO - Move pan to: 0
2026-01-09 17:09:35,299 - nvd_autonomous - INFO - Move tilt to: -3
2026-01-09 17:09:36,907 - nvd_autonomous - INFO - Move pan to: 0
2026-01-09 17:09:36,907 - nvd_autonomous - INFO - Move tilt to: -3
2026-01-09 17:09:37,913 - nvd_autonomous - INFO - No one talking
2026-01-09 17:09:40,726 - nvd_autonomous - INFO - Start Talking: 0
2026-01-09 17:09:40,726 - nvd_autonomous - INFO - Move to: [-35, -3]
2026-01-09 17:09:42,536 - nvd_autonomous - INFO - No one talking
2026-01-09 17:09:43,340 - nvd_autonomous - INFO - Start Talking: 1
2026-01-09 17:09:43,340 - nvd_autonomous - INFO - Move to: [-35, -3]
2026-01-09 17:09:44,346 - nvd_autonomous - INFO - Start Talking: 0
2026-01-09 17:09:44,346 - nvd_autonomous - INFO - Move to: [-35, -3]
2026-01-09 17:09:44,949 - nvd_autonomous - INFO - Start Talking: 1
2026-01-09 17:09:44,949 - nvd_autonomous - INFO - Move to: [-35, -3]
2026-01-09 17:09:45,954 - nvd_autonomous - INFO - Move pan to: 0
2026-01-09 17:09:45,954 - nvd_autonomous - INFO - Move tilt to: -3
2026-01-09 17:09:46,357 - nvd_autonomous - INFO - Start Talking: 0
2026-01-09 17:09:46,357 - nvd_autonomous - INFO - Move to: [-35, -3]
2026-01-09 17:09:46,558 - nvd_autonomous - INFO - Start Talking: 1
2026-01-09 17:09:46,558 - nvd_autonomous - INFO - Move to: [-35, -3]
2026-01-09 17:09:46,960 - nvd_autonomous - INFO - Start Talking: 0
2026-01-09 17:09:46,960 - nvd_autonomous - INFO - Move to: [-35, -3]
2026-01-09 17:09:53,996 - nvd_autonomous - INFO - Backchanneling to: [-35, -3]
2026-01-09 17:09:57,414 - nvd_autonomous - INFO - No one talking
2026-01-09 17:09:59,826 - nvd_autonomous - INFO - Start Talking: 3
2026-01-09 17:09:59,826 - nvd_autonomous - INFO - Move to: [35, -3]
2026-01-09 17:10:00,429 - nvd_autonomous - INFO - Robot start talking
2026-01-09 17:10:00,630 - nvd_autonomous - INFO - Start Talking: 3
2026-01-09 17:10:00,630 - nvd_autonomous - INFO - Move to: [35, -3]
2026-01-09 17:10:00,831 - nvd_autonomous - INFO - Robot start talking
2026-01-09 17:10:01,032 - nvd_autonomous - INFO - Robot start talking
2026-01-09 17:10:01,434 - nvd_autonomous - INFO - No one talking
2026-01-09 17:10:01,635 - nvd_autonomous - INFO - Start Talking: 0
2026-01-09 17:10:01,636 - nvd_autonomous - INFO - Move to: [-35, -3]
2026-01-09 17:10:02,039 - nvd_autonomous - INFO - No one talking
2026-01-09 17:10:13,697 - nvd_autonomous - INFO - Start Talking: 0
2026-01-09 17:10:13,697 - nvd_autonomous - INFO - Move to: [-35, -3]
2026-01-09 17:10:20,733 - nvd_autonomous - INFO - Backchanneling to: [-35, -3]
2026-01-09 17:10:27,770 - nvd_autonomous - INFO - Backchanneling to: [-35, -3]
2026-01-09 17:10:31,991 - nvd_autonomous - INFO - Robot start talking
2026-01-09 17:10:32,193 - nvd_autonomous - INFO - Robot start talking
2026-01-09 17:10:32,394 - nvd_autonomous - INFO - Start Talking: 1
2026-01-09 17:10:32,394 - nvd_autonomous - INFO - Move to: [-35, -3]
2026-01-09 17:10:32,997 - nvd_autonomous - INFO - Robot start talking
2026-01-09 17:10:33,198 - nvd_autonomous - INFO - Robot start talking
2026-01-09 17:10:33,400 - nvd_autonomous - INFO - Start Talking: 1
2026-01-09 17:10:33,400 - nvd_autonomous - INFO - Move to: [-35, -3]
2026-01-09 17:10:40,638 - nvd_autonomous - INFO - Start Talking: 3
2026-01-09 17:10:40,638 - nvd_autonomous - INFO - Move to: [35, -3]
2026-01-09 17:10:40,839 - nvd_autonomous - INFO - Start Talking: 0
2026-01-09 17:10:40,839 - nvd_autonomous - INFO - Move to: [-35, -3]
2026-01-09 17:10:41,040 - nvd_autonomous - INFO - Start Talking: 3
2026-01-09 17:10:41,040 - nvd_autonomous - INFO - Move to: [35, -3]
2026-01-09 17:10:44,858 - nvd_autonomous - INFO - Start Talking: 1
2026-01-09 17:10:44,858 - nvd_autonomous - INFO - Move to: [-35, -3]
2026-01-09 17:10:45,059 - nvd_autonomous - INFO - Start Talking: 3
2026-01-09 17:10:45,059 - nvd_autonomous - INFO - Move to: [35, -3]
2026-01-09 17:10:49,079 - nvd_autonomous - INFO - Start Talking: 1
2026-01-09 17:10:49,080 - nvd_autonomous - INFO - Move to: [-35, -3]
2026-01-09 17:10:49,281 - nvd_autonomous - INFO - Start Talking: 3
2026-01-09 17:10:49,281 - nvd_autonomous - INFO - Move to: [35, -3]
2026-01-09 17:10:49,683 - nvd_autonomous - INFO - Start Talking: 1
2026-01-09 17:10:49,683 - nvd_autonomous - INFO - Move to: [-35, -3]
2026-01-09 17:10:49,884 - nvd_autonomous - INFO - Start Talking: 3
2026-01-09 17:10:49,885 - nvd_autonomous - INFO - Move to: [35, -3]
2026-01-09 17:10:50,689 - nvd_autonomous - INFO - Start Talking: 0
2026-01-09 17:10:50,689 - nvd_autonomous - INFO - Move to: [-35, -3]
2026-01-09 17:10:51,694 - nvd_autonomous - INFO - Start Talking: 3
2026-01-09 17:10:51,694 - nvd_autonomous - INFO - Move to: [35, -3]
2026-01-09 17:10:52,699 - nvd_autonomous - INFO - Start Talking: 3
2026-01-09 17:10:52,699 - nvd_autonomous - INFO - Move to: [35, -3]
2026-01-09 17:10:55,513 - nvd_autonomous - INFO - Start Talking: 1
2026-01-09 17:10:55,514 - nvd_autonomous - INFO - Move to: [-35, -3]
2026-01-09 17:10:56,922 - nvd_autonomous - INFO - Start Talking: 3
2026-01-09 17:10:56,922 - nvd_autonomous - INFO - Move to: [35, -3]
2026-01-09 17:10:58,531 - nvd_autonomous - INFO - No one talking
2026-01-09 17:10:59,335 - nvd_autonomous - INFO - Start Talking: 0
2026-01-09 17:10:59,335 - nvd_autonomous - INFO - Move to: [-35, -3]
2026-01-09 17:11:01,546 - nvd_autonomous - INFO - Start Talking: 1
2026-01-09 17:11:01,546 - nvd_autonomous - INFO - Move to: [-35, -3]
2026-01-09 17:11:02,752 - nvd_autonomous - INFO - Start Talking: 3
2026-01-09 17:11:02,752 - nvd_autonomous - INFO - Move to: [35, -3]
2026-01-09 17:11:03,557 - nvd_autonomous - INFO - Start Talking: 1
2026-01-09 17:11:03,557 - nvd_autonomous - INFO - Move to: [-35, -3]
2026-01-09 17:11:05,166 - nvd_autonomous - INFO - Start Talking: 3
2026-01-09 17:11:05,166 - nvd_autonomous - INFO - Move to: [35, -3]
2026-01-09 17:11:05,367 - nvd_autonomous - INFO - Start Talking: 1
2026-01-09 17:11:05,367 - nvd_autonomous - INFO - Move to: [-35, -3]
2026-01-09 17:11:05,568 - nvd_autonomous - INFO - Start Talking: 3
2026-01-09 17:11:05,569 - nvd_autonomous - INFO - Move to: [35, -3]
2026-01-09 17:11:08,786 - nvd_autonomous - INFO - No one talking
2026-01-09 17:11:09,992 - nvd_autonomous - INFO - Start Talking: 3
2026-01-09 17:11:09,992 - nvd_autonomous - INFO - Move to: [35, -3]
2026-01-09 17:11:11,399 - nvd_autonomous - INFO - No one talking
2026-01-09 17:11:13,208 - nvd_autonomous - INFO - Start Talking: 3
2026-01-09 17:11:13,208 - nvd_autonomous - INFO - Move to: [35, -3]
2026-01-09 17:11:13,409 - nvd_autonomous - INFO - Start Talking: 0
2026-01-09 17:11:13,409 - nvd_autonomous - INFO - Move to: [-35, -3]
2026-01-09 17:11:14,012 - nvd_autonomous - INFO - Start Talking: 3
2026-01-09 17:11:14,012 - nvd_autonomous - INFO - Move to: [35, -3]
2026-01-09 17:11:14,415 - nvd_autonomous - INFO - Start Talking: 3
2026-01-09 17:11:14,415 - nvd_autonomous - INFO - Move to: [35, -3]
2026-01-09 17:11:14,817 - nvd_autonomous - INFO - Start Talking: 3
2026-01-09 17:11:14,818 - nvd_autonomous - INFO - Move to: [35, -3]
2026-01-09 17:11:16,024 - nvd_autonomous - INFO - No one talking
2026-01-09 17:11:17,431 - nvd_autonomous - INFO - Start Talking: 1
2026-01-09 17:11:17,431 - nvd_autonomous - INFO - Move to: [-35, -3]
2026-01-09 17:11:18,236 - nvd_autonomous - INFO - Start Talking: 0
2026-01-09 17:11:18,236 - nvd_autonomous - INFO - Move to: [-35, -3]
2026-01-09 17:11:19,844 - nvd_autonomous - INFO - No one talking
2026-01-09 17:11:20,447 - nvd_autonomous - INFO - Start Talking: 3
2026-01-09 17:11:20,447 - nvd_autonomous - INFO - Move to: [35, -3]
2026-01-09 17:11:22,456 - nvd_autonomous - INFO - No one talking
2026-01-09 17:11:23,662 - nvd_autonomous - INFO - Start Talking: 3
2026-01-09 17:11:23,662 - nvd_autonomous - INFO - Move to: [35, -3]
2026-01-09 17:11:27,083 - nvd_autonomous - INFO - Robot start talking
2026-01-09 17:11:27,299 - nvd_autonomous - INFO - Robot start talking
2026-01-09 17:11:27,515 - nvd_autonomous - INFO - Robot start talking
2026-01-09 17:11:27,732 - nvd_autonomous - INFO - Robot start talking
2026-01-09 17:11:27,932 - nvd_autonomous - INFO - Robot start talking
2026-01-09 17:11:28,155 - nvd_autonomous - INFO - Robot start talking
2026-01-09 17:11:28,372 - nvd_autonomous - INFO - Robot start talking
2026-01-09 17:11:28,588 - nvd_autonomous - INFO - Robot start talking
2026-01-09 17:11:28,789 - nvd_autonomous - INFO - Robot start talking
2026-01-09 17:11:29,005 - nvd_autonomous - INFO - Robot start talking
2026-01-09 17:11:29,221 - nvd_autonomous - INFO - Robot start talking
2026-01-09 17:11:29,438 - nvd_autonomous - INFO - Robot start talking
2026-01-09 17:11:29,660 - nvd_autonomous - INFO - Robot start talking
2026-01-09 17:11:29,877 - nvd_autonomous - INFO - Robot start talking
2026-01-09 17:11:30,093 - nvd_autonomous - INFO - Robot start talking
2026-01-09 17:11:30,309 - nvd_autonomous - INFO - Robot start talking
2026-01-09 17:11:30,526 - nvd_autonomous - INFO - Robot start talking
2026-01-09 17:11:30,740 - nvd_autonomous - INFO - Robot start talking
2026-01-09 17:11:30,944 - nvd_autonomous - INFO - Robot start talking
2026-01-09 17:11:31,149 - nvd_autonomous - INFO - Robot start talking
2026-01-09 17:11:31,354 - nvd_autonomous - INFO - Robot start talking
2026-01-09 17:11:31,567 - nvd_autonomous - INFO - Robot start talking
2026-01-09 17:11:31,783 - nvd_autonomous - INFO - Robot start talking
2026-01-09 17:11:32,000 - nvd_autonomous - INFO - Robot start talking
2026-01-09 17:11:32,216 - nvd_autonomous - INFO - Robot start talking
2026-01-09 17:11:32,432 - nvd_autonomous - INFO - Robot start talking
2026-01-09 17:11:32,654 - nvd_autonomous - INFO - Robot start talking
2026-01-09 17:11:32,870 - nvd_autonomous - INFO - Robot start talking
2026-01-09 17:11:33,085 - nvd_autonomous - INFO - Robot start talking
2026-01-09 17:11:33,301 - nvd_autonomous - INFO - Robot start talking
2026-01-09 17:11:33,517 - nvd_autonomous - INFO - Robot start talking
2026-01-09 17:11:33,739 - nvd_autonomous - INFO - Robot start talking
2026-01-09 17:11:33,955 - nvd_autonomous - INFO - Robot start talking
2026-01-09 17:11:34,171 - nvd_autonomous - INFO - Robot start talking
2026-01-09 17:11:34,387 - nvd_autonomous - INFO - Robot start talking
2026-01-09 17:11:34,603 - nvd_autonomous - INFO - Robot start talking
2026-01-09 17:11:34,818 - nvd_autonomous - INFO - Robot start talking
2026-01-09 17:11:35,019 - nvd_autonomous - INFO - Robot start talking
2026-01-09 17:11:35,234 - nvd_autonomous - INFO - Robot start talking
2026-01-09 17:11:35,457 - nvd_autonomous - INFO - Robot start talking
2026-01-09 17:11:35,673 - nvd_autonomous - INFO - Robot start talking
2026-01-09 17:11:35,887 - nvd_autonomous - INFO - Robot start talking
2026-01-09 17:11:36,088 - nvd_autonomous - INFO - Robot start talking
2026-01-09 17:11:36,300 - nvd_autonomous - INFO - Robot start talking
2026-01-09 17:11:36,504 - nvd_autonomous - INFO - Robot start talking
2026-01-09 17:11:36,720 - nvd_autonomous - INFO - Robot start talking
2026-01-09 17:11:36,936 - nvd_autonomous - INFO - Robot start talking
2026-01-09 17:11:37,158 - nvd_autonomous - INFO - Robot start talking
2026-01-09 17:11:37,374 - nvd_autonomous - INFO - Robot start talking
2026-01-09 17:11:37,591 - nvd_autonomous - INFO - Robot start talking
2026-01-09 17:11:37,807 - nvd_autonomous - INFO - Robot start talking
2026-01-09 17:11:38,023 - nvd_autonomous - INFO - Robot start talking
2026-01-09 17:11:38,240 - nvd_autonomous - INFO - Robot start talking
2026-01-09 17:11:38,462 - nvd_autonomous - INFO - Robot start talking
2026-01-09 17:11:38,677 - nvd_autonomous - INFO - Robot start talking
2026-01-09 17:11:38,893 - nvd_autonomous - INFO - Robot start talking
2026-01-09 17:11:39,109 - nvd_autonomous - INFO - Robot start talking
2026-01-09 17:11:39,323 - nvd_autonomous - INFO - Robot start talking
2026-01-09 17:11:39,525 - nvd_autonomous - INFO - Robot start talking
2026-01-09 17:11:39,741 - nvd_autonomous - INFO - Robot start talking
2026-01-09 17:11:39,963 - nvd_autonomous - INFO - Robot start talking
2026-01-09 17:11:40,179 - nvd_autonomous - INFO - Robot start talking
2026-01-09 17:11:40,395 - nvd_autonomous - INFO - Robot start talking
2026-01-09 17:11:40,610 - nvd_autonomous - INFO - Robot start talking
2026-01-09 17:11:40,827 - nvd_autonomous - INFO - Robot start talking
2026-01-09 17:11:41,042 - nvd_autonomous - INFO - Robot start talking
2026-01-09 17:11:41,265 - nvd_autonomous - INFO - Robot start talking
2026-01-09 17:11:41,481 - nvd_autonomous - INFO - Robot start talking
2026-01-09 17:11:41,696 - nvd_autonomous - INFO - Robot start talking
2026-01-09 17:11:41,912 - nvd_autonomous - INFO - Robot start talking
2026-01-09 17:11:42,128 - nvd_autonomous - INFO - Robot start talking
2026-01-09 17:11:42,344 - nvd_autonomous - INFO - Robot start talking
2026-01-09 17:11:42,567 - nvd_autonomous - INFO - Robot start talking
2026-01-09 17:11:42,782 - nvd_autonomous - INFO - Robot start talking
2026-01-09 17:11:42,998 - nvd_autonomous - INFO - Robot start talking
2026-01-09 17:11:43,214 - nvd_autonomous - INFO - Robot start talking
2026-01-09 17:11:43,422 - nvd_autonomous - INFO - Robot start talking
2026-01-09 17:11:43,631 - nvd_autonomous - INFO - Robot start talking
2026-01-09 17:11:43,847 - nvd_autonomous - INFO - Robot start talking
2026-01-09 17:11:44,070 - nvd_autonomous - INFO - Robot start talking
2026-01-09 17:11:44,274 - nvd_autonomous - INFO - Robot start talking
2026-01-09 17:11:44,486 - nvd_autonomous - INFO - Robot start talking
2026-01-09 17:11:44,703 - nvd_autonomous - INFO - Robot start talking
2026-01-09 17:11:44,918 - nvd_autonomous - INFO - Robot start talking
2026-01-09 17:11:45,134 - nvd_autonomous - INFO - Robot start talking
2026-01-09 17:11:45,350 - nvd_autonomous - INFO - Robot start talking
2026-01-09 17:11:45,572 - nvd_autonomous - INFO - Robot start talking
2026-01-09 17:11:45,788 - nvd_autonomous - INFO - Robot start talking
2026-01-09 17:11:46,004 - nvd_autonomous - INFO - Robot start talking
2026-01-09 17:11:46,220 - nvd_autonomous - INFO - Robot start talking
2026-01-09 17:11:46,436 - nvd_autonomous - INFO - Robot start talking
2026-01-09 17:11:46,652 - nvd_autonomous - INFO - Robot start talking
2026-01-09 17:11:46,874 - nvd_autonomous - INFO - Robot start talking
2026-01-09 17:11:47,090 - nvd_autonomous - INFO - Robot start talking
2026-01-09 17:11:47,306 - nvd_autonomous - INFO - Robot start talking
2026-01-09 17:11:47,522 - nvd_autonomous - INFO - Robot start talking
2026-01-09 17:11:47,738 - nvd_autonomous - INFO - Robot start talking
2026-01-09 17:11:47,953 - nvd_autonomous - INFO - Robot start talking
2026-01-09 17:11:48,154 - nvd_autonomous - INFO - Robot start talking
2026-01-09 17:11:48,377 - nvd_autonomous - INFO - Robot start talking
2026-01-09 17:11:48,593 - nvd_autonomous - INFO - Robot start talking
2026-01-09 17:11:48,823 - nvd_autonomous - INFO - Robot start talking
2026-01-09 17:11:49,025 - nvd_autonomous - INFO - Robot start talking
2026-01-09 17:11:49,240 - nvd_autonomous - INFO - Robot start talking
2026-01-09 17:11:49,456 - nvd_autonomous - INFO - Robot start talking
2026-01-09 17:11:49,678 - nvd_autonomous - INFO - Robot start talking
2026-01-09 17:11:49,894 - nvd_autonomous - INFO - Robot start talking
2026-01-09 17:11:50,110 - nvd_autonomous - INFO - Robot start talking
2026-01-09 17:11:50,326 - nvd_autonomous - INFO - Robot start talking
2026-01-09 17:11:50,542 - nvd_autonomous - INFO - Robot start talking
2026-01-09 17:11:50,757 - nvd_autonomous - INFO - Robot start talking
2026-01-09 17:11:50,980 - nvd_autonomous - INFO - Robot start talking
2026-01-09 17:11:51,195 - nvd_autonomous - INFO - Robot start talking
2026-01-09 17:11:51,411 - nvd_autonomous - INFO - Robot start talking
2026-01-09 17:11:51,612 - nvd_autonomous - INFO - Robot start talking
2026-01-09 17:11:51,827 - nvd_autonomous - INFO - Robot start talking
2026-01-09 17:11:52,043 - nvd_autonomous - INFO - Robot start talking
2026-01-09 17:11:52,259 - nvd_autonomous - INFO - Robot start talking
2026-01-09 17:11:52,481 - nvd_autonomous - INFO - Robot start talking
2026-01-09 17:11:52,697 - nvd_autonomous - INFO - Robot start talking
2026-01-09 17:11:52,912 - nvd_autonomous - INFO - Robot start talking
2026-01-09 17:11:53,123 - nvd_autonomous - INFO - Robot start talking
2026-01-09 17:11:53,329 - nvd_autonomous - INFO - Robot start talking
2026-01-09 17:11:53,545 - nvd_autonomous - INFO - Robot start talking
2026-01-09 17:11:53,761 - nvd_autonomous - INFO - Robot start talking
2026-01-09 17:11:53,983 - nvd_autonomous - INFO - Robot start talking
2026-01-09 17:11:54,200 - nvd_autonomous - INFO - Robot start talking
2026-01-09 17:11:54,416 - nvd_autonomous - INFO - Robot start talking
2026-01-09 17:11:54,631 - nvd_autonomous - INFO - Robot start talking
2026-01-09 17:11:54,847 - nvd_autonomous - INFO - Robot start talking
2026-01-09 17:11:55,063 - nvd_autonomous - INFO - Robot start talking
2026-01-09 17:11:55,285 - nvd_autonomous - INFO - Robot start talking
2026-01-09 17:11:55,502 - nvd_autonomous - INFO - Robot start talking
2026-01-09 17:11:55,717 - nvd_autonomous - INFO - Robot start talking
2026-01-09 17:11:55,933 - nvd_autonomous - INFO - Robot start talking
2026-01-09 17:11:56,149 - nvd_autonomous - INFO - Robot start talking
2026-01-09 17:11:56,364 - nvd_autonomous - INFO - Robot start talking
2026-01-09 17:11:59,205 - nvd_autonomous - INFO - Robot start talking
2026-01-09 17:11:59,421 - nvd_autonomous - INFO - Robot start talking
