2025-12-19 17:18:24,044 - main - INFO - Set icon: listening.png
2025-12-19 17:18:24,998 - main - INFO - Move pan: 35
2025-12-19 17:18:27,011 - main - INFO - Move pan: -35
2025-12-19 17:18:28,508 - main - INFO - Set icon: speaking.png
2025-12-19 17:18:29,510 - main - INFO - Set icon: listening.png
2025-12-19 17:18:31,836 - main - INFO - Move pan: 35
2025-12-19 17:18:34,671 - main - INFO - Set icon: black.png
2025-12-19 17:18:35,622 - main - INFO - Move pan: -35
2025-12-19 17:18:37,715 - main - INFO - Set icon: listening.png
2025-12-19 17:18:39,815 - main - INFO - Set icon: speaking.png
2025-12-19 17:18:40,816 - main - INFO - Set icon: listening.png
2025-12-19 17:18:42,277 - main - INFO - Set icon: black.png
2025-12-19 17:18:42,778 - main - INFO - Set icon: listening.png
2025-12-19 17:18:45,544 - main - INFO - Set icon: speaking.png
2025-12-19 17:18:46,545 - main - INFO - Set icon: listening.png
2025-12-19 17:18:48,386 - main - INFO - Set icon: black.png
2025-12-19 17:18:48,887 - main - INFO - Set icon: listening.png
2025-12-19 17:18:49,808 - main - INFO - Move pan: 35
2025-12-19 17:18:51,413 - main - INFO - Set icon: black.png
2025-12-19 17:18:55,403 - main - INFO - Set icon: listening.png
2025-12-19 17:18:56,328 - main - INFO - Move pan: -35
2025-12-19 17:18:58,218 - main - INFO - Set icon: black.png
2025-12-19 17:19:03,846 - main - INFO - Set icon: speaking.png
2025-12-19 17:19:05,857 - main - INFO - Set icon: listening.png
2025-12-19 17:19:07,136 - main - INFO - Set icon: speaking.png
2025-12-19 17:19:08,137 - main - INFO - Set icon: listening.png
2025-12-19 17:19:09,487 - main - INFO - Set icon: speaking.png
2025-12-19 17:19:12,895 - main - INFO - Set icon: listening.png
2025-12-19 17:19:14,537 - main - INFO - Set icon: speaking.png
2025-12-19 17:19:16,315 - main - INFO - Set icon: listening.png
2025-12-19 17:19:17,877 - main - INFO - Set icon: speaking.png
2025-12-19 17:19:18,878 - main - INFO - Set icon: listening.png
2025-12-19 17:19:20,140 - main - INFO - Set icon: black.png
2025-12-19 17:19:20,642 - main - INFO - Set icon: listening.png
2025-12-19 17:19:22,754 - main - INFO - Set icon: black.png
2025-12-19 17:19:23,556 - main - INFO - Set icon: listening.png
2025-12-19 17:19:26,767 - main - INFO - Move pan: 35
2025-12-19 17:19:29,801 - main - INFO - Move pan: 35
2025-12-19 17:19:31,940 - main - INFO - Move pan: -35
2025-12-19 17:19:33,742 - main - INFO - Move pan: -35
2025-12-19 17:19:35,709 - main - INFO - Move pan: 35
2025-12-19 17:19:38,605 - main - INFO - Move pan: -35
2025-12-19 17:19:41,808 - main - INFO - Move pan: -35
2025-12-19 17:19:46,473 - main - INFO - Set icon: black.png
2025-12-19 17:19:52,907 - main - INFO - Set icon: speaking.png
2025-12-19 17:19:53,909 - main - INFO - Set icon: listening.png
2025-12-19 17:19:55,831 - main - INFO - Move pan: 35
2025-12-19 17:19:57,859 - main - INFO - Move pan: 35
2025-12-19 17:19:59,713 - main - INFO - Move pan: -35
2025-12-19 17:20:01,550 - main - INFO - Set icon: speaking.png
2025-12-19 17:20:02,552 - main - INFO - Set icon: listening.png
2025-12-19 17:20:03,579 - main - INFO - Move pan: -35
2025-12-19 17:20:05,165 - main - INFO - Set icon: speaking.png
2025-12-19 17:20:06,166 - main - INFO - Set icon: listening.png
2025-12-19 17:20:07,004 - main - INFO - Move pan: 35
2025-12-19 17:20:10,191 - main - INFO - Move pan: -35
2025-12-19 17:20:12,310 - main - INFO - Move pan: 35
2025-12-19 17:20:14,108 - main - INFO - Move pan: -35
2025-12-19 17:20:16,895 - main - INFO - Move pan: -35
2025-12-19 17:20:18,982 - main - INFO - Move pan: 35
2025-12-19 17:20:28,467 - main - INFO - Move pan: -35
2025-12-19 17:20:29,859 - main - INFO - Set icon: speaking.png
2025-12-19 17:20:30,861 - main - INFO - Set icon: listening.png
2025-12-19 17:20:32,279 - main - INFO - Set icon: speaking.png
2025-12-19 17:20:33,280 - main - INFO - Set icon: listening.png
2025-12-19 17:20:34,909 - main - INFO - Set icon: speaking.png
2025-12-19 17:20:35,911 - main - INFO - Set icon: listening.png
2025-12-19 17:20:37,151 - main - INFO - Set icon: speaking.png
2025-12-19 17:20:38,152 - main - INFO - Set icon: listening.png
2025-12-19 17:20:40,408 - main - INFO - Set icon: speaking.png
2025-12-19 17:20:41,409 - main - INFO - Set icon: listening.png
2025-12-19 17:20:42,284 - main - INFO - Move pan: 35
2025-12-19 17:20:44,015 - main - INFO - Move pan: -35
2025-12-19 17:20:47,386 - main - INFO - Move pan: 35
2025-12-19 17:20:55,688 - main - INFO - Set icon: black.png
2025-12-19 17:21:01,717 - main - INFO - Set icon: listening.png
2025-12-19 17:21:02,586 - main - INFO - Move pan: -35
2025-12-19 17:21:04,370 - main - INFO - Move pan: 35
2025-12-19 17:21:05,710 - main - INFO - Move pan: 35
2025-12-19 17:21:07,084 - main - INFO - Set icon: black.png
2025-12-19 17:21:07,586 - main - INFO - Set icon: listening.png
2025-12-19 17:21:08,793 - main - INFO - Move pan: -35
2025-12-19 17:21:13,803 - main - INFO - Toggle behaviour
2025-12-19 17:21:15,846 - main - INFO - Toggle behaviour
2025-12-19 17:21:18,200 - main - INFO - Set icon: speaking.png
2025-12-19 17:21:19,201 - main - INFO - Set icon: listening.png
2025-12-19 17:21:20,814 - main - INFO - Set icon: black.png
2025-12-19 17:21:21,315 - main - INFO - Set icon: speaking.png
2025-12-19 17:21:22,317 - main - INFO - Set icon: listening.png
2025-12-19 17:21:23,559 - main - INFO - Set icon: speaking.png
2025-12-19 17:21:24,562 - main - INFO - Set icon: listening.png
2025-12-19 17:21:25,986 - main - INFO - Set icon: black.png
2025-12-19 17:21:26,487 - main - INFO - Set icon: listening.png
2025-12-19 17:21:33,302 - main - INFO - Toggle behaviour
2025-12-19 17:21:35,331 - main - INFO - Toggle behaviour
2025-12-19 17:21:37,023 - main - INFO - Set icon: black.png
2025-12-19 17:21:37,525 - main - INFO - Set icon: listening.png
2025-12-19 17:21:39,321 - main - INFO - Set icon: black.png
2025-12-19 17:21:46,749 - main - INFO - Set icon: speaking.png
2025-12-19 17:21:50,971 - main - INFO - Set icon: listening.png
2025-12-19 17:21:52,336 - main - INFO - Move pan: 35
2025-12-19 17:21:53,786 - main - INFO - Set icon: speaking.png
2025-12-19 17:22:06,108 - main - INFO - Set icon: listening.png
2025-12-19 17:22:06,947 - main - INFO - Move pan: -35
2025-12-19 17:22:08,735 - main - INFO - Set icon: speaking.png
2025-12-19 17:22:09,737 - main - INFO - Set icon: black.png
2025-12-19 17:22:12,139 - main - INFO - Set icon: listening.png
2025-12-19 17:22:17,933 - main - INFO - Move pan: 35
2025-12-19 17:22:21,185 - main - INFO - Set icon: black.png
2025-12-19 17:22:22,390 - main - INFO - Set icon: listening.png
2025-12-19 17:22:23,709 - main - INFO - Set icon: black.png
2025-12-19 17:22:24,211 - main - INFO - Set icon: listening.png
2025-12-19 17:22:25,997 - main - INFO - Set icon: speaking.png
2025-12-19 17:22:27,417 - main - INFO - Set icon: black.png
2025-12-19 17:22:28,623 - main - INFO - Set icon: speaking.png
2025-12-19 17:22:30,432 - main - INFO - Set icon: listening.png
2025-12-19 17:22:31,250 - main - INFO - Move pan: -35
2025-12-19 17:22:32,668 - main - INFO - Set icon: speaking.png
2025-12-19 17:22:33,673 - main - INFO - Set icon: black.png
2025-12-19 17:22:34,477 - main - INFO - Set icon: speaking.png
2025-12-19 17:22:44,339 - main - INFO - Set icon: listening.png
2025-12-19 17:22:45,862 - main - INFO - Move pan: 35
2025-12-19 17:22:47,234 - main - INFO - Set icon: black.png
2025-12-19 17:22:47,735 - main - INFO - Set icon: listening.png
2025-12-19 17:22:49,118 - main - INFO - Move pan: -35
2025-12-19 17:22:53,833 - main - INFO - Set icon: black.png
2025-12-19 17:22:54,335 - main - INFO - Set icon: listening.png
2025-12-19 17:22:56,198 - main - INFO - Set icon: black.png
2025-12-19 17:22:56,700 - main - INFO - Set icon: listening.png
2025-12-19 17:22:57,985 - main - INFO - Set icon: black.png
2025-12-19 17:22:59,618 - main - INFO - Set icon: speaking.png
2025-12-19 17:23:00,624 - main - INFO - Set icon: black.png
2025-12-19 17:23:01,227 - main - INFO - Set icon: listening.png
2025-12-19 17:23:03,663 - main - INFO - Set icon: speaking.png
2025-12-19 17:23:21,981 - main - INFO - Set icon: black.png
2025-12-19 17:23:22,584 - main - INFO - Set icon: speaking.png
2025-12-19 17:23:27,211 - main - INFO - Set icon: listening.png
2025-12-19 17:23:28,141 - main - INFO - Move pan: 35
2025-12-19 17:23:29,563 - main - INFO - Set icon: speaking.png
2025-12-19 17:23:30,564 - main - INFO - Set icon: black.png
2025-12-19 17:23:31,065 - main - INFO - Set icon: listening.png
2025-12-19 17:23:32,341 - main - INFO - Move pan: 35
2025-12-19 17:23:34,208 - main - INFO - Move pan: -35
2025-12-19 17:23:36,076 - main - INFO - Move pan: -35
2025-12-19 17:23:38,290 - main - INFO - Set icon: black.png
2025-12-19 17:23:39,477 - main - INFO - Set icon: listening.png
2025-12-19 17:23:41,086 - main - INFO - Set icon: black.png
2025-12-19 17:23:42,292 - main - INFO - Set icon: listening.png
2025-12-19 17:23:44,302 - main - INFO - Set icon: black.png
2025-12-19 17:23:45,308 - main - INFO - Set icon: listening.png
2025-12-19 17:23:46,737 - main - INFO - Set icon: black.png
2025-12-19 17:23:47,238 - main - INFO - Set icon: listening.png
2025-12-19 17:23:48,605 - main - INFO - Set icon: black.png
2025-12-19 17:24:01,601 - main - INFO - Move pan: 0
2025-12-19 17:24:03,062 - main - INFO - Set icon: listening.png
2025-12-19 17:24:03,980 - main - INFO - Move pan: -35
2025-12-19 17:24:05,620 - main - INFO - Move pan: -35
2025-12-19 17:24:10,005 - main - INFO - Set icon: black.png
2025-12-19 17:24:12,852 - main - INFO - Set icon: listening.png
2025-12-19 17:24:15,147 - main - INFO - Set icon: black.png
2025-12-19 17:24:15,648 - main - INFO - Set icon: listening.png
2025-12-19 17:24:16,995 - main - INFO - Set icon: black.png
2025-12-19 17:24:26,594 - main - INFO - Move pan: 0
2025-12-19 17:24:28,012 - main - INFO - Set icon: listening.png
2025-12-19 17:24:29,397 - main - INFO - Move pan: -35
2025-12-19 17:24:31,148 - main - INFO - Set icon: black.png
2025-12-19 17:24:31,650 - main - INFO - Set icon: listening.png
2025-12-19 17:24:33,601 - main - INFO - Set icon: black.png
2025-12-19 17:24:34,102 - main - INFO - Set icon: listening.png
2025-12-19 17:24:40,998 - main - INFO - Set icon: speaking.png
2025-12-19 17:24:42,000 - main - INFO - Set icon: listening.png
2025-12-19 17:24:48,277 - main - INFO - Toggle behaviour
2025-12-19 17:24:50,300 - main - INFO - Toggle behaviour
2025-12-19 17:24:51,655 - main - INFO - Set icon: black.png
2025-12-19 17:24:52,660 - main - INFO - Set icon: listening.png
2025-12-19 17:24:53,506 - main - INFO - Move pan: -35
2025-12-19 17:24:54,901 - main - INFO - Move tilt: -3
2025-12-19 17:24:55,903 - main - INFO - Set icon: black.png
2025-12-19 17:24:56,404 - main - INFO - Set icon: listening.png
2025-12-19 17:24:57,646 - main - INFO - Move tilt: -3
2025-12-19 17:25:00,299 - main - INFO - Set icon: black.png
2025-12-19 17:25:03,113 - main - INFO - Set icon: listening.png
2025-12-19 17:25:04,845 - main - INFO - Move pan: 35
2025-12-19 17:25:07,695 - main - INFO - Move pan: 35
2025-12-19 17:25:11,580 - main - INFO - Toggle behaviour
2025-12-19 17:25:12,965 - main - INFO - Set icon: black.png
2025-12-19 17:25:13,769 - main - INFO - Set icon: listening.png
2025-12-19 17:25:14,707 - main - INFO - Move pan: -35
2025-12-19 17:25:16,548 - main - INFO - Set icon: black.png
2025-12-19 17:25:17,050 - main - INFO - Set icon: listening.png
2025-12-19 17:25:17,934 - main - INFO - Move pan: -35
2025-12-19 17:25:20,482 - main - INFO - Move pan: 35
2025-12-19 17:25:22,327 - main - INFO - Move pan: -35
2025-12-19 17:25:23,708 - main - INFO - Move tilt: -3
2025-12-19 17:25:24,710 - main - INFO - Set icon: black.png
2025-12-19 17:25:25,211 - main - INFO - Set icon: listening.png
2025-12-19 17:25:26,513 - main - INFO - Move pan: -35
2025-12-19 17:25:27,905 - main - INFO - Set icon: black.png
2025-12-19 17:25:28,406 - main - INFO - Set icon: listening.png
2025-12-19 17:25:30,259 - main - INFO - Set icon: black.png
2025-12-19 17:25:30,760 - main - INFO - Set icon: listening.png
2025-12-19 17:25:31,680 - main - INFO - Move pan: -35
2025-12-19 17:25:33,873 - main - INFO - Set icon: black.png
2025-12-19 17:25:35,883 - main - INFO - Set icon: listening.png
2025-12-19 17:25:37,026 - main - INFO - Move pan: -35
2025-12-19 17:25:38,446 - main - INFO - Set icon: black.png
2025-12-19 17:25:40,117 - main - INFO - Move pan: 0
2025-12-19 17:25:41,588 - main - INFO - Move tilt: -3
2025-12-19 17:25:42,590 - main - INFO - Set icon: listening.png
2025-12-19 17:25:43,460 - main - INFO - Move pan: -35
2025-12-19 17:25:44,756 - main - INFO - Set icon: black.png
2025-12-19 17:25:45,257 - main - INFO - Set icon: listening.png
2025-12-19 17:25:46,550 - main - INFO - Move pan: -35
2025-12-19 17:25:48,068 - main - INFO - Set icon: black.png
2025-12-19 17:25:51,970 - main - INFO - Set icon: speaking.png
2025-12-19 17:25:55,590 - main - INFO - Set icon: listening.png
2025-12-19 17:25:56,821 - main - INFO - Move pan: -35
2025-12-19 17:25:58,003 - main - INFO - Set icon: speaking.png
2025-12-19 17:26:02,231 - main - INFO - Set icon: listening.png
2025-12-19 17:26:03,456 - main - INFO - Move pan: -35
2025-12-19 17:26:04,888 - main - INFO - Move tilt: -3
2025-12-19 17:26:05,889 - main - INFO - Set icon: speaking.png
2025-12-19 17:26:06,891 - main - INFO - Set icon: listening.png
2025-12-19 17:26:07,892 - main - INFO - Move pan: -35
2025-12-19 17:26:09,359 - main - INFO - Set icon: speaking.png
2025-12-19 17:26:11,303 - main - INFO - Move pan: 35
2025-12-19 17:26:12,905 - main - INFO - Set icon: listening.png
2025-12-19 17:26:13,742 - main - INFO - Move pan: -35
2025-12-19 17:26:14,744 - main - INFO - Set icon: speaking.png
2025-12-19 17:26:17,949 - main - INFO - Set icon: black.png
2025-12-19 17:26:18,754 - main - INFO - Set icon: listening.png
2025-12-19 17:26:22,831 - main - INFO - Move pan: -35
2025-12-19 17:26:24,231 - main - INFO - Move tilt: -3
2025-12-19 17:26:25,612 - main - INFO - Move pan: 35
2025-12-19 17:26:27,033 - main - INFO - Move tilt: -3
2025-12-19 17:26:28,380 - main - INFO - Move pan: 35
2025-12-19 17:26:30,604 - main - INFO - Move pan: -35
2025-12-19 17:26:32,009 - main - INFO - Set icon: black.png
2025-12-19 17:26:32,510 - main - INFO - Set icon: listening.png
2025-12-19 17:26:33,654 - main - INFO - Move pan: -35
2025-12-19 17:26:35,110 - main - INFO - Set icon: black.png
2025-12-19 17:26:36,030 - main - INFO - Move pan: 35
2025-12-19 17:26:39,062 - main - INFO - Set icon: listening.png
2025-12-19 17:26:40,499 - main - INFO - Move pan: 35
2025-12-19 17:26:41,937 - main - INFO - Move tilt: -3
2025-12-19 17:26:42,938 - main - INFO - Set icon: speaking.png
2025-12-19 17:26:43,939 - main - INFO - Set icon: listening.png
2025-12-19 17:26:45,137 - main - INFO - Set icon: black.png
2025-12-19 17:26:45,637 - main - INFO - Set image: star.png
2025-12-19 17:26:46,139 - main - INFO - Set icon: listening.png
2025-12-19 17:26:47,346 - main - INFO - Set icon: black.png
2025-12-19 17:26:49,719 - main - INFO - Set icon: listening.png
2025-12-19 17:26:50,604 - main - INFO - Move pan: -35
2025-12-19 17:26:52,048 - main - INFO - Move tilt: -3
2025-12-19 17:26:53,049 - main - INFO - Set icon: black.png
2025-12-19 17:26:53,740 - main - INFO - Set icon: listening.png
2025-12-19 17:26:54,709 - main - INFO - Move pan: -35
2025-12-19 17:26:56,336 - main - INFO - Set icon: speaking.png
2025-12-19 17:26:57,336 - main - INFO - Set icon: listening.png
2025-12-19 17:26:58,607 - main - INFO - Set icon: speaking.png
2025-12-19 17:26:59,608 - main - INFO - Set icon: listening.png
2025-12-19 17:27:00,528 - main - INFO - Move pan: -35
2025-12-19 17:27:01,965 - main - INFO - Move tilt: -3
2025-12-19 17:27:02,967 - main - INFO - Set image: blink.gif
2025-12-19 17:27:05,000 - main - INFO - Set icon: speaking.png
2025-12-19 17:27:06,005 - main - INFO - Set icon: listening.png
2025-12-19 17:27:07,298 - main - INFO - Move pan: 35
2025-12-19 17:27:13,081 - main - INFO - Toggle behaviour
2025-12-19 17:27:15,103 - main - INFO - Toggle behaviour
2025-12-19 17:27:15,604 - main - INFO - Set icon: speaking.png
2025-12-19 17:27:16,606 - main - INFO - Set icon: listening.png
2025-12-19 17:27:17,491 - main - INFO - Move pan: 35
2025-12-19 17:27:18,891 - main - INFO - Set icon: speaking.png
2025-12-19 17:27:19,893 - main - INFO - Set icon: listening.png
2025-12-19 17:27:26,509 - main - INFO - Set icon: black.png
2025-12-19 17:27:28,922 - main - INFO - Set icon: listening.png
2025-12-19 17:27:30,199 - main - INFO - Move pan: 35
2025-12-19 17:27:34,510 - main - INFO - Move pan: 35
2025-12-19 17:27:35,909 - main - INFO - Set icon: black.png
2025-12-19 17:27:36,411 - main - INFO - Set icon: listening.png
2025-12-19 17:27:38,143 - main - INFO - Move pan: 35
2025-12-19 17:27:39,494 - main - INFO - Set icon: black.png
2025-12-19 17:27:39,995 - main - INFO - Set icon: listening.png
2025-12-19 17:27:41,940 - main - INFO - Set icon: speaking.png
2025-12-19 17:27:42,941 - main - INFO - Set icon: listening.png
2025-12-19 17:27:44,068 - main - INFO - Move pan: 35
2025-12-19 17:27:45,480 - main - INFO - Set icon: black.png
2025-12-19 17:27:45,981 - main - INFO - Set icon: listening.png
2025-12-19 17:27:48,626 - main - INFO - Set icon: black.png
2025-12-19 17:27:50,033 - main - INFO - Set icon: listening.png
2025-12-19 17:27:50,976 - main - INFO - Move pan: 35
2025-12-19 17:27:52,305 - main - INFO - Move tilt: -3
2025-12-19 17:27:53,306 - main - INFO - Set icon: black.png
2025-12-19 17:27:59,280 - main - INFO - Set icon: listening.png
2025-12-19 17:28:00,616 - main - INFO - Move pan: 35
2025-12-19 17:28:02,078 - main - INFO - Set icon: black.png
2025-12-19 17:28:04,725 - main - INFO - Move pan: 35
2025-12-19 17:28:06,082 - main - INFO - Set icon: listening.png
2025-12-19 17:28:07,376 - main - INFO - Move pan: 35
2025-12-19 17:28:09,581 - main - INFO - Set icon: speaking.png
2025-12-19 17:28:10,583 - main - INFO - Set icon: black.png
2025-12-19 17:28:11,085 - main - INFO - Set icon: listening.png
2025-12-19 17:28:12,750 - main - INFO - Set icon: black.png
2025-12-19 17:28:13,252 - main - INFO - Set icon: listening.png
2025-12-19 17:28:15,766 - main - INFO - Set icon: black.png
2025-12-19 17:28:16,771 - main - INFO - Set icon: listening.png
2025-12-19 17:28:19,988 - main - INFO - Set icon: black.png
2025-12-19 17:28:20,993 - main - INFO - Set icon: listening.png
2025-12-19 17:28:21,924 - main - INFO - Move pan: 35
2025-12-19 17:28:23,798 - main - INFO - Set icon: black.png
2025-12-19 17:28:26,020 - main - INFO - Set icon: listening.png
2025-12-19 17:28:27,292 - main - INFO - Move pan: 35
2025-12-19 17:28:28,648 - main - INFO - Move tilt: -3
2025-12-19 17:28:30,870 - main - INFO - Move tilt: -3
2025-12-19 17:28:31,872 - main - INFO - Set icon: black.png
2025-12-19 17:28:32,373 - main - INFO - Set icon: listening.png
2025-12-19 17:28:33,260 - main - INFO - Move pan: -35
2025-12-19 17:28:34,664 - main - INFO - Set icon: black.png
2025-12-19 17:28:37,885 - main - INFO - Set icon: listening.png
2025-12-19 17:28:38,690 - main - INFO - Move pan: 35
2025-12-19 17:28:40,495 - main - INFO - Set icon: black.png
2025-12-19 17:28:42,711 - main - INFO - Set icon: listening.png
2025-12-19 17:28:43,975 - main - INFO - Move pan: 35
2025-12-19 17:28:45,357 - main - INFO - Set icon: black.png
2025-12-19 17:28:46,129 - main - INFO - Set icon: listening.png
2025-12-19 17:28:48,341 - main - INFO - Set icon: black.png
2025-12-19 17:28:49,146 - main - INFO - Set icon: speaking.png
2025-12-19 17:28:50,148 - main - INFO - Set icon: listening.png
2025-12-19 17:28:51,223 - main - INFO - Move pan: -35
2025-12-19 17:28:53,134 - main - INFO - Move pan: 35
2025-12-19 17:28:54,985 - main - INFO - Move pan: 35
2025-12-19 17:28:56,323 - main - INFO - Move tilt: -3
2025-12-19 17:28:57,325 - main - INFO - Set icon: black.png
2025-12-19 17:28:57,826 - main - INFO - Set icon: listening.png
2025-12-19 17:28:58,662 - main - INFO - Move pan: 35
2025-12-19 17:29:00,076 - main - INFO - Move tilt: -3
2025-12-19 17:29:01,077 - main - INFO - Set icon: black.png
2025-12-19 17:29:01,578 - main - INFO - Set icon: listening.png
2025-12-19 17:29:02,482 - main - INFO - Move pan: 35
2025-12-19 17:29:06,439 - main - INFO - Set icon: speaking.png
2025-12-19 17:29:07,441 - main - INFO - Set icon: black.png
2025-12-19 17:29:07,942 - main - INFO - Set icon: listening.png
2025-12-19 17:29:08,742 - main - INFO - Move pan: 35
2025-12-19 17:29:10,087 - main - INFO - Move tilt: -3
2025-12-19 17:29:13,076 - main - INFO - Set icon: speaking.png
2025-12-19 17:29:14,077 - main - INFO - Set icon: black.png
2025-12-19 17:29:15,491 - main - INFO - Set icon: listening.png
2025-12-19 17:29:16,391 - main - INFO - Move pan: 35
2025-12-19 17:29:17,891 - main - INFO - Set icon: black.png
2025-12-19 17:29:18,392 - main - INFO - Set icon: listening.png
2025-12-19 17:29:19,606 - main - INFO - Move tilt: -3
2025-12-19 17:29:21,201 - main - INFO - Move tilt: -3
2025-12-19 17:29:22,202 - main - INFO - Set icon: black.png
2025-12-19 17:29:23,332 - main - INFO - Set icon: listening.png
2025-12-19 17:29:24,616 - main - INFO - Move pan: 35
2025-12-19 17:29:25,955 - main - INFO - Set icon: black.png
2025-12-19 17:29:26,457 - main - INFO - Set icon: listening.png
2025-12-19 17:29:28,197 - main - INFO - Move pan: 35
2025-12-19 17:29:30,773 - main - INFO - Set icon: black.png
2025-12-19 17:29:32,382 - main - INFO - Set icon: listening.png
2025-12-19 17:29:33,201 - main - INFO - Move pan: 35
2025-12-19 17:29:34,681 - main - INFO - Move tilt: -3
2025-12-19 17:29:35,683 - main - INFO - Set icon: black.png
2025-12-19 17:29:36,184 - main - INFO - Set icon: listening.png
2025-12-19 17:29:42,264 - main - INFO - Move pan: 35
2025-12-19 17:29:43,590 - main - INFO - Move tilt: -3
2025-12-19 17:29:44,591 - main - INFO - Set icon: black.png
2025-12-19 17:29:45,092 - main - INFO - Set icon: listening.png
2025-12-19 17:29:51,096 - main - INFO - Move pan: -35
2025-12-19 17:29:52,866 - main - INFO - Move pan: -35
2025-12-19 17:29:54,975 - main - INFO - Move pan: 35
2025-12-19 17:29:56,331 - main - INFO - Set icon: black.png
2025-12-19 17:29:57,448 - main - INFO - Move pan: 35
2025-12-19 17:29:58,901 - main - INFO - Move pan: 35
2025-12-19 17:30:00,285 - main - INFO - Move tilt: -3
2025-12-19 17:30:01,286 - main - INFO - Set icon: listening.png
2025-12-19 17:30:02,200 - main - INFO - Move pan: 35
2025-12-19 17:30:07,990 - main - INFO - Toggle behaviour
2025-12-19 17:30:10,033 - main - INFO - Toggle behaviour
2025-12-19 17:30:13,203 - main - INFO - Set icon: speaking.png
2025-12-19 17:30:14,204 - main - INFO - Set icon: black.png
2025-12-19 17:30:14,705 - main - INFO - Set icon: speaking.png
2025-12-19 17:30:15,706 - main - INFO - Set icon: listening.png
2025-12-19 17:30:16,715 - main - INFO - Move pan: 35
2025-12-19 17:30:18,055 - main - INFO - Set icon: black.png
2025-12-19 17:30:18,556 - main - INFO - Set icon: listening.png
2025-12-19 17:30:19,365 - main - INFO - Move pan: 35
2025-12-19 17:30:21,196 - main - INFO - Set icon: black.png
2025-12-19 17:30:21,697 - main - INFO - Set icon: listening.png
2025-12-19 17:30:23,141 - main - INFO - Set icon: black.png
2025-12-19 17:30:23,642 - main - INFO - Set icon: listening.png
2025-12-19 17:30:24,760 - main - INFO - Move pan: 35
2025-12-19 17:30:26,182 - main - INFO - Set icon: black.png
2025-12-19 17:30:26,683 - main - INFO - Set icon: listening.png
2025-12-19 17:30:28,159 - main - INFO - Move pan: 35
2025-12-19 17:30:29,549 - main - INFO - Set icon: black.png
2025-12-19 17:30:30,051 - main - INFO - Set icon: speaking.png
2025-12-19 17:30:32,906 - main - INFO - Set icon: listening.png
2025-12-19 17:30:33,770 - main - INFO - Move pan: 35
2025-12-19 17:30:35,137 - main - INFO - Move tilt: -3
2025-12-19 17:30:36,524 - main - INFO - Set icon: black.png
2025-12-19 17:30:40,142 - main - INFO - Set icon: listening.png
2025-12-19 17:30:43,357 - main - INFO - Set icon: black.png
2025-12-19 17:30:43,961 - main - INFO - Set icon: listening.png
2025-12-19 17:30:44,955 - main - INFO - Move pan: 35
2025-12-19 17:30:46,270 - main - INFO - Set icon: black.png
2025-12-19 17:30:46,771 - main - INFO - Set icon: listening.png
2025-12-19 17:30:48,568 - main - INFO - Set icon: black.png
2025-12-19 17:30:49,070 - main - INFO - Set icon: listening.png
2025-12-19 17:30:50,033 - main - INFO - Move pan: 35
2025-12-19 17:30:51,596 - main - INFO - Set icon: black.png
2025-12-19 17:30:52,098 - main - INFO - Set icon: listening.png
2025-12-19 17:30:53,417 - main - INFO - Set icon: black.png
2025-12-19 17:30:53,918 - main - INFO - Set icon: listening.png
2025-12-19 17:30:54,929 - main - INFO - Move pan: 35
2025-12-19 17:30:56,276 - main - INFO - Move tilt: -3
2025-12-19 17:30:57,278 - main - INFO - Set icon: black.png
2025-12-19 17:30:57,779 - main - INFO - Set icon: listening.png
2025-12-19 17:31:01,733 - main - INFO - Move pan: -35
2025-12-19 17:31:03,378 - main - INFO - Move pan: -35
2025-12-19 17:31:05,398 - main - INFO - Move pan: -35
2025-12-19 17:31:06,777 - main - INFO - Set icon: black.png
2025-12-19 17:31:07,279 - main - INFO - Set icon: listening.png
2025-12-19 17:31:08,300 - main - INFO - Move pan: 35
2025-12-19 17:31:10,305 - main - INFO - Set icon: black.png
2025-12-19 17:31:12,020 - main - INFO - Set icon: listening.png
2025-12-19 17:31:13,784 - main - INFO - Move pan: 35
2025-12-19 17:31:15,278 - main - INFO - Toggle behaviour
2025-12-19 17:31:17,304 - main - INFO - Toggle behaviour
2025-12-19 17:31:19,773 - main - INFO - Toggle behaviour
2025-12-19 17:31:21,804 - main - INFO - Toggle behaviour
2025-12-19 17:31:22,305 - main - INFO - Set icon: black.png
2025-12-19 17:31:22,806 - main - INFO - Set icon: listening.png
2025-12-19 17:31:23,649 - main - INFO - Move pan: 35
2025-12-19 17:31:25,301 - main - INFO - Move tilt: -3
2025-12-19 17:31:26,303 - main - INFO - Set icon: black.png
2025-12-19 17:31:26,804 - main - INFO - Set icon: listening.png
2025-12-19 17:31:28,547 - main - INFO - Set icon: black.png
2025-12-19 17:31:29,049 - main - INFO - Set icon: listening.png
2025-12-19 17:31:30,335 - main - INFO - Set icon: black.png
2025-12-19 17:31:30,837 - main - INFO - Set icon: speaking.png
2025-12-19 17:31:31,838 - main - INFO - Set icon: listening.png
2025-12-19 17:31:32,767 - main - INFO - Move pan: 35
2025-12-19 17:31:34,153 - main - INFO - Move pan: 35
2025-12-19 17:31:37,248 - main - INFO - Move pan: -35
2025-12-19 17:31:41,834 - main - INFO - Move pan: 35
2025-12-19 17:31:43,260 - main - INFO - Move tilt: -3
2025-12-19 17:31:45,111 - main - INFO - Move pan: 35
2025-12-19 17:31:46,487 - main - INFO - Set icon: black.png
2025-12-19 17:31:46,988 - main - INFO - Set icon: listening.png
2025-12-19 17:31:48,735 - main - INFO - Set icon: black.png
2025-12-19 17:31:49,237 - main - INFO - Set icon: listening.png
2025-12-19 17:31:52,173 - main - INFO - Set icon: black.png
2025-12-19 17:31:52,674 - main - INFO - Set icon: listening.png
2025-12-19 17:31:55,533 - main - INFO - Set icon: black.png
2025-12-19 17:31:58,348 - main - INFO - Set icon: listening.png
2025-12-19 17:31:59,241 - main - INFO - Move pan: 35
2025-12-19 17:32:00,581 - main - INFO - Set icon: black.png
2025-12-19 17:32:01,082 - main - INFO - Set icon: listening.png
2025-12-19 17:32:02,033 - main - INFO - Move pan: 35
2025-12-19 17:32:03,432 - main - INFO - Move tilt: -3
2025-12-19 17:32:04,984 - main - INFO - Set icon: speaking.png
2025-12-19 17:32:05,986 - main - INFO - Set icon: listening.png
2025-12-19 17:32:06,961 - main - INFO - Move pan: 35
2025-12-19 17:32:09,607 - main - INFO - Set icon: black.png
2025-12-19 17:32:10,211 - main - INFO - Set icon: listening.png
2025-12-19 17:32:12,045 - main - INFO - Set icon: black.png
2025-12-19 17:32:12,991 - main - INFO - Move pan: -35
2025-12-19 17:32:14,407 - main - INFO - Set icon: listening.png
2025-12-19 17:32:15,559 - main - INFO - Move pan: -35
2025-12-19 17:32:17,450 - main - INFO - Set icon: black.png
2025-12-19 17:32:18,254 - main - INFO - Set icon: listening.png
2025-12-19 17:32:21,069 - main - INFO - Set icon: black.png
2025-12-19 17:32:21,571 - main - INFO - Set icon: listening.png
2025-12-19 17:32:22,520 - main - INFO - Move pan: -35
2025-12-19 17:32:23,955 - main - INFO - Set icon: black.png
2025-12-19 17:32:24,457 - main - INFO - Set icon: listening.png
2025-12-19 17:32:26,203 - main - INFO - Move pan: -35
2025-12-19 17:32:27,562 - main - INFO - Set icon: black.png
2025-12-19 17:32:28,063 - main - INFO - Set icon: listening.png
2025-12-19 17:32:29,051 - main - INFO - Move pan: -35
2025-12-19 17:32:30,375 - main - INFO - Set icon: speaking.png
2025-12-19 17:32:31,376 - main - INFO - Set icon: listening.png
2025-12-19 17:32:32,233 - main - INFO - Move pan: -35
2025-12-19 17:32:34,011 - main - INFO - Move pan: -35
2025-12-19 17:32:41,778 - main - INFO - Set icon: black.png
2025-12-19 17:32:45,798 - main - INFO - Set icon: listening.png
2025-12-19 17:32:48,210 - main - INFO - Set icon: black.png
2025-12-19 17:32:49,014 - main - INFO - Set icon: listening.png
2025-12-19 17:32:49,923 - main - INFO - Move pan: -35
2025-12-19 17:32:51,263 - main - INFO - Move tilt: -3
2025-12-19 17:32:54,257 - main - INFO - Move pan: -35
2025-12-19 17:32:55,727 - main - INFO - Set icon: black.png
2025-12-19 17:32:56,228 - main - INFO - Set icon: listening.png
2025-12-19 17:32:57,180 - main - INFO - Move pan: -35
2025-12-19 17:32:59,079 - main - INFO - Set icon: black.png
2025-12-19 17:32:59,581 - main - INFO - Set icon: listening.png
2025-12-19 17:33:04,523 - main - INFO - Toggle behaviour
2025-12-19 17:33:07,047 - main - INFO - Move pan: -35
2025-12-19 17:33:08,839 - main - INFO - Move tilt: -3
2025-12-19 17:33:14,155 - main - INFO - Set icon: black.png
2025-12-19 17:33:14,656 - main - INFO - Set icon: listening.png
2025-12-19 17:33:16,357 - main - INFO - Set icon: black.png
2025-12-19 17:33:16,861 - main - INFO - Set icon: listening.png
2025-12-19 17:33:19,975 - main - INFO - Set icon: black.png
2025-12-19 17:33:21,181 - main - INFO - Set icon: listening.png
2025-12-19 17:33:28,017 - main - INFO - Set icon: black.png
2025-12-19 17:33:29,022 - main - INFO - Set icon: listening.png
2025-12-19 17:33:33,647 - main - INFO - Set icon: black.png
2025-12-19 17:33:34,652 - main - INFO - Set icon: listening.png
2025-12-19 17:33:36,173 - main - INFO - Set icon: black.png
2025-12-19 17:33:42,292 - main - INFO - Set icon: listening.png
2025-12-19 17:33:43,700 - main - INFO - Set icon: black.png
2025-12-19 17:33:45,308 - main - INFO - Set icon: listening.png
2025-12-19 17:33:47,490 - main - INFO - Set icon: black.png
2025-12-19 17:33:48,123 - main - INFO - Set icon: listening.png
2025-12-19 17:33:51,139 - main - INFO - Set icon: black.png
2025-12-19 17:33:51,641 - main - INFO - Set icon: listening.png
2025-12-19 17:33:57,170 - main - INFO - Set icon: black.png
2025-12-19 17:33:57,773 - main - INFO - Set icon: listening.png
2025-12-19 17:33:59,710 - main - INFO - Set icon: speaking.png
2025-12-19 17:34:00,711 - main - INFO - Set icon: listening.png
2025-12-19 17:34:06,432 - main - INFO - Toggle behaviour
2025-12-19 17:34:08,500 - main - INFO - Toggle behaviour
2025-12-19 17:34:09,002 - main - INFO - Set icon: black.png
2025-12-19 17:34:14,002 - main - INFO - Move pan: 35
2025-12-19 17:34:15,816 - main - INFO - Set icon: listening.png
2025-12-19 17:34:16,957 - main - INFO - Move pan: -35
2025-12-19 17:34:18,313 - main - INFO - Set icon: black.png
2025-12-19 17:34:18,815 - main - INFO - Set icon: listening.png
2025-12-19 17:34:19,698 - main - INFO - Move pan: -35
2025-12-19 17:34:23,227 - main - INFO - Set icon: black.png
2025-12-19 17:34:23,728 - main - INFO - Set icon: listening.png
2025-12-19 17:34:28,128 - main - INFO - Set icon: black.png
2025-12-19 17:34:28,630 - main - INFO - Set icon: listening.png
2025-12-19 17:34:30,069 - main - INFO - Set icon: black.png
2025-12-19 17:34:30,571 - main - INFO - Set icon: listening.png
2025-12-19 17:34:40,796 - main - INFO - Set icon: black.png
2025-12-19 17:34:42,203 - main - INFO - Set icon: listening.png
2025-12-19 17:34:45,019 - main - INFO - Set icon: black.png
2025-12-19 17:34:45,521 - main - INFO - Set icon: listening.png
2025-12-19 17:35:02,106 - main - INFO - Set icon: black.png
2025-12-19 17:35:03,032 - main - INFO - Move pan: 35
2025-12-19 17:35:04,469 - main - INFO - Set icon: listening.png
2025-12-19 17:35:05,343 - main - INFO - Move pan: -35
2025-12-19 17:35:07,180 - main - INFO - Move pan: -35
2025-12-19 17:35:09,345 - main - INFO - Set icon: black.png
2025-12-19 17:35:11,556 - main - INFO - Set icon: listening.png
2025-12-19 17:35:16,989 - main - INFO - Set icon: black.png
2025-12-19 17:35:17,792 - main - INFO - Set icon: listening.png
2025-12-19 17:35:19,803 - main - INFO - Set icon: black.png
2025-12-19 17:35:22,015 - main - INFO - Set icon: listening.png
2025-12-19 17:35:23,416 - main - INFO - Set icon: black.png
2025-12-19 17:35:24,026 - main - INFO - Set icon: listening.png
2025-12-19 17:35:26,616 - main - INFO - Set icon: black.png
2025-12-19 17:35:27,459 - main - INFO - Move pan: 35
2025-12-19 17:35:29,290 - main - INFO - Set icon: listening.png
2025-12-19 17:35:30,136 - main - INFO - Move pan: 35
2025-12-19 17:35:33,077 - main - INFO - Set icon: black.png
2025-12-19 17:35:38,102 - main - INFO - Set icon: listening.png
2025-12-19 17:35:39,792 - main - INFO - Set icon: black.png
2025-12-19 17:35:40,313 - main - INFO - Set icon: listening.png
2025-12-19 17:35:41,720 - main - INFO - Set icon: black.png
2025-12-19 17:35:42,725 - main - INFO - Set icon: listening.png
2025-12-19 17:35:47,150 - main - INFO - Set icon: black.png
2025-12-19 17:35:48,557 - main - INFO - Set icon: listening.png
2025-12-19 17:35:50,148 - main - INFO - Set icon: black.png
2025-12-19 17:35:52,578 - main - INFO - Set icon: listening.png
2025-12-19 17:35:59,649 - main - INFO - Toggle behaviour
2025-12-19 17:36:01,676 - main - INFO - Toggle behaviour
2025-12-19 17:36:02,177 - main - INFO - Set icon: black.png
2025-12-19 17:36:05,444 - main - INFO - Set icon: listening.png
2025-12-19 17:36:06,847 - main - INFO - Set icon: black.png
2025-12-19 17:36:09,866 - main - INFO - Set icon: listening.png
2025-12-19 17:36:12,479 - main - INFO - Set icon: black.png
2025-12-19 17:36:13,485 - main - INFO - Set icon: listening.png
2025-12-19 17:36:22,935 - main - INFO - Set icon: black.png
2025-12-19 17:36:23,739 - main - INFO - Set icon: listening.png
2025-12-19 17:36:27,560 - main - INFO - Set icon: black.png
2025-12-19 17:36:28,163 - main - INFO - Set icon: listening.png
2025-12-19 17:36:32,987 - main - INFO - Set icon: black.png
2025-12-19 17:36:34,997 - main - INFO - Set icon: listening.png
2025-12-19 17:36:36,733 - main - INFO - Set icon: black.png
2025-12-19 17:36:37,235 - main - INFO - Set icon: listening.png
2025-12-19 17:36:38,607 - main - INFO - Set icon: speaking.png
2025-12-19 17:36:39,609 - main - INFO - Set icon: black.png
2025-12-19 17:36:41,432 - main - INFO - Set icon: listening.png
2025-12-19 17:36:43,241 - main - INFO - Set icon: black.png
2025-12-19 17:36:44,246 - main - INFO - Set icon: listening.png
2025-12-19 17:36:47,666 - main - INFO - Set icon: speaking.png
2025-12-19 17:36:48,668 - main - INFO - Set icon: listening.png
2025-12-19 17:36:52,691 - main - INFO - Set icon: black.png
2025-12-19 17:36:55,505 - main - INFO - Set icon: speaking.png
2025-12-19 17:36:56,507 - main - INFO - Set icon: listening.png
2025-12-19 17:36:57,809 - main - INFO - Set icon: speaking.png
2025-12-19 17:36:58,811 - main - INFO - Set icon: black.png
2025-12-19 17:36:59,312 - main - INFO - Set icon: listening.png
2025-12-19 17:37:01,523 - main - INFO - Move pan: -35
2025-12-19 17:37:03,926 - main - INFO - Move pan: 35
2025-12-19 17:37:05,668 - main - INFO - Move pan: 35
2025-12-19 17:37:07,039 - main - INFO - Set icon: black.png
2025-12-19 17:37:07,540 - main - INFO - Set icon: listening.png
2025-12-19 17:37:10,621 - main - INFO - Move pan: -35
2025-12-19 17:37:12,105 - main - INFO - Set icon: black.png
2025-12-19 17:37:12,606 - main - INFO - Set icon: listening.png
2025-12-19 17:37:13,651 - main - INFO - Move pan: 35
2025-12-19 17:37:15,024 - main - INFO - Set icon: black.png
2025-12-19 17:37:16,818 - main - INFO - Set icon: listening.png
2025-12-19 17:37:24,236 - main - INFO - Set icon: speaking.png
2025-12-19 17:37:25,237 - main - INFO - Set icon: listening.png
2025-12-19 17:37:28,076 - main - INFO - Set icon: black.png
2025-12-19 17:37:28,679 - main - INFO - Set icon: listening.png
2025-12-19 17:37:32,498 - main - INFO - Set icon: black.png
2025-12-19 17:37:35,916 - main - INFO - Set icon: listening.png
2025-12-19 17:37:37,623 - main - INFO - Set icon: black.png
2025-12-19 17:37:38,124 - main - INFO - Set icon: listening.png
2025-12-19 17:37:39,933 - main - INFO - Set icon: black.png
2025-12-19 17:37:40,434 - main - INFO - Set icon: listening.png
2025-12-19 17:37:41,624 - main - INFO - Set icon: black.png
2025-12-19 17:37:42,125 - main - INFO - Set icon: listening.png
2025-12-19 17:37:44,827 - main - INFO - Set icon: black.png
2025-12-19 17:37:45,362 - main - INFO - Set icon: listening.png
2025-12-19 17:37:47,214 - main - INFO - Set icon: speaking.png
2025-12-19 17:37:48,215 - main - INFO - Set icon: black.png
2025-12-19 17:37:48,716 - main - INFO - Set icon: listening.png
2025-12-19 17:37:53,805 - main - INFO - Set icon: black.png
2025-12-19 17:37:54,809 - main - INFO - Set icon: listening.png
2025-12-19 17:37:56,063 - main - INFO - Set icon: black.png
2025-12-19 17:37:56,619 - main - INFO - Set icon: listening.png
2025-12-19 17:38:01,077 - main - INFO - Set icon: black.png
2025-12-19 17:38:01,645 - main - INFO - Set icon: listening.png
2025-12-19 17:38:03,052 - main - INFO - Set icon: black.png
2025-12-19 17:38:07,073 - main - INFO - Set icon: listening.png
2025-12-19 17:38:08,077 - main - INFO - Move pan: -35
2025-12-19 17:38:09,431 - main - INFO - Set icon: speaking.png
2025-12-19 17:38:10,432 - main - INFO - Set icon: listening.png
2025-12-19 17:38:11,357 - main - INFO - Move pan: 35
2025-12-19 17:38:13,494 - main - INFO - Move pan: 35
2025-12-19 17:38:17,136 - main - INFO - Set icon: black.png
2025-12-19 17:38:17,638 - main - INFO - Set icon: listening.png
2025-12-19 17:38:18,894 - main - INFO - Set icon: black.png
2025-12-19 17:38:19,396 - main - INFO - Set icon: listening.png
2025-12-19 17:38:21,240 - main - INFO - Move pan: -35
2025-12-19 17:38:24,046 - main - INFO - Move pan: 35
2025-12-19 17:38:28,677 - main - INFO - Move pan: -35
2025-12-19 17:38:30,939 - main - INFO - Move pan: 35
2025-12-19 17:38:32,269 - main - INFO - Set icon: black.png
2025-12-19 17:38:32,770 - main - INFO - Set icon: listening.png
2025-12-19 17:38:33,838 - main - INFO - Move pan: 35
2025-12-19 17:38:36,783 - main - INFO - Move pan: -35
2025-12-19 17:38:38,992 - main - INFO - Set icon: black.png
2025-12-19 17:38:40,400 - main - INFO - Move pan: 35
2025-12-19 17:38:41,859 - main - INFO - Set icon: listening.png
2025-12-19 17:38:42,694 - main - INFO - Move pan: 35
2025-12-19 17:38:44,142 - main - INFO - Set icon: black.png
2025-12-19 17:38:44,643 - main - INFO - Set icon: listening.png
2025-12-19 17:38:45,980 - main - INFO - Set icon: black.png
2025-12-19 17:38:46,481 - main - INFO - Set icon: listening.png
2025-12-19 17:38:47,858 - main - INFO - Set icon: black.png
2025-12-19 17:38:50,710 - main - INFO - Set icon: listening.png
2025-12-19 17:38:51,579 - main - INFO - Move pan: -35
2025-12-19 17:38:53,736 - main - INFO - Move pan: -35
2025-12-19 17:38:55,929 - main - INFO - Set icon: black.png
2025-12-19 17:38:56,544 - main - INFO - Set icon: listening.png
2025-12-19 17:38:57,882 - main - INFO - Set icon: black.png
2025-12-19 17:38:58,383 - main - INFO - Set icon: listening.png
2025-12-19 17:38:59,793 - main - INFO - Set icon: black.png
2025-12-19 17:39:01,570 - main - INFO - Set icon: listening.png
2025-12-19 17:39:04,384 - main - INFO - Set icon: black.png
2025-12-19 17:39:06,796 - main - INFO - Set icon: listening.png
2025-12-19 17:39:08,195 - main - INFO - Set icon: black.png
2025-12-19 17:39:08,697 - main - INFO - Set icon: listening.png
2025-12-19 17:39:10,617 - main - INFO - Set icon: black.png
2025-12-19 17:39:11,823 - main - INFO - Set icon: listening.png
2025-12-19 17:39:13,230 - main - INFO - Set icon: black.png
2025-12-19 17:39:14,034 - main - INFO - Set icon: listening.png
2025-12-19 17:39:17,777 - main - INFO - Set icon: black.png
2025-12-19 17:39:19,461 - main - INFO - Set icon: listening.png
2025-12-19 17:39:21,234 - main - INFO - Set icon: black.png
2025-12-19 17:39:22,878 - main - INFO - Set icon: listening.png
2025-12-19 17:39:29,512 - main - INFO - Set icon: black.png
2025-12-19 17:39:30,518 - main - INFO - Set icon: listening.png
2025-12-19 17:39:33,899 - main - INFO - Set icon: black.png
2025-12-19 17:39:34,400 - main - INFO - Set icon: listening.png
2025-12-19 17:39:35,842 - main - INFO - Set icon: black.png
2025-12-19 17:39:37,756 - main - INFO - Set icon: listening.png
2025-12-19 17:39:39,128 - main - INFO - Set icon: black.png
2025-12-19 17:39:39,629 - main - INFO - Set icon: listening.png
2025-12-19 17:39:41,978 - main - INFO - Set icon: black.png
2025-12-19 17:39:44,390 - main - INFO - Set icon: listening.png
2025-12-19 17:39:47,413 - main - INFO - Set icon: black.png
2025-12-19 17:39:48,008 - main - INFO - Set icon: listening.png
2025-12-19 17:40:01,275 - main - INFO - Set icon: black.png
2025-12-19 17:40:05,700 - main - INFO - Set icon: listening.png
2025-12-19 17:40:09,626 - main - INFO - Set icon: black.png
2025-12-19 17:40:10,127 - main - INFO - Set icon: listening.png
2025-12-19 17:40:11,520 - main - INFO - Set icon: black.png
2025-12-19 17:40:12,021 - main - INFO - Set icon: listening.png
2025-12-19 17:40:14,529 - main - INFO - Set icon: black.png
2025-12-19 17:40:15,030 - main - INFO - Set icon: listening.png
2025-12-19 17:40:16,370 - main - INFO - Set icon: black.png
2025-12-19 17:40:16,872 - main - INFO - Set icon: listening.png
2025-12-19 17:40:18,060 - main - INFO - Set icon: black.png
2025-12-19 17:40:20,000 - main - INFO - Set icon: listening.png
2025-12-19 17:40:21,505 - main - INFO - Set icon: black.png
2025-12-19 17:40:23,242 - main - INFO - Move pan: 35
2025-12-19 17:40:24,588 - main - INFO - Set icon: listening.png
2025-12-19 17:40:25,452 - main - INFO - Move pan: -35
2025-12-19 17:40:28,192 - main - INFO - Move pan: 35
2025-12-19 17:40:29,526 - main - INFO - Set icon: black.png
2025-12-19 17:40:30,659 - main - INFO - Set icon: listening.png
2025-12-19 17:40:37,722 - main - INFO - Toggle behaviour
2025-12-19 17:40:39,761 - main - INFO - Toggle behaviour
2025-12-19 17:40:43,324 - main - INFO - Set icon: black.png
2025-12-19 17:40:45,133 - main - INFO - Set icon: listening.png
2025-12-19 17:40:46,045 - main - INFO - Move pan: 35
2025-12-19 17:40:50,962 - main - INFO - Set icon: black.png
2025-12-19 17:40:52,772 - main - INFO - Set icon: listening.png
2025-12-19 17:40:55,601 - main - INFO - Set icon: speaking.png
2025-12-19 17:40:56,602 - main - INFO - Set icon: listening.png
2025-12-19 17:40:58,375 - main - INFO - Move pan: -35
2025-12-19 17:41:00,238 - main - INFO - Move pan: 35
2025-12-19 17:41:02,049 - main - INFO - Move pan: 35
2025-12-19 17:41:05,842 - main - INFO - Set icon: black.png
2025-12-19 17:41:06,446 - main - INFO - Set icon: listening.png
2025-12-19 17:41:08,256 - main - INFO - Set icon: black.png
2025-12-19 17:41:08,758 - main - INFO - Set icon: listening.png
2025-12-19 17:41:11,472 - main - INFO - Set icon: black.png
2025-12-19 17:41:11,974 - main - INFO - Set icon: listening.png
2025-12-19 17:41:18,930 - main - INFO - Toggle behaviour
2025-12-19 17:41:20,973 - main - INFO - Toggle behaviour
2025-12-19 17:41:21,876 - main - INFO - Move pan: 35
2025-12-19 17:41:26,349 - main - INFO - Set icon: speaking.png
2025-12-19 17:41:27,351 - main - INFO - Set icon: listening.png
2025-12-19 17:41:29,365 - main - INFO - Set icon: black.png
2025-12-19 17:41:30,370 - main - INFO - Set icon: listening.png
2025-12-19 17:41:35,237 - main - INFO - Set icon: black.png
2025-12-19 17:41:35,799 - main - INFO - Set icon: listening.png
2025-12-19 17:41:38,010 - main - INFO - Set icon: black.png
2025-12-19 17:41:38,613 - main - INFO - Set icon: listening.png
2025-12-19 17:41:40,020 - main - INFO - Set icon: black.png
2025-12-19 17:41:41,829 - main - INFO - Set icon: listening.png
2025-12-19 17:41:45,046 - main - INFO - Set icon: black.png
2025-12-19 17:41:48,061 - main - INFO - Set icon: listening.png
2025-12-19 17:41:49,374 - main - INFO - Set icon: black.png
2025-12-19 17:41:49,875 - main - INFO - Set icon: listening.png
2025-12-19 17:41:55,732 - main - INFO - Toggle behaviour
2025-12-19 17:41:57,796 - main - INFO - Toggle behaviour
2025-12-19 17:41:58,297 - main - INFO - Set icon: black.png
2025-12-19 17:41:59,116 - main - INFO - Set icon: listening.png
2025-12-19 17:41:59,953 - main - INFO - Move pan: 35
2025-12-19 17:42:01,529 - main - INFO - Move tilt: -3
2025-12-19 17:42:03,143 - main - INFO - Move pan: -35
2025-12-19 17:42:05,411 - main - INFO - Move pan: 35
2025-12-19 17:42:07,187 - main - INFO - Move pan: 35
2025-12-19 17:42:08,968 - main - INFO - Set icon: black.png
2025-12-19 17:42:09,572 - main - INFO - Set icon: listening.png
2025-12-19 17:42:11,783 - main - INFO - Set icon: black.png
2025-12-19 17:42:12,284 - main - INFO - Set icon: listening.png
2025-12-19 17:42:15,199 - main - INFO - Set icon: black.png
2025-12-19 17:42:15,703 - main - INFO - Set icon: listening.png
2025-12-19 17:42:17,412 - main - INFO - Set icon: black.png
2025-12-19 17:42:18,820 - main - INFO - Set icon: listening.png
2025-12-19 17:42:20,480 - main - INFO - Move pan: -35
2025-12-19 17:42:22,277 - main - INFO - Move pan: -35
2025-12-19 17:42:23,682 - main - INFO - Set icon: black.png
2025-12-19 17:42:24,893 - main - INFO - Move pan: 35
2025-12-19 17:42:26,258 - main - INFO - Set icon: listening.png
2025-12-19 17:42:27,103 - main - INFO - Move pan: 35
2025-12-19 17:42:29,090 - main - INFO - Set icon: black.png
2025-12-19 17:42:30,504 - main - INFO - Set icon: listening.png
2025-12-19 17:42:32,230 - main - INFO - Set icon: black.png
2025-12-19 17:42:32,731 - main - INFO - Set icon: listening.png
2025-12-19 17:42:36,148 - main - INFO - Toggle behaviour
2025-12-19 17:42:40,934 - main - INFO - Set icon: black.png
2025-12-19 17:42:42,543 - main - INFO - Set icon: listening.png
2025-12-19 17:42:43,449 - main - INFO - Move pan: 35
2025-12-19 17:42:45,207 - main - INFO - Move tilt: -3
2025-12-19 17:42:47,082 - main - INFO - Move tilt: -3
2025-12-19 17:42:48,083 - main - INFO - Set icon: black.png
2025-12-19 17:42:48,975 - main - INFO - Set icon: listening.png
2025-12-19 17:42:49,959 - main - INFO - Move pan: 35
2025-12-19 17:42:54,401 - main - INFO - Set icon: speaking.png
2025-12-19 17:42:55,403 - main - INFO - Set icon: black.png
2025-12-19 17:42:57,015 - main - INFO - Set icon: listening.png
2025-12-19 17:42:58,273 - main - INFO - Move pan: 35
2025-12-19 17:42:59,650 - main - INFO - Move tilt: -3
2025-12-19 17:43:00,651 - main - INFO - Set icon: black.png
2025-12-19 17:43:01,152 - main - INFO - Set icon: listening.png
2025-12-19 17:43:02,078 - main - INFO - Move pan: 35
2025-12-19 17:43:03,481 - main - INFO - Set icon: black.png
2025-12-19 17:43:04,252 - main - INFO - Set icon: listening.png
2025-12-19 17:43:05,859 - main - INFO - Set icon: black.png
2025-12-19 17:43:08,273 - main - INFO - Set icon: listening.png
2025-12-19 17:43:09,333 - main - INFO - Move pan: 35
2025-12-19 17:43:10,838 - main - INFO - Set icon: black.png
2025-12-19 17:43:11,340 - main - INFO - Set icon: listening.png
2025-12-19 17:43:12,224 - main - INFO - Move pan: 35
2025-12-19 17:43:13,653 - main - INFO - Move tilt: -3
2025-12-19 17:43:14,654 - main - INFO - Set icon: speaking.png
2025-12-19 17:43:15,656 - main - INFO - Set icon: black.png
2025-12-19 17:43:16,158 - main - INFO - Set icon: listening.png
2025-12-19 17:43:17,666 - main - INFO - Move tilt: -3
2025-12-19 17:43:19,146 - main - INFO - Move pan: 35
2025-12-19 17:43:21,885 - main - INFO - Set icon: black.png
2025-12-19 17:43:22,386 - main - INFO - Set icon: listening.png
2025-12-19 17:43:23,275 - main - INFO - Move pan: 35
2025-12-19 17:43:25,174 - main - INFO - Move pan: 35
2025-12-19 17:43:27,027 - main - INFO - Move pan: -35
2025-12-19 17:43:28,610 - main - INFO - Set icon: black.png
2025-12-19 17:43:29,111 - main - INFO - Set icon: listening.png
2025-12-19 17:43:30,027 - main - INFO - Move pan: 35
2025-12-19 17:43:32,192 - main - INFO - Move pan: 35
2025-12-19 17:43:33,575 - main - INFO - Set icon: black.png
2025-12-19 17:43:34,457 - main - INFO - Move pan: 35
2025-12-19 17:43:35,821 - main - INFO - Set icon: listening.png
2025-12-19 17:43:37,368 - main - INFO - Move tilt: -3
2025-12-19 17:43:38,369 - main - INFO - Set icon: black.png
2025-12-19 17:43:38,870 - main - INFO - Set icon: listening.png
2025-12-19 17:43:39,830 - main - INFO - Move pan: 35
2025-12-19 17:43:41,234 - main - INFO - Move pan: 35
2025-12-19 17:43:42,642 - main - INFO - Set icon: black.png
2025-12-19 17:43:43,143 - main - INFO - Set icon: listening.png
2025-12-19 17:43:44,292 - main - INFO - Set icon: black.png
2025-12-19 17:43:44,793 - main - INFO - Set icon: listening.png
2025-12-19 17:43:45,625 - main - INFO - Move pan: 35
2025-12-19 17:43:46,987 - main - INFO - Set icon: black.png
2025-12-19 17:43:47,488 - main - INFO - Set icon: listening.png
2025-12-19 17:43:52,101 - main - INFO - Set icon: black.png
2025-12-19 17:43:52,705 - main - INFO - Set icon: listening.png
2025-12-19 17:43:53,625 - main - INFO - Move pan: 35
2025-12-19 17:43:57,932 - main - INFO - Set icon: black.png
2025-12-19 17:43:58,736 - main - INFO - Set icon: listening.png
2025-12-19 17:44:03,612 - main - INFO - Move pan: -35
2025-12-19 17:44:05,968 - main - INFO - Move pan: 35
2025-12-19 17:44:07,321 - main - INFO - Move tilt: -3
2025-12-19 17:44:12,408 - main - INFO - Set icon: speaking.png
2025-12-19 17:44:13,409 - main - INFO - Set icon: listening.png
2025-12-19 17:44:14,338 - main - INFO - Move pan: 35
2025-12-19 17:44:15,796 - main - INFO - Move tilt: -3
2025-12-19 17:44:16,797 - main - INFO - Set icon: black.png
2025-12-19 17:44:17,298 - main - INFO - Set icon: listening.png
2025-12-19 17:44:18,476 - main - INFO - Move pan: 35
2025-12-19 17:44:20,249 - main - INFO - Move pan: 35
2025-12-19 17:44:22,333 - main - INFO - Move tilt: -3
2025-12-19 17:44:26,077 - main - INFO - Set icon: black.png
2025-12-19 17:44:28,288 - main - INFO - Set icon: listening.png
2025-12-19 17:44:29,091 - main - INFO - Move pan: 35
2025-12-19 17:44:30,372 - main - INFO - Move tilt: -3
2025-12-19 17:44:31,373 - main - INFO - Set icon: black.png
2025-12-19 17:44:31,875 - main - INFO - Set icon: listening.png
2025-12-19 17:44:32,779 - main - INFO - Move pan: 35
2025-12-19 17:44:34,210 - main - INFO - Set icon: black.png
2025-12-19 17:44:34,712 - main - INFO - Set icon: listening.png
2025-12-19 17:44:35,676 - main - INFO - Move pan: 35
2025-12-19 17:44:37,533 - main - INFO - Move pan: -35
2025-12-19 17:44:38,992 - main - INFO - Set icon: black.png
2025-12-19 17:44:39,887 - main - INFO - Move pan: -35
2025-12-19 17:44:41,290 - main - INFO - Set icon: listening.png
2025-12-19 17:44:42,522 - main - INFO - Move pan: -35
2025-12-19 17:44:43,953 - main - INFO - Set icon: black.png
2025-12-19 17:44:44,454 - main - INFO - Set icon: listening.png
2025-12-19 17:44:45,779 - main - INFO - Move pan: -35
2025-12-19 17:44:47,163 - main - INFO - Move tilt: -3
2025-12-19 17:44:48,165 - main - INFO - Set icon: black.png
2025-12-19 17:44:48,666 - main - INFO - Set icon: listening.png
2025-12-19 17:44:49,915 - main - INFO - Set icon: black.png
2025-12-19 17:44:50,417 - main - INFO - Set icon: listening.png
2025-12-19 17:44:54,511 - main - INFO - Move pan: -35
2025-12-19 17:44:56,034 - main - INFO - Move tilt: -3
2025-12-19 17:44:57,035 - main - INFO - Set icon: black.png
2025-12-19 17:44:57,842 - main - INFO - Set icon: listening.png
2025-12-19 17:44:59,423 - main - INFO - Set icon: black.png
2025-12-19 17:45:00,254 - main - INFO - Set icon: listening.png
2025-12-19 17:45:01,573 - main - INFO - Set icon: black.png
2025-12-19 17:45:04,475 - main - INFO - Set icon: listening.png
2025-12-19 17:45:05,785 - main - INFO - Move pan: -35
2025-12-19 17:45:07,211 - main - INFO - Set icon: black.png
2025-12-19 17:45:07,713 - main - INFO - Set icon: listening.png
2025-12-19 17:45:09,070 - main - INFO - Move pan: -35
2025-12-19 17:45:10,500 - main - INFO - Set icon: black.png
2025-12-19 17:45:11,001 - main - INFO - Set icon: listening.png
2025-12-19 17:45:12,330 - main - INFO - Move pan: -35
2025-12-19 17:45:14,156 - main - INFO - Move pan: -35
2025-12-19 17:45:15,985 - main - INFO - Set icon: black.png
2025-12-19 17:45:17,340 - main - INFO - Set icon: listening.png
2025-12-19 17:45:19,722 - main - INFO - Move pan: -35
2025-12-19 17:45:21,084 - main - INFO - Set icon: black.png
2025-12-19 17:45:21,585 - main - INFO - Set icon: listening.png
2025-12-19 17:45:22,944 - main - INFO - Move tilt: -3
2025-12-19 17:45:26,709 - main - INFO - Move pan: -35
2025-12-19 17:45:28,072 - main - INFO - Set icon: black.png
2025-12-19 17:45:28,574 - main - INFO - Set icon: listening.png
2025-12-19 17:45:32,015 - main - INFO - Set icon: black.png
2025-12-19 17:45:33,222 - main - INFO - Set icon: listening.png
2025-12-19 17:45:34,618 - main - INFO - Move pan: -35
2025-12-19 17:45:36,186 - main - INFO - Move tilt: -3
2025-12-19 17:45:37,188 - main - INFO - Set icon: black.png
2025-12-19 17:45:37,689 - main - INFO - Set icon: listening.png
2025-12-19 17:45:39,531 - main - INFO - Set icon: black.png
2025-12-19 17:45:40,032 - main - INFO - Set icon: listening.png
2025-12-19 17:45:41,023 - main - INFO - Move pan: -35
2025-12-19 17:45:42,680 - main - INFO - Move tilt: -3
2025-12-19 17:45:43,681 - main - INFO - Set icon: black.png
2025-12-19 17:45:44,182 - main - INFO - Set icon: listening.png
2025-12-19 17:45:48,097 - main - INFO - Set icon: black.png
2025-12-19 17:45:48,901 - main - INFO - Set icon: listening.png
2025-12-19 17:45:51,314 - main - INFO - Set icon: black.png
2025-12-19 17:45:52,520 - main - INFO - Set icon: listening.png
2025-12-19 17:45:53,431 - main - INFO - Move pan: -35
2025-12-19 17:45:54,876 - main - INFO - Move tilt: -3
2025-12-19 17:45:56,350 - main - INFO - Move pan: -35
2025-12-19 17:45:57,768 - main - INFO - Set icon: black.png
2025-12-19 17:45:58,269 - main - INFO - Set icon: listening.png
2025-12-19 17:45:59,834 - main - INFO - Set icon: speaking.png
2025-12-19 17:46:00,835 - main - INFO - Set icon: listening.png
2025-12-19 17:46:01,679 - main - INFO - Move pan: 35
2025-12-19 17:46:03,012 - main - INFO - Move pan: 35
2025-12-19 17:46:04,719 - main - INFO - Move pan: 35
2025-12-19 17:46:06,115 - main - INFO - Set icon: black.png
2025-12-19 17:46:07,196 - main - INFO - Set icon: listening.png
2025-12-19 17:46:08,805 - main - INFO - Set icon: black.png
2025-12-19 17:46:09,306 - main - INFO - Set icon: listening.png
2025-12-19 17:46:10,296 - main - INFO - Move pan: 35
2025-12-19 17:46:12,519 - main - INFO - Move pan: 35
2025-12-19 17:46:13,882 - main - INFO - Move tilt: -3
2025-12-19 17:46:16,100 - main - INFO - Move tilt: -3
2025-12-19 17:46:17,923 - main - INFO - Set icon: black.png
2025-12-19 17:46:18,424 - main - INFO - Set icon: listening.png
2025-12-19 17:46:19,983 - main - INFO - Set icon: black.png
2025-12-19 17:46:20,484 - main - INFO - Set icon: listening.png
2025-12-19 17:46:21,782 - main - INFO - Set icon: black.png
2025-12-19 17:46:22,284 - main - INFO - Set icon: listening.png
2025-12-19 17:46:23,199 - main - INFO - Move pan: 35
2025-12-19 17:46:24,577 - main - INFO - Set icon: black.png
2025-12-19 17:46:25,079 - main - INFO - Set icon: listening.png
2025-12-19 17:46:26,652 - main - INFO - Move tilt: -3
2025-12-19 17:46:27,654 - main - INFO - Set icon: speaking.png
2025-12-19 17:46:28,655 - main - INFO - Set icon: listening.png
2025-12-19 17:46:29,580 - main - INFO - Move pan: 35
2025-12-19 17:46:31,331 - main - INFO - Move pan: 35
2025-12-19 17:46:32,902 - main - INFO - Set icon: black.png
2025-12-19 17:46:36,348 - main - INFO - Set icon: listening.png
2025-12-19 17:46:37,282 - main - INFO - Move pan: 35
2025-12-19 17:46:38,689 - main - INFO - Move tilt: -3
2025-12-19 17:46:39,690 - main - INFO - Set icon: black.png
2025-12-19 17:46:40,192 - main - INFO - Set icon: listening.png
2025-12-19 17:46:41,577 - main - INFO - Set icon: speaking.png
2025-12-19 17:46:42,577 - main - INFO - Set icon: listening.png
2025-12-19 17:46:43,523 - main - INFO - Move pan: 35
2025-12-19 17:46:46,427 - main - INFO - Move pan: -35
2025-12-19 17:46:47,842 - main - INFO - Move tilt: -3
2025-12-19 17:46:49,729 - main - INFO - Move pan: 35
2025-12-19 17:46:51,515 - main - INFO - Move pan: 35
2025-12-19 17:46:52,933 - main - INFO - Set icon: black.png
2025-12-19 17:46:53,738 - main - INFO - Move pan: 35
2025-12-19 17:46:55,098 - main - INFO - Set icon: listening.png
2025-12-19 17:46:56,406 - main - INFO - Move pan: 35
2025-12-19 17:46:57,763 - main - INFO - Set icon: black.png
2025-12-19 17:46:58,264 - main - INFO - Set icon: listening.png
2025-12-19 17:46:59,629 - main - INFO - Move pan: 35
2025-12-19 17:47:02,779 - main - INFO - Move pan: -35
2025-12-19 17:47:04,208 - main - INFO - Set icon: black.png
2025-12-19 17:47:04,709 - main - INFO - Set icon: listening.png
2025-12-19 17:47:05,858 - main - INFO - Move pan: -35
2025-12-19 17:47:06,859 - main - INFO - Set icon: black.png
2025-12-19 17:47:07,820 - main - INFO - Move pan: 35
2025-12-19 17:47:09,537 - main - INFO - Move tilt: -3
2025-12-19 17:47:10,538 - main - INFO - Set icon: listening.png
2025-12-19 17:47:11,366 - main - INFO - Move pan: -35
2025-12-19 17:47:12,940 - main - INFO - Set icon: speaking.png
2025-12-19 17:47:13,941 - main - INFO - Set icon: listening.png
2025-12-19 17:47:14,835 - main - INFO - Move pan: 35
2025-12-19 17:47:16,416 - main - INFO - Set icon: speaking.png
2025-12-19 17:47:17,417 - main - INFO - Set icon: black.png
2025-12-19 17:47:18,633 - main - INFO - Set icon: listening.png
2025-12-19 17:47:19,652 - main - INFO - Move pan: -35
2025-12-19 17:47:21,133 - main - INFO - Set icon: black.png
2025-12-19 17:47:28,018 - main - INFO - Set icon: speaking.png
2025-12-19 17:47:50,221 - main - INFO - Move pan: 0
2025-12-19 17:47:51,660 - main - INFO - Move tilt: -3
2025-12-19 17:47:52,763 - main - INFO - Set icon: listening.png
2025-12-19 17:47:53,658 - main - INFO - Move pan: -35
2025-12-19 17:47:54,773 - main - INFO - Set icon: speaking.png
2025-12-19 17:47:55,775 - main - INFO - Set icon: black.png
2025-12-19 17:47:56,783 - main - INFO - Move pan: 35
2025-12-19 17:47:58,162 - main - INFO - Move tilt: -3
2025-12-19 17:47:59,163 - main - INFO - Set icon: listening.png
2025-12-19 17:48:00,141 - main - INFO - Move pan: -35
2025-12-19 17:48:02,277 - main - INFO - Move tilt: -3
2025-12-19 17:48:03,278 - main - INFO - Set icon: speaking.png
2025-12-19 17:48:04,279 - main - INFO - Set icon: listening.png
2025-12-19 17:48:05,212 - main - INFO - Move pan: 35
2025-12-19 17:48:06,772 - main - INFO - Set image: effort.png
2025-12-19 17:48:07,274 - main - INFO - Set icon: black.png
2025-12-19 17:48:07,775 - main - INFO - Set image: blink.gif
2025-12-19 17:48:11,661 - main - INFO - Set icon: speaking.png
2025-12-19 17:48:14,275 - main - INFO - Set icon: listening.png
2025-12-19 17:48:15,197 - main - INFO - Move pan: -35
2025-12-19 17:48:16,198 - main - INFO - Set icon: speaking.png
2025-12-19 17:48:18,095 - main - INFO - Set icon: listening.png
2025-12-19 17:48:19,282 - main - INFO - Set icon: speaking.png
2025-12-19 17:48:43,454 - main - INFO - Set icon: black.png
2025-12-19 17:48:45,240 - main - INFO - Move pan: 35
2025-12-19 17:48:46,726 - main - INFO - Move tilt: -3
2025-12-19 17:48:48,591 - main - INFO - Move pan: 35
2025-12-19 17:48:50,000 - main - INFO - Move tilt: -3
2025-12-19 17:48:51,000 - main - INFO - Set icon: listening.png
2025-12-19 17:48:52,132 - main - INFO - Move pan: -35
2025-12-19 17:48:53,487 - main - INFO - Set icon: black.png
2025-12-19 17:48:54,111 - main - INFO - Set icon: listening.png
2025-12-19 17:48:55,242 - main - INFO - Move pan: -35
2025-12-19 17:48:56,612 - main - INFO - Set icon: speaking.png
2025-12-19 17:48:57,613 - main - INFO - Set icon: listening.png
2025-12-19 17:49:01,748 - main - INFO - Set icon: black.png
2025-12-19 17:49:02,249 - main - INFO - Set icon: listening.png
2025-12-19 17:49:03,223 - main - INFO - Move pan: -35
2025-12-19 17:49:04,936 - main - INFO - Set icon: black.png
2025-12-19 17:49:08,583 - main - INFO - Set icon: listening.png
2025-12-19 17:49:09,512 - main - INFO - Move pan: -35
2025-12-19 17:49:10,947 - main - INFO - Set icon: black.png
2025-12-19 17:49:11,449 - main - INFO - Set icon: listening.png
2025-12-19 17:49:12,759 - main - INFO - Set icon: black.png
2025-12-19 17:49:14,212 - main - INFO - Set icon: listening.png
2025-12-19 17:49:15,403 - main - INFO - Move pan: -35
2025-12-19 17:49:17,250 - main - INFO - Move pan: -35
2025-12-19 17:49:21,995 - main - INFO - Move pan: -35
2025-12-19 17:49:23,381 - main - INFO - Move tilt: -3
2025-12-19 17:49:24,382 - main - INFO - Set icon: black.png
2025-12-19 17:49:24,883 - main - INFO - Set icon: listening.png
2025-12-19 17:49:26,140 - main - INFO - Set icon: black.png
2025-12-19 17:49:26,641 - main - INFO - Set icon: listening.png
2025-12-19 17:49:30,494 - main - INFO - Set icon: black.png
2025-12-19 17:49:31,299 - main - INFO - Set icon: listening.png
2025-12-19 17:49:32,222 - main - INFO - Move pan: -35
2025-12-19 17:49:34,514 - main - INFO - Set icon: black.png
2025-12-19 17:49:35,722 - main - INFO - Set icon: listening.png
2025-12-19 17:49:42,782 - main - INFO - Toggle behaviour
2025-12-19 17:49:44,830 - main - INFO - Toggle behaviour
2025-12-19 17:49:49,836 - main - INFO - Toggle behaviour
2025-12-19 17:49:56,851 - main - INFO - Toggle behaviour
2025-12-19 17:49:58,874 - main - INFO - Toggle behaviour
2025-12-19 17:50:01,653 - main - INFO - Set icon: black.png
2025-12-19 17:50:02,155 - main - INFO - Set icon: listening.png
2025-12-19 17:50:03,115 - main - INFO - Move pan: -35
2025-12-19 17:50:04,540 - main - INFO - Move tilt: -3
2025-12-19 17:50:05,542 - main - INFO - Set icon: black.png
2025-12-19 17:50:06,042 - main - INFO - Set icon: listening.png
2025-12-19 17:50:08,307 - main - INFO - Toggle behaviour
2025-12-19 17:50:11,352 - main - INFO - Toggle behaviour
2025-12-19 17:50:11,854 - main - INFO - Set icon: black.png
2025-12-19 17:50:12,355 - main - INFO - Set icon: listening.png
2025-12-19 17:50:16,960 - main - INFO - Set icon: black.png
2025-12-19 17:50:18,367 - main - INFO - Set icon: listening.png
2025-12-19 17:50:19,775 - main - INFO - Set icon: black.png
2025-12-19 17:50:27,443 - main - INFO - Toggle behaviour
2025-12-19 17:50:29,474 - main - INFO - Toggle behaviour
2025-12-19 17:50:30,029 - main - INFO - Set icon: listening.png
2025-12-19 17:50:30,969 - main - INFO - Move pan: -35
2025-12-19 17:50:32,476 - main - INFO - Set icon: black.png
2025-12-19 17:50:32,978 - main - INFO - Set icon: listening.png
2025-12-19 17:50:37,904 - main - INFO - Set icon: black.png
2025-12-19 17:50:38,874 - main - INFO - Set icon: listening.png
2025-12-19 17:50:44,143 - main - INFO - Set icon: black.png
2025-12-19 17:50:44,645 - main - INFO - Set icon: listening.png
2025-12-19 17:50:46,422 - main - INFO - Set icon: black.png
2025-12-19 17:50:46,923 - main - INFO - Set icon: listening.png
2025-12-19 17:50:48,243 - main - INFO - Set icon: black.png
2025-12-19 17:50:48,744 - main - INFO - Set icon: listening.png
2025-12-19 17:50:50,298 - main - INFO - Set icon: black.png
2025-12-19 17:50:56,367 - main - INFO - Set icon: listening.png
2025-12-19 17:51:05,538 - main - INFO - Set icon: black.png
2025-12-19 17:51:08,228 - main - INFO - Set icon: listening.png
2025-12-19 17:51:10,439 - main - INFO - Set icon: black.png
2025-12-19 17:51:13,053 - main - INFO - Set icon: listening.png
2025-12-19 17:51:14,730 - main - INFO - Move pan: 35
2025-12-19 17:51:17,046 - main - INFO - Set icon: black.png
2025-12-19 17:51:17,547 - main - INFO - Set icon: listening.png
2025-12-19 17:51:18,516 - main - INFO - Move pan: -35
2025-12-19 17:51:20,313 - main - INFO - Move pan: 35
2025-12-19 17:51:21,681 - main - INFO - Set icon: black.png
2025-12-19 17:51:22,182 - main - INFO - Set icon: listening.png
2025-12-19 17:51:23,973 - main - INFO - Set icon: black.png
2025-12-19 17:51:24,474 - main - INFO - Set icon: listening.png
2025-12-19 17:51:26,723 - main - INFO - Move pan: -35
2025-12-19 17:51:28,016 - main - INFO - Set icon: black.png
2025-12-19 17:51:28,517 - main - INFO - Set icon: listening.png
2025-12-19 17:51:29,520 - main - INFO - Move pan: 35
2025-12-19 17:51:31,357 - main - INFO - Move pan: 35
2025-12-19 17:51:34,567 - main - INFO - Set icon: black.png
2025-12-19 17:51:37,583 - main - INFO - Set icon: listening.png
2025-12-19 17:51:39,440 - main - INFO - Set icon: black.png
2025-12-19 17:51:39,941 - main - INFO - Set icon: listening.png
2025-12-19 17:51:45,222 - main - INFO - Set icon: black.png
2025-12-19 17:51:46,027 - main - INFO - Set icon: listening.png
2025-12-19 17:51:53,091 - main - INFO - Toggle behaviour
2025-12-19 17:51:55,116 - main - INFO - Toggle behaviour
2025-12-19 17:51:55,674 - main - INFO - Set icon: black.png
2025-12-19 17:51:56,175 - main - INFO - Set icon: listening.png
2025-12-19 17:51:57,086 - main - INFO - Move pan: 35
2025-12-19 17:51:59,113 - main - INFO - Move pan: 35
2025-12-19 17:52:00,627 - main - INFO - Set icon: black.png
2025-12-19 17:52:01,128 - main - INFO - Set icon: listening.png
2025-12-19 17:52:03,009 - main - INFO - Set icon: black.png
2025-12-19 17:52:08,138 - main - INFO - Set icon: listening.png
2025-12-19 17:52:15,202 - main - INFO - Toggle behaviour
2025-12-19 17:52:17,225 - main - INFO - Toggle behaviour
2025-12-19 17:52:17,727 - main - INFO - Set icon: black.png
2025-12-19 17:52:19,383 - main - INFO - Move pan: 35
2025-12-19 17:52:20,734 - main - INFO - Set icon: listening.png
2025-12-19 17:52:21,681 - main - INFO - Move pan: 35
2025-12-19 17:52:23,038 - main - INFO - Set icon: black.png
2025-12-19 17:52:26,029 - main - INFO - Set icon: listening.png
2025-12-19 17:52:27,637 - main - INFO - Set icon: speaking.png
2025-12-19 17:52:28,637 - main - INFO - Set icon: listening.png
2025-12-19 17:52:30,259 - main - INFO - Set icon: black.png
2025-12-19 17:52:30,855 - main - INFO - Set icon: listening.png
2025-12-19 17:52:40,305 - main - INFO - Set icon: black.png
2025-12-19 17:52:42,315 - main - INFO - Set icon: listening.png
2025-12-19 17:52:43,672 - main - INFO - Set icon: black.png
2025-12-19 17:52:45,130 - main - INFO - Set icon: speaking.png
2025-12-19 17:52:46,131 - main - INFO - Set icon: listening.png
2025-12-19 17:52:47,412 - main - INFO - Set icon: black.png
2025-12-19 17:52:47,914 - main - INFO - Set icon: listening.png
2025-12-19 17:52:51,764 - main - INFO - Set icon: black.png
2025-12-19 17:52:52,265 - main - INFO - Set icon: listening.png
2025-12-19 17:52:53,686 - main - INFO - Set icon: black.png
2025-12-19 17:52:54,188 - main - INFO - Set icon: listening.png
2025-12-19 17:53:00,810 - main - INFO - Set icon: black.png
2025-12-19 17:53:02,218 - main - INFO - Set icon: listening.png
2025-12-19 17:53:03,578 - main - INFO - Set icon: black.png
2025-12-19 17:53:05,434 - main - INFO - Set icon: listening.png
2025-12-19 17:53:06,925 - main - INFO - Set icon: black.png
2025-12-19 17:53:10,916 - main - INFO - Move pan: -35
2025-12-19 17:53:13,062 - main - INFO - Move pan: -35
2025-12-19 17:53:14,512 - main - INFO - Set icon: listening.png
2025-12-19 17:53:15,417 - main - INFO - Move pan: 35
2025-12-19 17:53:18,091 - main - INFO - Move pan: 35
2025-12-19 17:53:20,272 - main - INFO - Move pan: -35
2025-12-19 17:53:22,074 - main - INFO - Move pan: -35
2025-12-19 17:53:26,967 - main - INFO - Toggle behaviour
2025-12-19 17:53:29,005 - main - INFO - Toggle behaviour
2025-12-19 17:53:30,049 - main - INFO - Move pan: -35
2025-12-19 17:53:31,445 - main - INFO - Set icon: black.png
2025-12-19 17:53:31,946 - main - INFO - Set icon: listening.png
2025-12-19 17:53:36,619 - main - INFO - Toggle behaviour
2025-12-19 17:53:38,653 - main - INFO - Toggle behaviour
2025-12-19 17:53:43,652 - main - INFO - Toggle behaviour
2025-12-19 17:53:50,693 - main - INFO - Toggle behaviour
2025-12-19 17:53:52,758 - main - INFO - Toggle behaviour
2025-12-19 17:53:54,888 - main - INFO - Set icon: black.png
2025-12-19 17:53:55,692 - main - INFO - Set icon: listening.png
2025-12-19 17:53:57,016 - main - INFO - Move pan: -35
2025-12-19 17:53:58,393 - main - INFO - Move tilt: -3
2025-12-19 17:54:00,515 - main - INFO - Set icon: black.png
2025-12-19 17:54:03,531 - main - INFO - Set icon: listening.png
2025-12-19 17:54:10,365 - main - INFO - Set icon: black.png
2025-12-19 17:54:11,571 - main - INFO - Set icon: listening.png
2025-12-19 17:54:13,517 - main - INFO - Set icon: black.png
2025-12-19 17:54:14,019 - main - INFO - Set icon: listening.png
2025-12-19 17:54:16,044 - main - INFO - Move pan: -35
2025-12-19 17:54:17,364 - main - INFO - Set icon: black.png
2025-12-19 17:54:17,866 - main - INFO - Set icon: listening.png
2025-12-19 17:54:19,226 - main - INFO - Move tilt: -3
2025-12-19 17:54:20,227 - main - INFO - Set icon: black.png
2025-12-19 17:54:20,729 - main - INFO - Set icon: listening.png
2025-12-19 17:54:22,057 - main - INFO - Set icon: black.png
2025-12-19 17:54:22,558 - main - INFO - Set icon: listening.png
2025-12-19 17:54:23,600 - main - INFO - Move pan: -35
2025-12-19 17:54:25,043 - main - INFO - Set icon: black.png
2025-12-19 17:54:25,545 - main - INFO - Set icon: listening.png
2025-12-19 17:54:29,058 - main - INFO - Set icon: black.png
2025-12-19 17:54:33,681 - main - INFO - Set icon: listening.png
2025-12-19 17:54:34,908 - main - INFO - Move tilt: -3
2025-12-19 17:54:38,173 - main - INFO - Move pan: -35
2025-12-19 17:54:40,374 - main - INFO - Move pan: -35
2025-12-19 17:54:41,774 - main - INFO - Set icon: black.png
2025-12-19 17:54:42,275 - main - INFO - Set icon: listening.png
2025-12-19 17:54:44,178 - main - INFO - Set icon: black.png
2025-12-19 17:54:44,679 - main - INFO - Set icon: listening.png
2025-12-19 17:54:45,690 - main - INFO - Move pan: -35
2025-12-19 17:54:47,250 - main - INFO - Move pan: -35
2025-12-19 17:54:48,759 - main - INFO - Set icon: black.png
2025-12-19 17:54:53,984 - main - INFO - Set icon: listening.png
2025-12-19 17:54:54,812 - main - INFO - Move pan: -35
2025-12-19 17:54:56,232 - main - INFO - Set icon: black.png
2025-12-19 17:54:56,999 - main - INFO - Set icon: listening.png
2025-12-19 17:54:58,352 - main - INFO - Move tilt: -3
2025-12-19 17:54:59,353 - main - INFO - Set icon: black.png
2025-12-19 17:55:00,015 - main - INFO - Set icon: listening.png
2025-12-19 17:55:00,973 - main - INFO - Move pan: -35
2025-12-19 17:55:02,307 - main - INFO - Move tilt: -3
2025-12-19 17:55:03,308 - main - INFO - Set icon: black.png
2025-12-19 17:55:03,809 - main - INFO - Set icon: listening.png
2025-12-19 17:55:05,082 - main - INFO - Set icon: black.png
2025-12-19 17:55:05,584 - main - INFO - Set icon: listening.png
2025-12-19 17:55:06,996 - main - INFO - Move pan: -35
2025-12-19 17:55:08,491 - main - INFO - Set icon: black.png
2025-12-19 17:55:08,993 - main - INFO - Set icon: listening.png
2025-12-19 17:55:10,226 - main - INFO - Move pan: -35
2025-12-19 17:55:12,036 - main - INFO - Move pan: -35
2025-12-19 17:55:15,694 - main - INFO - Set icon: black.png
2025-12-19 17:55:16,498 - main - INFO - Set icon: listening.png
2025-12-19 17:55:17,329 - main - INFO - Move pan: -35
2025-12-19 17:55:19,157 - main - INFO - Move pan: -35
2025-12-19 17:55:20,560 - main - INFO - Set icon: black.png
2025-12-19 17:55:21,062 - main - INFO - Set icon: listening.png
2025-12-19 17:55:21,990 - main - INFO - Move pan: -35
2025-12-19 17:55:24,296 - main - INFO - Move pan: 35
2025-12-19 17:55:26,177 - main - INFO - Move pan: -35
2025-12-19 17:55:28,014 - main - INFO - Move pan: 35
2025-12-19 17:55:29,388 - main - INFO - Set icon: black.png
2025-12-19 17:55:29,889 - main - INFO - Set icon: listening.png
2025-12-19 17:55:30,965 - main - INFO - Move pan: -35
2025-12-19 17:55:32,871 - main - INFO - Move pan: 35
2025-12-19 17:55:34,315 - main - INFO - Set icon: black.png
2025-12-19 17:55:34,817 - main - INFO - Set icon: listening.png
2025-12-19 17:55:35,752 - main - INFO - Move pan: -35
2025-12-19 17:55:37,823 - main - INFO - Move pan: 35
2025-12-19 17:55:39,838 - main - INFO - Move tilt: -3
2025-12-19 17:55:40,840 - main - INFO - Set icon: black.png
2025-12-19 17:55:41,342 - main - INFO - Set icon: listening.png
2025-12-19 17:55:42,169 - main - INFO - Move pan: 35
2025-12-19 17:55:43,919 - main - INFO - Set icon: black.png
2025-12-19 17:55:44,420 - main - INFO - Set icon: listening.png
2025-12-19 17:55:45,814 - main - INFO - Set icon: black.png
2025-12-19 17:55:56,301 - main - INFO - Set icon: listening.png
2025-12-19 17:55:57,535 - main - INFO - Move pan: 35
2025-12-19 17:55:58,902 - main - INFO - Move tilt: -3
2025-12-19 17:55:59,903 - main - INFO - Set icon: black.png
2025-12-19 17:56:00,405 - main - INFO - Set icon: listening.png
2025-12-19 17:56:01,754 - main - INFO - Set icon: black.png
2025-12-19 17:56:02,255 - main - INFO - Set icon: listening.png
2025-12-19 17:56:03,168 - main - INFO - Move pan: 35
2025-12-19 17:56:04,605 - main - INFO - Set icon: speaking.png
2025-12-19 17:56:05,607 - main - INFO - Set icon: black.png
2025-12-19 17:56:06,108 - main - INFO - Set icon: listening.png
2025-12-19 17:56:10,922 - main - INFO - Move pan: 35
2025-12-19 17:56:12,314 - main - INFO - Move tilt: -3
2025-12-19 17:56:13,314 - main - INFO - Set icon: black.png
2025-12-19 17:56:13,992 - main - INFO - Set icon: listening.png
2025-12-19 17:56:15,802 - main - INFO - Set icon: black.png
2025-12-19 17:56:17,611 - main - INFO - Set icon: listening.png
2025-12-19 17:56:18,535 - main - INFO - Move pan: 35
2025-12-19 17:56:20,009 - main - INFO - Move tilt: -3
2025-12-19 17:56:21,012 - main - INFO - Set icon: black.png
2025-12-19 17:56:21,513 - main - INFO - Set icon: listening.png
2025-12-19 17:56:22,765 - main - INFO - Set icon: black.png
2025-12-19 17:56:24,645 - main - INFO - Set icon: listening.png
2025-12-19 17:56:25,498 - main - INFO - Move pan: -35
2025-12-19 17:56:27,231 - main - INFO - Set icon: black.png
2025-12-19 17:56:27,768 - main - INFO - Set icon: listening.png
2025-12-19 17:56:28,664 - main - INFO - Move pan: 35
2025-12-19 17:56:30,357 - main - INFO - Set icon: black.png
2025-12-19 17:56:30,858 - main - INFO - Set icon: listening.png
2025-12-19 17:56:31,748 - main - INFO - Move pan: 35
2025-12-19 17:56:34,598 - main - INFO - Set icon: black.png
2025-12-19 17:56:35,099 - main - INFO - Set icon: listening.png
2025-12-19 17:56:44,545 - main - INFO - Move pan: -35
2025-12-19 17:56:45,955 - main - INFO - Move tilt: -3
2025-12-19 17:56:46,956 - main - INFO - Set icon: black.png
2025-12-19 17:56:47,457 - main - INFO - Set icon: listening.png
2025-12-19 17:56:48,306 - main - INFO - Move pan: 35
2025-12-19 17:56:49,656 - main - INFO - Set icon: black.png
2025-12-19 17:56:50,157 - main - INFO - Set icon: listening.png
2025-12-19 17:56:51,187 - main - INFO - Move pan: 35
2025-12-19 17:56:53,304 - main - INFO - Set icon: black.png
2025-12-19 17:56:53,805 - main - INFO - Set icon: listening.png
2025-12-19 17:56:55,056 - main - INFO - Set icon: black.png
2025-12-19 17:56:56,406 - main - INFO - Set icon: listening.png
2025-12-19 17:56:57,937 - main - INFO - Set icon: black.png
2025-12-19 17:57:00,225 - main - INFO - Set icon: listening.png
2025-12-19 17:57:02,436 - main - INFO - Set icon: black.png
2025-12-19 17:57:02,937 - main - INFO - Set icon: listening.png
2025-12-19 17:57:04,323 - main - INFO - Move pan: 35
2025-12-19 17:57:05,662 - main - INFO - Set icon: black.png
2025-12-19 17:57:06,163 - main - INFO - Set icon: listening.png
2025-12-19 17:57:08,066 - main - INFO - Set icon: black.png
2025-12-19 17:57:10,894 - main - INFO - Move pan: 35
2025-12-19 17:57:12,289 - main - INFO - Move tilt: -3
2025-12-19 17:57:13,694 - main - INFO - Set icon: listening.png
2025-12-19 17:57:14,655 - main - INFO - Move pan: 35
2025-12-19 17:57:16,418 - main - INFO - Move pan: 35
2025-12-19 17:57:17,768 - main - INFO - Move tilt: -3
2025-12-19 17:57:18,770 - main - INFO - Set icon: black.png
2025-12-19 17:57:19,271 - main - INFO - Set icon: listening.png
2025-12-19 17:57:21,175 - main - INFO - Set icon: black.png
2025-12-19 17:57:21,677 - main - INFO - Set icon: listening.png
2025-12-19 17:57:22,528 - main - INFO - Move pan: 35
2025-12-19 17:57:24,382 - main - INFO - Set icon: black.png
2025-12-19 17:57:24,883 - main - INFO - Set icon: listening.png
2025-12-19 17:57:26,081 - main - INFO - Set icon: black.png
2025-12-19 17:57:26,583 - main - INFO - Set icon: listening.png
2025-12-19 17:57:27,760 - main - INFO - Move pan: 35
2025-12-19 17:57:29,129 - main - INFO - Set icon: black.png
2025-12-19 17:57:29,631 - main - INFO - Set icon: listening.png
2025-12-19 17:57:30,876 - main - INFO - Move pan: -35
2025-12-19 17:57:32,601 - main - INFO - Move pan: 35
2025-12-19 17:57:34,484 - main - INFO - Toggle behaviour
2025-12-19 17:57:36,508 - main - INFO - Toggle behaviour
2025-12-19 17:57:37,009 - main - INFO - Set icon: black.png
2025-12-19 17:57:38,220 - main - INFO - Set icon: listening.png
2025-12-19 17:57:39,159 - main - INFO - Move pan: 35
2025-12-19 17:57:41,660 - main - INFO - Move pan: -35
2025-12-19 17:57:43,048 - main - INFO - Move pan: 35
2025-12-19 17:57:46,261 - main - INFO - Set icon: speaking.png
2025-12-19 17:57:47,262 - main - INFO - Set icon: listening.png
2025-12-19 17:57:48,485 - main - INFO - Move tilt: -3
2025-12-19 17:57:49,486 - main - INFO - Set icon: black.png
2025-12-19 17:57:49,988 - main - INFO - Set icon: listening.png
2025-12-19 17:57:51,289 - main - INFO - Move pan: 35
2025-12-19 17:57:52,698 - main - INFO - Set icon: black.png
2025-12-19 17:57:53,199 - main - INFO - Set icon: listening.png
2025-12-19 17:57:54,468 - main - INFO - Move pan: 35
2025-12-19 17:57:55,870 - main - INFO - Move tilt: -3
2025-12-19 17:57:56,871 - main - INFO - Set icon: black.png
2025-12-19 17:57:57,372 - main - INFO - Set icon: listening.png
2025-12-19 17:57:58,239 - main - INFO - Move pan: 35
2025-12-19 17:57:59,931 - main - INFO - Move pan: -35
2025-12-19 17:58:01,761 - main - INFO - Move pan: 35
2025-12-19 17:58:03,190 - main - INFO - Set icon: black.png
2025-12-19 17:58:03,692 - main - INFO - Set icon: listening.png
2025-12-19 17:58:05,139 - main - INFO - Move tilt: -3
2025-12-19 17:58:06,600 - main - INFO - Move pan: 35
2025-12-19 17:58:09,602 - main - INFO - Toggle behaviour
2025-12-19 17:58:13,598 - main - INFO - Move pan: 35
2025-12-19 17:58:18,247 - main - INFO - Move tilt: -3
2025-12-19 17:58:19,975 - main - INFO - Move tilt: -3
2025-12-19 17:58:20,976 - main - INFO - Set icon: black.png
2025-12-19 17:58:22,672 - main - INFO - Set icon: listening.png
2025-12-19 17:58:24,751 - main - INFO - Move pan: -35
2025-12-19 17:58:26,957 - main - INFO - Set icon: black.png
2025-12-19 17:58:27,458 - main - INFO - Set icon: listening.png
2025-12-19 17:58:28,385 - main - INFO - Move pan: 35
2025-12-19 17:58:30,200 - main - INFO - Move pan: 35
2025-12-19 17:58:34,101 - main - INFO - Set icon: black.png
2025-12-19 17:58:37,518 - main - INFO - Set icon: listening.png
2025-12-19 17:58:39,932 - main - INFO - Set icon: black.png
2025-12-19 17:58:43,953 - main - INFO - Set icon: listening.png
2025-12-19 17:58:47,772 - main - INFO - Set icon: black.png
2025-12-19 17:58:48,577 - main - INFO - Set icon: listening.png
2025-12-19 17:58:50,010 - main - INFO - Set icon: speaking.png
2025-12-19 17:58:51,011 - main - INFO - Set icon: black.png
2025-12-19 17:58:51,512 - main - INFO - Set icon: listening.png
2025-12-19 17:58:53,803 - main - INFO - Set icon: black.png
2025-12-19 17:58:55,411 - main - INFO - Set icon: listening.png
2025-12-19 17:58:56,651 - main - INFO - Set icon: black.png
2025-12-19 17:58:57,152 - main - INFO - Set icon: listening.png
2025-12-19 17:58:59,459 - main - INFO - Set icon: black.png
2025-12-19 17:58:59,961 - main - INFO - Set icon: listening.png
2025-12-19 17:59:01,707 - main - INFO - Set icon: black.png
2025-12-19 17:59:02,208 - main - INFO - Set icon: listening.png
2025-12-19 17:59:04,894 - main - INFO - Set icon: black.png
2025-12-19 17:59:05,665 - main - INFO - Set icon: listening.png
2025-12-19 17:59:07,089 - main - INFO - Set icon: black.png
2025-12-19 17:59:07,590 - main - INFO - Set icon: listening.png
2025-12-19 17:59:09,283 - main - INFO - Set icon: black.png
2025-12-19 17:59:09,885 - main - INFO - Set icon: listening.png
2025-12-19 17:59:11,558 - main - INFO - Set icon: black.png
2025-12-19 17:59:20,138 - main - INFO - Set icon: listening.png
2025-12-19 17:59:21,781 - main - INFO - Set icon: black.png
2025-12-19 17:59:22,283 - main - INFO - Set icon: listening.png
2025-12-19 17:59:28,581 - main - INFO - Set icon: black.png
2025-12-19 17:59:31,798 - main - INFO - Set icon: listening.png
2025-12-19 17:59:34,411 - main - INFO - Set icon: black.png
2025-12-19 17:59:35,416 - main - INFO - Set icon: listening.png
2025-12-19 17:59:38,029 - main - INFO - Set icon: black.png
2025-12-19 17:59:38,834 - main - INFO - Set icon: listening.png
2025-12-19 17:59:40,844 - main - INFO - Set icon: black.png
2025-12-19 17:59:41,345 - main - INFO - Set icon: listening.png
2025-12-19 17:59:42,735 - main - INFO - Set icon: speaking.png
2025-12-19 17:59:43,736 - main - INFO - Set icon: listening.png
2025-12-19 17:59:45,062 - main - INFO - Move pan: -35
2025-12-19 17:59:46,487 - main - INFO - Set icon: black.png
2025-12-19 17:59:46,989 - main - INFO - Set icon: listening.png
2025-12-19 17:59:48,184 - main - INFO - Move pan: 35
2025-12-19 17:59:50,115 - main - INFO - Move pan: 35
2025-12-19 17:59:51,992 - main - INFO - Set icon: black.png
2025-12-19 17:59:52,493 - main - INFO - Set icon: listening.png
2025-12-19 17:59:53,811 - main - INFO - Set icon: black.png
2025-12-19 17:59:54,314 - main - INFO - Set icon: listening.png
2025-12-19 17:59:55,865 - main - INFO - Set icon: black.png
2025-12-19 17:59:56,928 - main - INFO - Set icon: listening.png
2025-12-19 18:00:00,950 - main - INFO - Set icon: black.png
2025-12-19 18:00:02,156 - main - INFO - Set icon: listening.png
2025-12-19 18:00:03,514 - main - INFO - Set icon: black.png
2025-12-19 18:00:05,573 - main - INFO - Set icon: listening.png
2025-12-19 18:00:06,981 - main - INFO - Set icon: black.png
2025-12-19 18:00:07,785 - main - INFO - Set icon: listening.png
2025-12-19 18:00:11,238 - main - INFO - Set icon: black.png
2025-12-19 18:00:11,739 - main - INFO - Set icon: listening.png
2025-12-19 18:00:13,090 - main - INFO - Set icon: speaking.png
2025-12-19 18:00:14,092 - main - INFO - Set icon: listening.png
2025-12-19 18:00:15,783 - main - INFO - Set icon: black.png
2025-12-19 18:00:16,284 - main - INFO - Set icon: listening.png
2025-12-19 18:00:18,675 - main - INFO - Move pan: -35
2025-12-19 18:00:20,484 - main - INFO - Move pan: -35
2025-12-19 18:00:23,807 - main - INFO - Set icon: black.png
2025-12-19 18:00:24,309 - main - INFO - Set icon: listening.png
2025-12-19 18:00:25,797 - main - INFO - Set icon: black.png
2025-12-19 18:00:26,298 - main - INFO - Set icon: listening.png
2025-12-19 18:00:27,724 - main - INFO - Set icon: black.png
2025-12-19 18:00:28,902 - main - INFO - Set icon: listening.png
2025-12-19 18:00:30,257 - main - INFO - Set icon: black.png
2025-12-19 18:00:32,922 - main - INFO - Set icon: listening.png
2025-12-19 18:00:34,162 - main - INFO - Set icon: black.png
2025-12-19 18:00:35,335 - main - INFO - Set icon: listening.png
2025-12-19 18:00:36,351 - main - INFO - Move pan: 35
2025-12-19 18:00:37,781 - main - INFO - Set icon: black.png
2025-12-19 18:00:38,282 - main - INFO - Set icon: listening.png
2025-12-19 18:00:39,204 - main - INFO - Move pan: -35
2025-12-19 18:00:40,629 - main - INFO - Set icon: black.png
2025-12-19 18:00:41,767 - main - INFO - Set icon: listening.png
2025-12-19 18:00:43,036 - main - INFO - Set icon: black.png
2025-12-19 18:00:43,537 - main - INFO - Set icon: listening.png
2025-12-19 18:00:46,209 - main - INFO - Set icon: black.png
2025-12-19 18:00:46,710 - main - INFO - Set icon: listening.png
2025-12-19 18:00:48,200 - main - INFO - Set icon: black.png
2025-12-19 18:00:56,845 - main - INFO - Set icon: listening.png
2025-12-19 18:00:58,529 - main - INFO - Set icon: black.png
2025-12-19 18:00:59,030 - main - INFO - Set icon: listening.png
2025-12-19 18:01:00,360 - main - INFO - Set icon: black.png
2025-12-19 18:01:00,861 - main - INFO - Set icon: listening.png
2025-12-19 18:01:02,598 - main - INFO - Set icon: black.png
2025-12-19 18:01:04,082 - main - INFO - Set icon: listening.png
2025-12-19 18:01:05,892 - main - INFO - Set icon: black.png
2025-12-19 18:01:06,495 - main - INFO - Set icon: listening.png
2025-12-19 18:01:11,319 - main - INFO - Set icon: black.png
2025-12-19 18:01:11,820 - main - INFO - Set icon: listening.png
2025-12-19 18:01:18,354 - main - INFO - Set icon: black.png
2025-12-19 18:01:20,365 - main - INFO - Set icon: listening.png
2025-12-19 18:01:33,354 - main - INFO - Set icon: black.png
2025-12-19 18:01:33,856 - main - INFO - Set icon: listening.png
2025-12-19 18:01:35,711 - main - INFO - Set icon: black.png
2025-12-19 18:01:38,255 - main - INFO - Set icon: listening.png
2025-12-19 18:01:39,702 - main - INFO - Set icon: black.png
2025-12-19 18:01:40,203 - main - INFO - Set icon: listening.png
2025-12-19 18:01:41,756 - main - INFO - Set icon: black.png
2025-12-19 18:01:45,089 - main - INFO - Set icon: listening.png
2025-12-19 18:01:51,724 - main - INFO - Set icon: black.png
2025-12-19 18:01:52,327 - main - INFO - Set icon: listening.png
2025-12-19 18:01:58,559 - main - INFO - Set icon: black.png
2025-12-19 18:01:59,363 - main - INFO - Set icon: listening.png
2025-12-19 18:02:02,378 - main - INFO - Set icon: black.png
2025-12-19 18:02:04,790 - main - INFO - Set icon: listening.png
2025-12-19 18:02:06,399 - main - INFO - Set icon: black.png
2025-12-19 18:02:10,418 - main - INFO - Set icon: listening.png
2025-12-19 18:02:12,429 - main - INFO - Set icon: black.png
2025-12-19 18:02:12,930 - main - INFO - Set icon: listening.png
2025-12-19 18:02:15,646 - main - INFO - Set icon: black.png
2025-12-19 18:02:18,460 - main - INFO - Set icon: listening.png
2025-12-19 18:02:25,575 - main - INFO - Toggle behaviour
2025-12-19 18:02:27,903 - main - INFO - Move pan: -35
2025-12-19 18:02:29,443 - main - INFO - Move tilt: -3
2025-12-19 18:02:31,294 - main - INFO - Move tilt: -3
2025-12-19 18:02:35,972 - main - INFO - Toggle behaviour
2025-12-19 18:02:37,997 - main - INFO - Toggle behaviour
2025-12-19 18:02:43,017 - main - INFO - Toggle behaviour
2025-12-19 18:02:45,049 - main - INFO - Toggle behaviour
2025-12-19 18:02:47,812 - main - INFO - Set icon: black.png
2025-12-19 18:02:48,615 - main - INFO - Set icon: listening.png
2025-12-19 18:02:49,557 - main - INFO - Move pan: 35
2025-12-19 18:02:50,980 - main - INFO - Move tilt: -3
2025-12-19 18:02:52,714 - main - INFO - Move pan: 35
2025-12-19 18:02:55,247 - main - INFO - Set icon: speaking.png
2025-12-19 18:02:56,249 - main - INFO - Set icon: listening.png
2025-12-19 18:03:00,133 - main - INFO - Move tilt: -3
2025-12-19 18:03:03,490 - main - INFO - Set icon: black.png
2025-12-19 18:03:04,697 - main - INFO - Set icon: listening.png
2025-12-19 18:03:06,164 - main - INFO - Move pan: 35
2025-12-19 18:03:10,325 - main - INFO - Set icon: black.png
2025-12-19 18:03:16,958 - main - INFO - Set icon: listening.png
2025-12-19 18:03:17,861 - main - INFO - Move pan: 35
2025-12-19 18:03:19,574 - main - INFO - Move tilt: -3
2025-12-19 18:03:20,978 - main - INFO - Set icon: black.png
2025-12-19 18:03:21,782 - main - INFO - Set icon: listening.png
2025-12-19 18:03:22,907 - main - INFO - Move pan: 35
2025-12-19 18:03:24,271 - main - INFO - Set icon: black.png
2025-12-19 18:03:24,773 - main - INFO - Set icon: listening.png
2025-12-19 18:03:26,086 - main - INFO - Move pan: 35
2025-12-19 18:03:27,848 - main - INFO - Move pan: 35
2025-12-19 18:03:30,651 - main - INFO - Move tilt: -3
2025-12-19 18:03:33,041 - main - INFO - Set icon: black.png
2025-12-19 18:03:33,644 - main - INFO - Set icon: listening.png
2025-12-19 18:03:34,601 - main - INFO - Move pan: 35
2025-12-19 18:03:45,116 - main - INFO - Toggle behaviour
2025-12-19 18:03:47,142 - main - INFO - Toggle behaviour
2025-12-19 18:03:52,157 - main - INFO - Toggle behaviour
2025-12-19 18:03:54,192 - main - INFO - Toggle behaviour
2025-12-19 18:03:59,226 - main - INFO - Toggle behaviour
2025-12-19 18:04:01,249 - main - INFO - Toggle behaviour
2025-12-19 18:04:05,626 - main - INFO - Move pan: 35
2025-12-19 18:04:07,064 - main - INFO - Move tilt: -3
2025-12-19 18:04:08,065 - main - INFO - Set icon: black.png
2025-12-19 18:04:11,435 - main - INFO - Set icon: listening.png
2025-12-19 18:04:12,779 - main - INFO - Move pan: 35
2025-12-19 18:04:14,217 - main - INFO - Move tilt: -3
2025-12-19 18:04:15,661 - main - INFO - Move pan: -35
2025-12-19 18:04:16,973 - main - INFO - Move tilt: -3
2025-12-19 18:04:17,974 - main - INFO - Set icon: black.png
2025-12-19 18:04:18,475 - main - INFO - Set icon: listening.png
2025-12-19 18:04:19,780 - main - INFO - Move pan: 35
2025-12-19 18:04:23,297 - main - INFO - Set icon: black.png
2025-12-19 18:04:23,798 - main - INFO - Set icon: listening.png
2025-12-19 18:04:24,678 - main - INFO - Move pan: 35
2025-12-19 18:04:26,468 - main - INFO - Set icon: black.png
2025-12-19 18:04:28,726 - main - INFO - Set icon: listening.png
2025-12-19 18:04:30,326 - main - INFO - Set image: star.png
2025-12-19 18:04:32,545 - main - INFO - Set image: blink.gif
2025-12-19 18:04:33,047 - main - INFO - Set icon: black.png
2025-12-19 18:04:34,154 - main - INFO - Set icon: listening.png
2025-12-19 18:04:35,006 - main - INFO - Move pan: 35
2025-12-19 18:04:36,497 - main - INFO - Move tilt: -3
2025-12-19 18:04:44,432 - main - INFO - Toggle behaviour
2025-12-19 18:04:46,455 - main - INFO - Toggle behaviour
2025-12-19 18:04:50,837 - main - INFO - Set icon: black.png
2025-12-19 18:04:54,455 - main - INFO - Set icon: listening.png
2025-12-19 18:04:55,269 - main - INFO - Move pan: 35
2025-12-19 18:04:56,737 - main - INFO - Move tilt: -3
2025-12-19 18:04:57,739 - main - INFO - Set icon: black.png
2025-12-19 18:04:58,240 - main - INFO - Set icon: speaking.png
2025-12-19 18:04:59,241 - main - INFO - Set icon: listening.png
2025-12-19 18:05:00,096 - main - INFO - Move pan: 35
2025-12-19 18:05:01,643 - main - INFO - Toggle behaviour
2025-12-19 18:05:04,669 - main - INFO - Toggle behaviour
2025-12-19 18:05:05,170 - main - INFO - Set icon: black.png
2025-12-19 18:05:05,672 - main - INFO - Set icon: listening.png
2025-12-19 18:05:07,046 - main - INFO - Move tilt: -3
2025-12-19 18:05:08,070 - main - INFO - Toggle behaviour
2025-12-19 18:05:10,099 - main - INFO - Toggle behaviour
2025-12-19 18:05:13,620 - main - INFO - Move pan: 35
2025-12-19 18:05:15,046 - main - INFO - Set icon: black.png
2025-12-19 18:05:15,548 - main - INFO - Set icon: listening.png
2025-12-19 18:05:17,147 - main - INFO - Set icon: black.png
2025-12-19 18:05:17,649 - main - INFO - Set icon: listening.png
2025-12-19 18:05:18,463 - main - INFO - Move pan: 35
2025-12-19 18:05:22,798 - main - INFO - Set icon: black.png
2025-12-19 18:05:24,408 - main - INFO - Set icon: listening.png
2025-12-19 18:05:25,311 - main - INFO - Move pan: -35
2025-12-19 18:05:27,321 - main - INFO - Move pan: -35
2025-12-19 18:05:28,700 - main - INFO - Set icon: black.png
2025-12-19 18:05:29,201 - main - INFO - Set icon: listening.png
2025-12-19 18:05:30,910 - main - INFO - Move tilt: -3
2025-12-19 18:05:31,911 - main - INFO - Set icon: black.png
2025-12-19 18:05:32,412 - main - INFO - Set icon: listening.png
2025-12-19 18:05:33,596 - main - INFO - Move pan: -35
2025-12-19 18:05:35,047 - main - INFO - Set icon: black.png
2025-12-19 18:05:35,548 - main - INFO - Set icon: listening.png
2025-12-19 18:05:36,801 - main - INFO - Move pan: -35
2025-12-19 18:05:38,741 - main - INFO - Move pan: -35
2025-12-19 18:05:41,065 - main - INFO - Set icon: black.png
2025-12-19 18:05:41,566 - main - INFO - Set icon: listening.png
2025-12-19 18:05:42,478 - main - INFO - Move pan: -35
2025-12-19 18:05:48,156 - main - INFO - Toggle behaviour
2025-12-19 18:05:50,411 - main - INFO - Move pan: -35
2025-12-19 18:05:51,811 - main - INFO - Move tilt: -3
2025-12-19 18:05:56,791 - main - INFO - Toggle behaviour
2025-12-19 18:05:58,816 - main - INFO - Toggle behaviour
2025-12-19 18:06:03,832 - main - INFO - Toggle behaviour
2025-12-19 18:06:05,858 - main - INFO - Toggle behaviour
2025-12-19 18:06:07,061 - main - INFO - Move pan: 35
2025-12-19 18:06:08,478 - main - INFO - Move tilt: -3
2025-12-19 18:06:10,354 - main - INFO - Move pan: -35
2025-12-19 18:06:12,094 - main - INFO - Move pan: -35
2025-12-19 18:06:14,123 - main - INFO - Move pan: 35
2025-12-19 18:06:15,939 - main - INFO - Move pan: 35
2025-12-19 18:06:17,327 - main - INFO - Set icon: black.png
2025-12-19 18:06:17,828 - main - INFO - Set icon: listening.png
2025-12-19 18:06:19,267 - main - INFO - Move pan: -35
2025-12-19 18:06:22,211 - main - INFO - Move pan: 35
2025-12-19 18:06:26,187 - main - INFO - Toggle behaviour
2025-12-19 18:06:28,211 - main - INFO - Toggle behaviour
2025-12-19 18:06:30,405 - main - INFO - Move pan: 35
2025-12-19 18:06:33,770 - main - INFO - Move pan: -35
2025-12-19 18:06:35,575 - main - INFO - Move pan: -35
2025-12-19 18:06:37,274 - main - INFO - Set icon: black.png
2025-12-19 18:06:37,777 - main - INFO - Set icon: listening.png
2025-12-19 18:06:38,699 - main - INFO - Move pan: 35
2025-12-19 18:06:41,740 - main - INFO - Move pan: -35
2025-12-19 18:06:44,469 - main - INFO - Set icon: black.png
2025-12-19 18:06:45,344 - main - INFO - Move pan: -35
2025-12-19 18:06:47,150 - main - INFO - Set icon: listening.png
2025-12-19 18:06:48,458 - main - INFO - Set icon: black.png
2025-12-19 18:06:48,959 - main - INFO - Set icon: listening.png
2025-12-19 18:06:50,839 - main - INFO - Set icon: speaking.png
2025-12-19 18:06:57,695 - main - INFO - Set icon: black.png
2025-12-19 18:06:58,196 - main - INFO - Set icon: speaking.png
2025-12-19 18:07:07,749 - main - INFO - Set icon: black.png
2025-12-19 18:07:08,251 - main - INFO - Set icon: speaking.png
2025-12-19 18:07:17,245 - main - INFO - Set icon: black.png
2025-12-19 18:07:19,257 - main - INFO - Set icon: speaking.png
2025-12-19 18:07:20,258 - main - INFO - Set icon: listening.png
2025-12-19 18:07:21,180 - main - INFO - Move pan: 35
2025-12-19 18:07:23,043 - main - INFO - Move pan: 35
2025-12-19 18:07:24,457 - main - INFO - Set icon: speaking.png
2025-12-19 18:07:33,832 - main - INFO - Move pan: 0
2025-12-19 18:07:35,199 - main - INFO - Set icon: black.png
2025-12-19 18:07:35,700 - main - INFO - Set icon: listening.png
2025-12-19 18:07:36,613 - main - INFO - Move pan: -35
2025-12-19 18:07:38,016 - main - INFO - Set icon: black.png
2025-12-19 18:07:38,519 - main - INFO - Set icon: listening.png
2025-12-19 18:07:39,398 - main - INFO - Move pan: 35
2025-12-19 18:07:41,549 - main - INFO - Move pan: 35
2025-12-19 18:07:44,073 - main - INFO - Move pan: -35
2025-12-19 18:07:45,936 - main - INFO - Move pan: -35
2025-12-19 18:07:47,447 - main - INFO - Set icon: black.png
2025-12-19 18:07:47,948 - main - INFO - Set icon: listening.png
2025-12-19 18:07:49,160 - main - INFO - Set icon: black.png
2025-12-19 18:07:51,246 - main - INFO - Set icon: listening.png
2025-12-19 18:07:53,200 - main - INFO - Move pan: 35
2025-12-19 18:07:56,989 - main - INFO - Move pan: -35
2025-12-19 18:07:58,719 - main - INFO - Move pan: -35
2025-12-19 18:08:00,154 - main - INFO - Set icon: black.png
2025-12-19 18:08:00,995 - main - INFO - Move pan: 35
2025-12-19 18:08:02,292 - main - INFO - Set icon: listening.png
2025-12-19 18:08:03,246 - main - INFO - Move pan: -35
2025-12-19 18:08:04,983 - main - INFO - Move pan: 35
2025-12-19 18:08:06,524 - main - INFO - Set icon: black.png
2025-12-19 18:08:07,931 - main - INFO - Set icon: listening.png
2025-12-19 18:08:19,994 - main - INFO - Set icon: black.png
2025-12-19 18:08:20,597 - main - INFO - Set icon: listening.png
2025-12-19 18:08:21,849 - main - INFO - Set icon: black.png
2025-12-19 18:08:23,411 - main - INFO - Set icon: listening.png
2025-12-19 18:08:29,239 - main - INFO - Set icon: black.png
2025-12-19 18:08:29,843 - main - INFO - Set icon: listening.png
2025-12-19 18:08:31,368 - main - INFO - Set icon: black.png
2025-12-19 18:08:31,870 - main - INFO - Set icon: listening.png
2025-12-19 18:08:34,065 - main - INFO - Set icon: black.png
2025-12-19 18:08:34,869 - main - INFO - Set icon: listening.png
2025-12-19 18:08:37,515 - main - INFO - Set icon: black.png
2025-12-19 18:08:38,016 - main - INFO - Set icon: listening.png
2025-12-19 18:08:39,321 - main - INFO - Set icon: black.png
2025-12-19 18:08:39,822 - main - INFO - Set icon: listening.png
2025-12-19 18:08:41,400 - main - INFO - Set icon: black.png
2025-12-19 18:08:46,530 - main - INFO - Set icon: listening.png
2025-12-19 18:08:48,929 - main - INFO - Set icon: black.png
2025-12-19 18:08:51,755 - main - INFO - Set icon: listening.png
2025-12-19 18:08:53,766 - main - INFO - Set icon: speaking.png
2025-12-19 18:08:54,767 - main - INFO - Set icon: listening.png
2025-12-19 18:08:56,981 - main - INFO - Set icon: black.png
2025-12-19 18:08:57,482 - main - INFO - Set icon: listening.png
2025-12-19 18:08:58,863 - main - INFO - Set icon: black.png
2025-12-19 18:08:59,364 - main - INFO - Set icon: listening.png
2025-12-19 18:09:00,912 - main - INFO - Set icon: black.png
2025-12-19 18:09:01,606 - main - INFO - Set icon: listening.png
2025-12-19 18:09:04,219 - main - INFO - Set icon: black.png
2025-12-19 18:09:04,720 - main - INFO - Set icon: listening.png
2025-12-19 18:09:18,534 - main - INFO - Move pan: -35
2025-12-19 18:09:20,018 - main - INFO - Set icon: black.png
2025-12-19 18:09:20,520 - main - INFO - Set icon: listening.png
2025-12-19 18:09:21,475 - main - INFO - Move pan: 35
2025-12-19 18:09:22,791 - main - INFO - Set icon: black.png
2025-12-19 18:09:23,590 - main - INFO - Move pan: 35
2025-12-19 18:09:24,945 - main - INFO - Set icon: listening.png
2025-12-19 18:09:26,352 - main - INFO - Set icon: black.png
2025-12-19 18:09:26,854 - main - INFO - Set icon: listening.png
2025-12-19 18:09:28,122 - main - INFO - Set icon: black.png
2025-12-19 18:09:29,346 - main - INFO - Set icon: listening.png
2025-12-19 18:09:30,295 - main - INFO - Move pan: -35
2025-12-19 18:09:31,687 - main - INFO - Set icon: black.png
2025-12-19 18:09:36,985 - main - INFO - Set icon: listening.png
2025-12-19 18:09:40,001 - main - INFO - Set icon: black.png
2025-12-19 18:09:40,502 - main - INFO - Set icon: listening.png
2025-12-19 18:09:41,725 - main - INFO - Set icon: black.png
2025-12-19 18:09:42,815 - main - INFO - Set icon: listening.png
2025-12-19 18:09:44,451 - main - INFO - Set icon: black.png
2025-12-19 18:09:44,953 - main - INFO - Set icon: listening.png
2025-12-19 18:09:46,156 - main - INFO - Set icon: black.png
2025-12-19 18:09:51,460 - main - INFO - Set icon: listening.png
2025-12-19 18:09:55,280 - main - INFO - Set icon: black.png
2025-12-19 18:09:56,485 - main - INFO - Set icon: listening.png
2025-12-19 18:09:58,436 - main - INFO - Set icon: black.png
2025-12-19 18:09:58,937 - main - INFO - Set icon: listening.png
2025-12-19 18:10:00,276 - main - INFO - Set icon: black.png
2025-12-19 18:10:00,777 - main - INFO - Set icon: listening.png
2025-12-19 18:10:02,075 - main - INFO - Set icon: black.png
2025-12-19 18:10:02,577 - main - INFO - Set icon: listening.png
2025-12-19 18:10:03,919 - main - INFO - Set icon: black.png
2025-12-19 18:10:05,932 - main - INFO - Set icon: listening.png
2025-12-19 18:10:07,338 - main - INFO - Set icon: black.png
2025-12-19 18:10:09,551 - main - INFO - Set icon: listening.png
2025-12-19 18:10:14,980 - main - INFO - Set icon: black.png
2025-12-19 18:10:16,187 - main - INFO - Set icon: listening.png
2025-12-19 18:10:20,200 - main - INFO - Set icon: black.png
2025-12-19 18:10:20,701 - main - INFO - Set icon: listening.png
2025-12-19 18:10:22,150 - main - INFO - Set icon: black.png
2025-12-19 18:10:22,652 - main - INFO - Set icon: listening.png
2025-12-19 18:10:24,234 - main - INFO - Set icon: black.png
2025-12-19 18:10:24,735 - main - INFO - Set icon: listening.png
2025-12-19 18:10:30,871 - main - INFO - Set icon: black.png
2025-12-19 18:10:31,372 - main - INFO - Set icon: listening.png
2025-12-19 18:10:35,394 - main - INFO - Set icon: black.png
2025-12-19 18:10:35,895 - main - INFO - Set icon: listening.png
2025-12-19 18:10:37,198 - main - INFO - Set icon: black.png
2025-12-19 18:10:37,699 - main - INFO - Set icon: listening.png
2025-12-19 18:10:39,314 - main - INFO - Set icon: black.png
2025-12-19 18:10:39,917 - main - INFO - Set icon: listening.png
2025-12-19 18:10:41,891 - main - INFO - Set icon: black.png
2025-12-19 18:10:43,334 - main - INFO - Set icon: listening.png
2025-12-19 18:10:47,555 - main - INFO - Set icon: black.png
2025-12-19 18:10:48,963 - main - INFO - Set icon: listening.png
2025-12-19 18:10:51,884 - main - INFO - Set icon: black.png
2025-12-19 18:10:54,793 - main - INFO - Set icon: listening.png
2025-12-19 18:10:58,812 - main - INFO - Set icon: black.png
2025-12-19 18:10:59,817 - main - INFO - Set icon: listening.png
2025-12-19 18:11:01,827 - main - INFO - Set icon: black.png
2025-12-19 18:11:02,328 - main - INFO - Set icon: listening.png
2025-12-19 18:11:05,244 - main - INFO - Set icon: black.png
2025-12-19 18:11:05,745 - main - INFO - Set icon: listening.png
2025-12-19 18:11:07,074 - main - INFO - Set icon: black.png
2025-12-19 18:11:07,575 - main - INFO - Set icon: listening.png
2025-12-19 18:11:08,970 - main - INFO - Set icon: black.png
2025-12-19 18:11:09,472 - main - INFO - Set icon: listening.png
2025-12-19 18:11:12,025 - main - INFO - Set icon: black.png
2025-12-19 18:11:12,527 - main - INFO - Set icon: listening.png
2025-12-19 18:11:18,159 - main - INFO - Toggle behaviour
2025-12-19 18:11:20,189 - main - INFO - Toggle behaviour
2025-12-19 18:11:22,767 - main - INFO - Move pan: 35
2025-12-19 18:11:26,740 - main - INFO - Move pan: -35
2025-12-19 18:11:29,000 - main - INFO - Move pan: 35
2025-12-19 18:11:33,196 - main - INFO - Move pan: -35
2025-12-19 18:11:36,405 - main - INFO - Set icon: black.png
2025-12-19 18:11:38,415 - main - INFO - Set icon: listening.png
2025-12-19 18:11:49,094 - main - INFO - Toggle behaviour
2025-12-19 18:11:51,163 - main - INFO - Toggle behaviour
2025-12-19 18:11:56,130 - main - INFO - Toggle behaviour
2025-12-19 18:12:03,152 - main - INFO - Toggle behaviour
2025-12-19 18:12:05,177 - main - INFO - Toggle behaviour
2025-12-19 18:12:06,559 - main - INFO - Set icon: black.png
2025-12-19 18:12:07,363 - main - INFO - Set icon: listening.png
2025-12-19 18:12:09,774 - main - INFO - Set icon: black.png
2025-12-19 18:12:11,985 - main - INFO - Set icon: listening.png
2025-12-19 18:12:12,931 - main - INFO - Move pan: 35
2025-12-19 18:12:15,233 - main - INFO - Move pan: -35
2025-12-19 18:12:16,610 - main - INFO - Move tilt: -3
2025-12-19 18:12:18,233 - main - INFO - Move pan: -35
2025-12-19 18:12:20,053 - main - INFO - Move pan: 35
2025-12-19 18:12:21,868 - main - INFO - Set icon: black.png
2025-12-19 18:12:22,369 - main - INFO - Set icon: listening.png
2025-12-19 18:12:23,224 - main - INFO - Move pan: -35
2025-12-19 18:12:24,606 - main - INFO - Set icon: black.png
2025-12-19 18:12:25,108 - main - INFO - Set icon: listening.png
2025-12-19 18:12:26,001 - main - INFO - Move pan: -35
2025-12-19 18:12:30,751 - main - INFO - Set icon: black.png
2025-12-19 18:12:38,521 - main - INFO - Set icon: speaking.png
2025-12-19 18:12:39,728 - main - INFO - Set icon: black.png
2025-12-19 18:12:40,533 - main - INFO - Set icon: speaking.png
2025-12-19 18:13:01,849 - main - INFO - Set icon: listening.png
2025-12-19 18:13:02,796 - main - INFO - Move pan: -35
2025-12-19 18:13:04,116 - main - INFO - Move tilt: -3
2025-12-19 18:13:05,118 - main - INFO - Set icon: speaking.png
2025-12-19 18:13:06,119 - main - INFO - Set icon: black.png
2025-12-19 18:13:08,082 - main - INFO - Set icon: listening.png
2025-12-19 18:13:09,072 - main - INFO - Move pan: -35
2025-12-19 18:13:12,449 - main - INFO - Move pan: 35
2025-12-19 18:13:13,858 - main - INFO - Move tilt: -3
2025-12-19 18:13:15,632 - main - INFO - Move pan: -35
2025-12-19 18:13:17,491 - main - INFO - Move pan: -35
2025-12-19 18:13:19,660 - main - INFO - Move pan: -35
2025-12-19 18:13:21,551 - main - INFO - Set icon: black.png
2025-12-19 18:13:23,159 - main - INFO - Set icon: listening.png
2025-12-19 18:13:24,100 - main - INFO - Move pan: -35
2025-12-19 18:13:26,732 - main - INFO - Set icon: black.png
2025-12-19 18:13:28,732 - main - INFO - Set icon: listening.png
2025-12-19 18:13:29,708 - main - INFO - Move pan: 35
2025-12-19 18:13:31,211 - main - INFO - Move tilt: -3
2025-12-19 18:13:32,712 - main - INFO - Move pan: -35
2025-12-19 18:13:34,504 - main - INFO - Move pan: 35
2025-12-19 18:13:36,370 - main - INFO - Move pan: -35
2025-12-19 18:13:37,787 - main - INFO - Set icon: black.png
2025-12-19 18:13:38,287 - main - INFO - Set icon: listening.png
2025-12-19 18:13:39,349 - main - INFO - Move pan: -35
2025-12-19 18:13:41,217 - main - INFO - Move pan: -35
2025-12-19 18:13:42,727 - main - INFO - Set icon: black.png
2025-12-19 18:13:43,228 - main - INFO - Set icon: listening.png
2025-12-19 18:13:44,127 - main - INFO - Move pan: -35
2025-12-19 18:13:45,991 - main - INFO - Set icon: black.png
2025-12-19 18:13:46,493 - main - INFO - Set icon: listening.png
2025-12-19 18:13:48,008 - main - INFO - Move tilt: -3
2025-12-19 18:13:49,924 - main - INFO - Move tilt: -3
2025-12-19 18:13:50,926 - main - INFO - Set icon: black.png
2025-12-19 18:13:58,140 - main - INFO - Set icon: speaking.png
2025-12-19 18:14:02,163 - main - INFO - Set icon: listening.png
2025-12-19 18:14:03,197 - main - INFO - Move pan: -35
2025-12-19 18:14:04,778 - main - INFO - Set icon: speaking.png
2025-12-19 18:14:17,645 - main - INFO - Set icon: black.png
2025-12-19 18:14:18,851 - main - INFO - Set icon: listening.png
2025-12-19 18:14:19,685 - main - INFO - Move pan: -35
2025-12-19 18:14:21,200 - main - INFO - Move tilt: -3
2025-12-19 18:14:22,201 - main - INFO - Set icon: speaking.png
2025-12-19 18:14:23,274 - main - INFO - Set icon: listening.png
2025-12-19 18:14:24,062 - main - INFO - Move pan: 35
2025-12-19 18:14:26,247 - main - INFO - Move tilt: -3
2025-12-19 18:14:27,248 - main - INFO - Set icon: black.png
2025-12-19 18:14:31,318 - main - INFO - Set icon: speaking.png
2025-12-19 18:14:32,324 - main - INFO - Set icon: black.png
2025-12-19 18:14:33,128 - main - INFO - Set icon: speaking.png
2025-12-19 18:14:38,759 - main - INFO - Set icon: listening.png
2025-12-19 18:14:39,639 - main - INFO - Move pan: -35
2025-12-19 18:14:40,979 - main - INFO - Set icon: speaking.png
2025-12-19 18:14:41,981 - main - INFO - Set icon: listening.png
2025-12-19 18:14:42,965 - main - INFO - Move pan: -35
2025-12-19 18:14:44,342 - main - INFO - Move tilt: -3
2025-12-19 18:14:45,343 - main - INFO - Set icon: speaking.png
2025-12-19 18:14:46,344 - main - INFO - Set icon: listening.png
2025-12-19 18:14:47,219 - main - INFO - Move pan: -35
2025-12-19 18:14:49,389 - main - INFO - Move pan: 35
2025-12-19 18:14:51,229 - main - INFO - Move pan: -35
2025-12-19 18:14:52,898 - main - INFO - Set icon: speaking.png
2025-12-19 18:14:53,899 - main - INFO - Set icon: black.png
2025-12-19 18:14:54,400 - main - INFO - Set icon: listening.png
2025-12-19 18:14:56,176 - main - INFO - Set icon: black.png
2025-12-19 18:14:57,257 - main - INFO - Set icon: listening.png
2025-12-19 18:14:59,513 - main - INFO - Move pan: -35
2025-12-19 18:15:00,876 - main - INFO - Set icon: black.png
2025-12-19 18:15:02,485 - main - INFO - Set icon: listening.png
2025-12-19 18:15:03,359 - main - INFO - Move pan: -35
2025-12-19 18:15:05,188 - main - INFO - Move pan: -35
2025-12-19 18:15:06,189 - main - INFO - Set icon: speaking.png
2025-12-19 18:15:07,513 - main - INFO - Set icon: listening.png
2025-12-19 18:15:08,326 - main - INFO - Move pan: 35
2025-12-19 18:15:09,757 - main - INFO - Move tilt: -3
2025-12-19 18:15:10,760 - main - INFO - Set icon: speaking.png
2025-12-19 18:15:11,761 - main - INFO - Set icon: listening.png
2025-12-19 18:15:12,837 - main - INFO - Move pan: -35
2025-12-19 18:15:14,330 - main - INFO - Move tilt: -3
2025-12-19 18:15:17,364 - main - INFO - Set icon: black.png
2025-12-19 18:15:19,777 - main - INFO - Set icon: listening.png
2025-12-19 18:15:20,661 - main - INFO - Move pan: -35
2025-12-19 18:15:22,876 - main - INFO - Move pan: -35
2025-12-19 18:15:24,256 - main - INFO - Set icon: black.png
2025-12-19 18:15:24,757 - main - INFO - Set icon: listening.png
2025-12-19 18:15:26,129 - main - INFO - Move pan: -35
2025-12-19 18:15:27,558 - main - INFO - Move tilt: -3
2025-12-19 18:15:28,560 - main - INFO - Set icon: black.png
2025-12-19 18:15:29,061 - main - INFO - Set icon: speaking.png
2025-12-19 18:15:30,062 - main - INFO - Set icon: black.png
2025-12-19 18:15:30,563 - main - INFO - Set icon: listening.png
2025-12-19 18:15:31,589 - main - INFO - Move pan: -35
2025-12-19 18:15:33,191 - main - INFO - Set icon: black.png
2025-12-19 18:15:33,693 - main - INFO - Set icon: listening.png
2025-12-19 18:15:35,256 - main - INFO - Set icon: black.png
2025-12-19 18:15:35,756 - main - INFO - Set icon: listening.png
2025-12-19 18:15:36,696 - main - INFO - Move pan: -35
2025-12-19 18:15:38,129 - main - INFO - Move tilt: -3
2025-12-19 18:15:39,131 - main - INFO - Set icon: black.png
2025-12-19 18:15:39,632 - main - INFO - Set icon: listening.png
2025-12-19 18:15:40,548 - main - INFO - Move pan: -35
2025-12-19 18:15:42,029 - main - INFO - Set icon: black.png
2025-12-19 18:15:42,531 - main - INFO - Set icon: listening.png
2025-12-19 18:15:43,824 - main - INFO - Move pan: -35
2025-12-19 18:15:45,312 - main - INFO - Set icon: speaking.png
2025-12-19 18:15:46,314 - main - INFO - Set icon: black.png
2025-12-19 18:15:46,815 - main - INFO - Set icon: listening.png
2025-12-19 18:15:47,821 - main - INFO - Move pan: -35
2025-12-19 18:15:49,713 - main - INFO - Set icon: black.png
2025-12-19 18:15:50,214 - main - INFO - Set icon: listening.png
2025-12-19 18:15:51,737 - main - INFO - Set icon: black.png
2025-12-19 18:15:52,341 - main - INFO - Set icon: listening.png
2025-12-19 18:15:54,150 - main - INFO - Set icon: black.png
2025-12-19 18:15:55,959 - main - INFO - Set icon: listening.png
2025-12-19 18:15:56,857 - main - INFO - Move pan: 35
2025-12-19 18:15:59,956 - main - INFO - Move pan: -35
2025-12-19 18:16:01,328 - main - INFO - Set icon: black.png
2025-12-19 18:16:05,406 - main - INFO - Set icon: listening.png
2025-12-19 18:16:07,083 - main - INFO - Move tilt: -3
2025-12-19 18:16:08,084 - main - INFO - Set icon: black.png
2025-12-19 18:16:08,585 - main - INFO - Set icon: listening.png
2025-12-19 18:16:09,863 - main - INFO - Move pan: -35
2025-12-19 18:16:11,207 - main - INFO - Set icon: black.png
2025-12-19 18:16:11,708 - main - INFO - Set icon: listening.png
2025-12-19 18:16:13,277 - main - INFO - Set icon: black.png
2025-12-19 18:16:18,272 - main - INFO - Set icon: listening.png
2025-12-19 18:16:19,274 - main - INFO - Move pan: -35
2025-12-19 18:16:20,683 - main - INFO - Set icon: black.png
2025-12-19 18:16:31,538 - main - INFO - Set icon: speaking.png
2025-12-19 18:16:50,842 - main - INFO - Set icon: black.png
2025-12-19 18:16:56,872 - main - INFO - Set icon: speaking.png
2025-12-19 18:16:57,873 - main - INFO - Set icon: black.png
2025-12-19 18:17:01,294 - main - INFO - Set icon: listening.png
2025-12-19 18:17:02,190 - main - INFO - Move pan: -35
2025-12-19 18:17:03,584 - main - INFO - Move tilt: -3
2025-12-19 18:17:04,586 - main - INFO - Set icon: black.png
2025-12-19 18:17:06,520 - main - INFO - Set icon: listening.png
2025-12-19 18:17:07,400 - main - INFO - Move pan: -35
2025-12-19 18:17:13,591 - main - INFO - Toggle behaviour
2025-12-19 18:17:15,613 - main - INFO - Toggle behaviour
2025-12-19 18:17:18,370 - main - INFO - Move pan: -35
2025-12-19 18:17:20,164 - main - INFO - Set icon: black.png
2025-12-19 18:17:23,005 - main - INFO - Set icon: speaking.png
2025-12-19 18:17:24,814 - main - INFO - Set icon: listening.png
2025-12-19 18:17:25,651 - main - INFO - Move pan: -35
2025-12-19 18:17:27,144 - main - INFO - Set icon: speaking.png
2025-12-19 18:17:43,309 - main - INFO - Set icon: black.png
2025-12-19 18:17:44,314 - main - INFO - Set icon: speaking.png
2025-12-19 18:17:48,939 - main - INFO - Set icon: listening.png
2025-12-19 18:17:50,617 - main - INFO - Move tilt: -3
2025-12-19 18:17:51,999 - main - INFO - Move pan: 0
2025-12-19 18:17:53,765 - main - INFO - Set icon: black.png
2025-12-19 18:17:54,266 - main - INFO - Set icon: speaking.png
2025-12-19 18:17:55,268 - main - INFO - Set icon: listening.png
2025-12-19 18:17:56,104 - main - INFO - Move pan: -35
2025-12-19 18:17:57,550 - main - INFO - Set icon: black.png
2025-12-19 18:17:59,394 - main - INFO - Set icon: listening.png
2025-12-19 18:18:01,204 - main - INFO - Set icon: black.png
2025-12-19 18:18:02,209 - main - INFO - Set icon: listening.png
2025-12-19 18:18:03,473 - main - INFO - Move pan: -35
2025-12-19 18:18:04,883 - main - INFO - Set icon: black.png
2025-12-19 18:18:06,430 - main - INFO - Set icon: listening.png
2025-12-19 18:18:13,492 - main - INFO - Toggle behaviour
2025-12-19 18:18:15,517 - main - INFO - Toggle behaviour
2025-12-19 18:18:16,018 - main - INFO - Set icon: black.png
2025-12-19 18:18:16,519 - main - INFO - Set icon: listening.png
2025-12-19 18:18:20,500 - main - INFO - Set icon: black.png
2025-12-19 18:18:29,555 - main - INFO - Move pan: 35
2025-12-19 18:18:31,005 - main - INFO - Move tilt: -3
2025-12-19 18:18:32,006 - main - INFO - Set icon: listening.png
2025-12-19 18:18:32,947 - main - INFO - Move pan: 35
2025-12-19 18:18:34,354 - main - INFO - Set icon: black.png
2025-12-19 18:18:34,855 - main - INFO - Set icon: listening.png
2025-12-19 18:18:35,787 - main - INFO - Move pan: -35
2025-12-19 18:18:37,287 - main - INFO - Set icon: speaking.png
2025-12-19 18:18:38,289 - main - INFO - Set icon: black.png
2025-12-19 18:18:38,790 - main - INFO - Set icon: listening.png
2025-12-19 18:18:40,566 - main - INFO - Set icon: speaking.png
2025-12-19 18:18:41,566 - main - INFO - Set icon: black.png
2025-12-19 18:18:42,067 - main - INFO - Set icon: speaking.png
2025-12-19 18:18:43,069 - main - INFO - Set icon: black.png
2025-12-19 18:18:43,570 - main - INFO - Set icon: speaking.png
2025-12-19 18:18:44,571 - main - INFO - Set icon: black.png
2025-12-19 18:18:46,030 - main - INFO - Set icon: speaking.png
2025-12-19 18:18:47,639 - main - INFO - Set icon: listening.png
2025-12-19 18:18:48,625 - main - INFO - Move pan: -35
2025-12-19 18:18:50,244 - main - INFO - Move tilt: -3
2025-12-19 18:18:51,246 - main - INFO - Set icon: black.png
2025-12-19 18:18:51,748 - main - INFO - Set icon: speaking.png
2025-12-19 18:18:52,749 - main - INFO - Set icon: listening.png
2025-12-19 18:18:54,158 - main - INFO - Move pan: -35
2025-12-19 18:18:55,494 - main - INFO - Set icon: speaking.png
2025-12-19 18:18:56,496 - main - INFO - Set icon: black.png
2025-12-19 18:18:56,997 - main - INFO - Set icon: speaking.png
2025-12-19 18:18:57,998 - main - INFO - Set icon: black.png
2025-12-19 18:18:58,505 - main - INFO - Set icon: listening.png
2025-12-19 18:18:59,400 - main - INFO - Move pan: -35
2025-12-19 18:19:00,988 - main - INFO - Set icon: black.png
2025-12-19 18:19:01,490 - main - INFO - Set icon: speaking.png
2025-12-19 18:19:02,491 - main - INFO - Set icon: listening.png
2025-12-19 18:19:04,704 - main - INFO - Move pan: -35
2025-12-19 18:19:06,442 - main - INFO - Move pan: -35
2025-12-19 18:19:07,443 - main - INFO - Set icon: black.png
2025-12-19 18:19:10,368 - main - INFO - Set icon: speaking.png
2025-12-19 18:19:11,368 - main - INFO - Set icon: listening.png
2025-12-19 18:19:12,807 - main - INFO - Set icon: black.png
2025-12-19 18:19:13,309 - main - INFO - Set icon: listening.png
2025-12-19 18:19:14,811 - main - INFO - Set icon: black.png
2025-12-19 18:19:15,313 - main - INFO - Set icon: speaking.png
2025-12-19 18:19:16,314 - main - INFO - Set icon: black.png
2025-12-19 18:19:18,207 - main - INFO - Set icon: listening.png
2025-12-19 18:19:19,093 - main - INFO - Move pan: -35
2025-12-19 18:19:21,023 - main - INFO - Set icon: black.png
2025-12-19 18:19:22,474 - main - INFO - === Application Terminated ===
