2025-12-19 17:18:19,033 - nvd_autonomous - INFO - Autonomous control initialized
2025-12-19 17:18:24,043 - nvd_autonomous - INFO - Start Talking: 3
2025-12-19 17:18:24,043 - nvd_autonomous - INFO - Move to: [35, -3]
2025-12-19 17:18:26,656 - nvd_autonomous - INFO - Start Talking: 1
2025-12-19 17:18:26,656 - nvd_autonomous - INFO - Move to: [-35, -3]
2025-12-19 17:18:27,861 - nvd_autonomous - INFO - Robot start talking
2025-12-19 17:18:28,062 - nvd_autonomous - INFO - Robot start talking
2025-12-19 17:18:28,263 - nvd_autonomous - INFO - Start Talking: 1
2025-12-19 17:18:28,263 - nvd_autonomous - INFO - Move to: [-35, -3]
2025-12-19 17:18:28,866 - nvd_autonomous - INFO - Start Talking: 3
2025-12-19 17:18:28,866 - nvd_autonomous - INFO - Move to: [35, -3]
2025-12-19 17:18:29,068 - nvd_autonomous - INFO - Start Talking: 0
2025-12-19 17:18:29,068 - nvd_autonomous - INFO - Move to: [-35, -3]
2025-12-19 17:18:29,671 - nvd_autonomous - INFO - No one talking
2025-12-19 17:18:34,699 - nvd_autonomous - INFO - Start Talking: 1
2025-12-19 17:18:34,699 - nvd_autonomous - INFO - Move to: [-35, -3]
2025-12-19 17:18:37,714 - nvd_autonomous - INFO - Start Talking: 0
2025-12-19 17:18:37,715 - nvd_autonomous - INFO - Move to: [-35, -3]
2025-12-19 17:18:37,916 - nvd_autonomous - INFO - Start Talking: 1
2025-12-19 17:18:37,916 - nvd_autonomous - INFO - Move to: [-35, -3]
2025-12-19 17:18:38,117 - nvd_autonomous - INFO - Robot start talking
2025-12-19 17:18:38,318 - nvd_autonomous - INFO - Robot start talking
2025-12-19 17:18:38,519 - nvd_autonomous - INFO - Robot start talking
2025-12-19 17:18:38,720 - nvd_autonomous - INFO - Start Talking: 1
2025-12-19 17:18:38,720 - nvd_autonomous - INFO - Move to: [-35, -3]
2025-12-19 17:18:40,931 - nvd_autonomous - INFO - No one talking
2025-12-19 17:18:41,132 - nvd_autonomous - INFO - Start Talking: 1
2025-12-19 17:18:41,132 - nvd_autonomous - INFO - Move to: [-35, -3]
2025-12-19 17:18:41,534 - nvd_autonomous - INFO - Start Talking: 1
2025-12-19 17:18:41,534 - nvd_autonomous - INFO - Move to: [-35, -3]
2025-12-19 17:18:43,142 - nvd_autonomous - INFO - Robot start talking
2025-12-19 17:18:43,343 - nvd_autonomous - INFO - Start Talking: 1
2025-12-19 17:18:43,343 - nvd_autonomous - INFO - Move to: [-35, -3]
2025-12-19 17:18:46,157 - nvd_autonomous - INFO - No one talking
2025-12-19 17:18:47,564 - nvd_autonomous - INFO - Start Talking: 3
2025-12-19 17:18:47,564 - nvd_autonomous - INFO - Move to: [35, -3]
2025-12-19 17:18:50,377 - nvd_autonomous - INFO - No one talking
2025-12-19 17:18:55,402 - nvd_autonomous - INFO - Start Talking: 1
2025-12-19 17:18:55,403 - nvd_autonomous - INFO - Move to: [-35, -3]
2025-12-19 17:18:58,217 - nvd_autonomous - INFO - No one talking
2025-12-19 17:19:03,845 - nvd_autonomous - INFO - Robot start talking
2025-12-19 17:19:04,046 - nvd_autonomous - INFO - Robot start talking
2025-12-19 17:19:04,247 - nvd_autonomous - INFO - Robot start talking
2025-12-19 17:19:04,448 - nvd_autonomous - INFO - Robot start talking
2025-12-19 17:19:04,649 - nvd_autonomous - INFO - Robot start talking
2025-12-19 17:19:04,851 - nvd_autonomous - INFO - Robot start talking
2025-12-19 17:19:05,052 - nvd_autonomous - INFO - Robot start talking
2025-12-19 17:19:05,253 - nvd_autonomous - INFO - Robot start talking
2025-12-19 17:19:05,454 - nvd_autonomous - INFO - Robot start talking
2025-12-19 17:19:05,655 - nvd_autonomous - INFO - Robot start talking
2025-12-19 17:19:05,856 - nvd_autonomous - INFO - Start Talking: 1
2025-12-19 17:19:05,857 - nvd_autonomous - INFO - Move to: [-35, -3]
2025-12-19 17:19:06,058 - nvd_autonomous - INFO - Robot start talking
2025-12-19 17:19:06,260 - nvd_autonomous - INFO - Robot start talking
2025-12-19 17:19:06,460 - nvd_autonomous - INFO - Robot start talking
2025-12-19 17:19:06,661 - nvd_autonomous - INFO - Robot start talking
2025-12-19 17:19:06,863 - nvd_autonomous - INFO - Start Talking: 1
2025-12-19 17:19:06,863 - nvd_autonomous - INFO - Move to: [-35, -3]
2025-12-19 17:19:08,873 - nvd_autonomous - INFO - Robot start talking
2025-12-19 17:19:09,074 - nvd_autonomous - INFO - Start Talking: 1
2025-12-19 17:19:09,074 - nvd_autonomous - INFO - Move to: [-35, -3]
2025-12-19 17:19:09,275 - nvd_autonomous - INFO - Robot start talking
2025-12-19 17:19:09,476 - nvd_autonomous - INFO - Robot start talking
2025-12-19 17:19:09,677 - nvd_autonomous - INFO - Start Talking: 1
2025-12-19 17:19:09,677 - nvd_autonomous - INFO - Move to: [-35, -3]
2025-12-19 17:19:09,878 - nvd_autonomous - INFO - Robot start talking
2025-12-19 17:19:10,079 - nvd_autonomous - INFO - Start Talking: 1
2025-12-19 17:19:10,080 - nvd_autonomous - INFO - Move to: [-35, -3]
2025-12-19 17:19:10,281 - nvd_autonomous - INFO - Robot start talking
2025-12-19 17:19:10,482 - nvd_autonomous - INFO - Robot start talking
2025-12-19 17:19:10,683 - nvd_autonomous - INFO - Robot start talking
2025-12-19 17:19:10,884 - nvd_autonomous - INFO - Robot start talking
2025-12-19 17:19:11,085 - nvd_autonomous - INFO - Robot start talking
2025-12-19 17:19:11,286 - nvd_autonomous - INFO - Robot start talking
2025-12-19 17:19:11,487 - nvd_autonomous - INFO - Robot start talking
2025-12-19 17:19:11,688 - nvd_autonomous - INFO - Robot start talking
2025-12-19 17:19:11,889 - nvd_autonomous - INFO - Robot start talking
2025-12-19 17:19:12,090 - nvd_autonomous - INFO - Robot start talking
2025-12-19 17:19:12,291 - nvd_autonomous - INFO - Robot start talking
2025-12-19 17:19:12,492 - nvd_autonomous - INFO - Robot start talking
2025-12-19 17:19:12,694 - nvd_autonomous - INFO - Robot start talking
2025-12-19 17:19:12,895 - nvd_autonomous - INFO - Start Talking: 1
2025-12-19 17:19:12,895 - nvd_autonomous - INFO - Move to: [-35, -3]
2025-12-19 17:19:13,097 - nvd_autonomous - INFO - Robot start talking
2025-12-19 17:19:13,298 - nvd_autonomous - INFO - Robot start talking
2025-12-19 17:19:13,499 - nvd_autonomous - INFO - Robot start talking
2025-12-19 17:19:13,699 - nvd_autonomous - INFO - Robot start talking
2025-12-19 17:19:13,900 - nvd_autonomous - INFO - Robot start talking
2025-12-19 17:19:14,101 - nvd_autonomous - INFO - Robot start talking
2025-12-19 17:19:14,302 - nvd_autonomous - INFO - Robot start talking
2025-12-19 17:19:14,503 - nvd_autonomous - INFO - Robot start talking
2025-12-19 17:19:14,704 - nvd_autonomous - INFO - Robot start talking
2025-12-19 17:19:14,905 - nvd_autonomous - INFO - Robot start talking
2025-12-19 17:19:15,106 - nvd_autonomous - INFO - Robot start talking
2025-12-19 17:19:15,307 - nvd_autonomous - INFO - Robot start talking
2025-12-19 17:19:15,510 - nvd_autonomous - INFO - Robot start talking
2025-12-19 17:19:15,711 - nvd_autonomous - INFO - Robot start talking
2025-12-19 17:19:15,912 - nvd_autonomous - INFO - Robot start talking
2025-12-19 17:19:16,113 - nvd_autonomous - INFO - Robot start talking
2025-12-19 17:19:16,315 - nvd_autonomous - INFO - Start Talking: 1
2025-12-19 17:19:16,315 - nvd_autonomous - INFO - Move to: [-35, -3]
2025-12-19 17:19:17,120 - nvd_autonomous - INFO - Robot start talking
2025-12-19 17:19:17,321 - nvd_autonomous - INFO - Start Talking: 1
2025-12-19 17:19:17,321 - nvd_autonomous - INFO - Move to: [-35, -3]
2025-12-19 17:19:17,522 - nvd_autonomous - INFO - Start Talking: 3
2025-12-19 17:19:17,522 - nvd_autonomous - INFO - Move to: [35, -3]
2025-12-19 17:19:17,724 - nvd_autonomous - INFO - Start Talking: 1
2025-12-19 17:19:17,724 - nvd_autonomous - INFO - Move to: [-35, -3]
2025-12-19 17:19:18,127 - nvd_autonomous - INFO - Start Talking: 3
2025-12-19 17:19:18,128 - nvd_autonomous - INFO - Move to: [35, -3]
2025-12-19 17:19:18,530 - nvd_autonomous - INFO - Start Talking: 1
2025-12-19 17:19:18,530 - nvd_autonomous - INFO - Move to: [-35, -3]
2025-12-19 17:19:20,139 - nvd_autonomous - INFO - No one talking
2025-12-19 17:19:20,541 - nvd_autonomous - INFO - Start Talking: 0
2025-12-19 17:19:20,541 - nvd_autonomous - INFO - Move to: [-35, -3]
2025-12-19 17:19:22,753 - nvd_autonomous - INFO - No one talking
2025-12-19 17:19:23,556 - nvd_autonomous - INFO - Start Talking: 0
2025-12-19 17:19:23,556 - nvd_autonomous - INFO - Move to: [-35, -3]
2025-12-19 17:19:26,370 - nvd_autonomous - INFO - Start Talking: 3
2025-12-19 17:19:26,370 - nvd_autonomous - INFO - Move to: [35, -3]
2025-12-19 17:19:26,572 - nvd_autonomous - INFO - Start Talking: 0
2025-12-19 17:19:26,572 - nvd_autonomous - INFO - Move to: [-35, -3]
2025-12-19 17:19:29,386 - nvd_autonomous - INFO - Start Talking: 3
2025-12-19 17:19:29,387 - nvd_autonomous - INFO - Move to: [35, -3]
2025-12-19 17:19:29,588 - nvd_autonomous - INFO - Start Talking: 0
2025-12-19 17:19:29,588 - nvd_autonomous - INFO - Move to: [-35, -3]
2025-12-19 17:19:30,391 - nvd_autonomous - INFO - Start Talking: 1
2025-12-19 17:19:30,391 - nvd_autonomous - INFO - Move to: [-35, -3]
2025-12-19 17:19:34,009 - nvd_autonomous - INFO - Start Talking: 3
2025-12-19 17:19:34,009 - nvd_autonomous - INFO - Move to: [35, -3]
2025-12-19 17:19:35,015 - nvd_autonomous - INFO - Start Talking: 0
2025-12-19 17:19:35,015 - nvd_autonomous - INFO - Move to: [-35, -3]
2025-12-19 17:19:35,819 - nvd_autonomous - INFO - Start Talking: 1
2025-12-19 17:19:35,819 - nvd_autonomous - INFO - Move to: [-35, -3]
2025-12-19 17:19:38,030 - nvd_autonomous - INFO - Start Talking: 3
2025-12-19 17:19:38,030 - nvd_autonomous - INFO - Move to: [35, -3]
2025-12-19 17:19:40,040 - nvd_autonomous - INFO - Start Talking: 1
2025-12-19 17:19:40,040 - nvd_autonomous - INFO - Move to: [-35, -3]
2025-12-19 17:19:41,447 - nvd_autonomous - INFO - Start Talking: 0
2025-12-19 17:19:41,447 - nvd_autonomous - INFO - Move to: [-35, -3]
2025-12-19 17:19:42,251 - nvd_autonomous - INFO - Start Talking: 1
2025-12-19 17:19:42,251 - nvd_autonomous - INFO - Move to: [-35, -3]
2025-12-19 17:19:46,473 - nvd_autonomous - INFO - No one talking
2025-12-19 17:19:49,691 - nvd_autonomous - INFO - Start Talking: 0
2025-12-19 17:19:49,691 - nvd_autonomous - INFO - Move to: [-35, -3]
2025-12-19 17:19:52,907 - nvd_autonomous - INFO - Robot start talking
2025-12-19 17:19:53,108 - nvd_autonomous - INFO - Start Talking: 0
2025-12-19 17:19:53,157 - nvd_autonomous - INFO - Move to: [-35, -3]
2025-12-19 17:19:53,358 - nvd_autonomous - INFO - Robot start talking
2025-12-19 17:19:53,559 - nvd_autonomous - INFO - Robot start talking
2025-12-19 17:19:53,760 - nvd_autonomous - INFO - Start Talking: 0
2025-12-19 17:19:53,760 - nvd_autonomous - INFO - Move to: [-35, -3]
2025-12-19 17:19:53,961 - nvd_autonomous - INFO - Robot start talking
2025-12-19 17:19:54,162 - nvd_autonomous - INFO - Start Talking: 3
2025-12-19 17:19:54,162 - nvd_autonomous - INFO - Move to: [35, -3]
2025-12-19 17:19:54,564 - nvd_autonomous - INFO - Start Talking: 1
2025-12-19 17:19:54,565 - nvd_autonomous - INFO - Move to: [-35, -3]
2025-12-19 17:19:54,766 - nvd_autonomous - INFO - Start Talking: 3
2025-12-19 17:19:54,766 - nvd_autonomous - INFO - Move to: [35, -3]
2025-12-19 17:19:55,168 - nvd_autonomous - INFO - Robot start talking
2025-12-19 17:19:55,370 - nvd_autonomous - INFO - Start Talking: 3
2025-12-19 17:19:55,370 - nvd_autonomous - INFO - Move to: [35, -3]
2025-12-19 17:19:55,570 - nvd_autonomous - INFO - Robot start talking
2025-12-19 17:19:55,772 - nvd_autonomous - INFO - Robot start talking
2025-12-19 17:19:55,973 - nvd_autonomous - INFO - Robot start talking
2025-12-19 17:19:56,174 - nvd_autonomous - INFO - Robot start talking
2025-12-19 17:19:56,375 - nvd_autonomous - INFO - Robot start talking
2025-12-19 17:19:56,576 - nvd_autonomous - INFO - Robot start talking
2025-12-19 17:19:56,778 - nvd_autonomous - INFO - Robot start talking
2025-12-19 17:19:56,979 - nvd_autonomous - INFO - Start Talking: 3
2025-12-19 17:19:56,979 - nvd_autonomous - INFO - Move to: [35, -3]
2025-12-19 17:19:57,180 - nvd_autonomous - INFO - Start Talking: 0
2025-12-19 17:19:57,180 - nvd_autonomous - INFO - Move to: [-35, -3]
2025-12-19 17:19:59,191 - nvd_autonomous - INFO - Robot start talking
2025-12-19 17:19:59,392 - nvd_autonomous - INFO - Robot start talking
2025-12-19 17:19:59,593 - nvd_autonomous - INFO - Start Talking: 0
2025-12-19 17:19:59,593 - nvd_autonomous - INFO - Move to: [-35, -3]
2025-12-19 17:19:59,794 - nvd_autonomous - INFO - Robot start talking
2025-12-19 17:19:59,995 - nvd_autonomous - INFO - Robot start talking
2025-12-19 17:20:00,196 - nvd_autonomous - INFO - Start Talking: 0
2025-12-19 17:20:00,196 - nvd_autonomous - INFO - Move to: [-35, -3]
2025-12-19 17:20:02,207 - nvd_autonomous - INFO - Robot start talking
2025-12-19 17:20:02,408 - nvd_autonomous - INFO - Robot start talking
2025-12-19 17:20:02,609 - nvd_autonomous - INFO - Robot start talking
2025-12-19 17:20:02,810 - nvd_autonomous - INFO - Robot start talking
2025-12-19 17:20:03,012 - nvd_autonomous - INFO - Start Talking: 0
2025-12-19 17:20:03,012 - nvd_autonomous - INFO - Move to: [-35, -3]
2025-12-19 17:20:03,214 - nvd_autonomous - INFO - Robot start talking
2025-12-19 17:20:03,415 - nvd_autonomous - INFO - Robot start talking
2025-12-19 17:20:03,616 - nvd_autonomous - INFO - Robot start talking
2025-12-19 17:20:03,817 - nvd_autonomous - INFO - Robot start talking
2025-12-19 17:20:04,018 - nvd_autonomous - INFO - Robot start talking
2025-12-19 17:20:04,219 - nvd_autonomous - INFO - Robot start talking
2025-12-19 17:20:04,420 - nvd_autonomous - INFO - Robot start talking
2025-12-19 17:20:04,621 - nvd_autonomous - INFO - Robot start talking
2025-12-19 17:20:04,822 - nvd_autonomous - INFO - Start Talking: 3
2025-12-19 17:20:04,822 - nvd_autonomous - INFO - Move to: [35, -3]
2025-12-19 17:20:09,848 - nvd_autonomous - INFO - Start Talking: 0
2025-12-19 17:20:09,848 - nvd_autonomous - INFO - Move to: [-35, -3]
2025-12-19 17:20:11,859 - nvd_autonomous - INFO - Start Talking: 3
2025-12-19 17:20:11,859 - nvd_autonomous - INFO - Move to: [35, -3]
2025-12-19 17:20:12,261 - nvd_autonomous - INFO - Start Talking: 1
2025-12-19 17:20:12,261 - nvd_autonomous - INFO - Move to: [-35, -3]
2025-12-19 17:20:13,467 - nvd_autonomous - INFO - Start Talking: 3
2025-12-19 17:20:13,467 - nvd_autonomous - INFO - Move to: [35, -3]
2025-12-19 17:20:15,879 - nvd_autonomous - INFO - Start Talking: 0
2025-12-19 17:20:15,879 - nvd_autonomous - INFO - Move to: [-35, -3]
2025-12-19 17:20:16,081 - nvd_autonomous - INFO - Start Talking: 3
2025-12-19 17:20:16,081 - nvd_autonomous - INFO - Move to: [35, -3]
2025-12-19 17:20:20,704 - nvd_autonomous - INFO - Start Talking: 1
2025-12-19 17:20:20,704 - nvd_autonomous - INFO - Move to: [-35, -3]
2025-12-19 17:20:27,738 - nvd_autonomous - INFO - Start Talking: 0
2025-12-19 17:20:27,738 - nvd_autonomous - INFO - Move to: [-35, -3]
2025-12-19 17:20:28,744 - nvd_autonomous - INFO - Robot start talking
2025-12-19 17:20:28,945 - nvd_autonomous - INFO - Robot start talking
2025-12-19 17:20:29,146 - nvd_autonomous - INFO - Start Talking: 1
2025-12-19 17:20:29,146 - nvd_autonomous - INFO - Move to: [-35, -3]
2025-12-19 17:20:29,347 - nvd_autonomous - INFO - Robot start talking
2025-12-19 17:20:29,548 - nvd_autonomous - INFO - Robot start talking
2025-12-19 17:20:29,749 - nvd_autonomous - INFO - Start Talking: 1
2025-12-19 17:20:29,749 - nvd_autonomous - INFO - Move to: [-35, -3]
2025-12-19 17:20:31,761 - nvd_autonomous - INFO - Robot start talking
2025-12-19 17:20:31,962 - nvd_autonomous - INFO - Start Talking: 1
2025-12-19 17:20:31,962 - nvd_autonomous - INFO - Move to: [-35, -3]
2025-12-19 17:20:34,375 - nvd_autonomous - INFO - Robot start talking
2025-12-19 17:20:34,576 - nvd_autonomous - INFO - Robot start talking
2025-12-19 17:20:34,777 - nvd_autonomous - INFO - Robot start talking
2025-12-19 17:20:34,978 - nvd_autonomous - INFO - Robot start talking
2025-12-19 17:20:35,179 - nvd_autonomous - INFO - Robot start talking
2025-12-19 17:20:35,380 - nvd_autonomous - INFO - Robot start talking
2025-12-19 17:20:35,581 - nvd_autonomous - INFO - Robot start talking
2025-12-19 17:20:35,782 - nvd_autonomous - INFO - Start Talking: 1
2025-12-19 17:20:35,782 - nvd_autonomous - INFO - Move to: [-35, -3]
2025-12-19 17:20:36,184 - nvd_autonomous - INFO - Robot start talking
2025-12-19 17:20:36,385 - nvd_autonomous - INFO - Start Talking: 1
2025-12-19 17:20:36,385 - nvd_autonomous - INFO - Move to: [-35, -3]
2025-12-19 17:20:40,407 - nvd_autonomous - INFO - Robot start talking
2025-12-19 17:20:40,608 - nvd_autonomous - INFO - Start Talking: 3
2025-12-19 17:20:40,609 - nvd_autonomous - INFO - Move to: [35, -3]
2025-12-19 17:20:43,423 - nvd_autonomous - INFO - Start Talking: 0
2025-12-19 17:20:43,423 - nvd_autonomous - INFO - Move to: [-35, -3]
2025-12-19 17:20:43,624 - nvd_autonomous - INFO - Start Talking: 3
2025-12-19 17:20:43,624 - nvd_autonomous - INFO - Move to: [35, -3]
2025-12-19 17:20:45,433 - nvd_autonomous - INFO - Start Talking: 1
2025-12-19 17:20:45,433 - nvd_autonomous - INFO - Move to: [-35, -3]
2025-12-19 17:20:45,634 - nvd_autonomous - INFO - Start Talking: 0
2025-12-19 17:20:45,634 - nvd_autonomous - INFO - Move to: [-35, -3]
2025-12-19 17:20:45,836 - nvd_autonomous - INFO - Start Talking: 3
2025-12-19 17:20:45,836 - nvd_autonomous - INFO - Move to: [35, -3]
2025-12-19 17:20:46,037 - nvd_autonomous - INFO - Start Talking: 1
2025-12-19 17:20:46,038 - nvd_autonomous - INFO - Move to: [-35, -3]
2025-12-19 17:20:47,044 - nvd_autonomous - INFO - Start Talking: 3
2025-12-19 17:20:47,044 - nvd_autonomous - INFO - Move to: [35, -3]
2025-12-19 17:20:48,852 - nvd_autonomous - INFO - Start Talking: 1
2025-12-19 17:20:48,852 - nvd_autonomous - INFO - Move to: [-35, -3]
2025-12-19 17:20:54,280 - nvd_autonomous - INFO - Start Talking: 3
2025-12-19 17:20:54,280 - nvd_autonomous - INFO - Move to: [35, -3]
2025-12-19 17:20:55,687 - nvd_autonomous - INFO - No one talking
2025-12-19 17:21:01,716 - nvd_autonomous - INFO - Start Talking: 1
2025-12-19 17:21:01,716 - nvd_autonomous - INFO - Move to: [-35, -3]
2025-12-19 17:21:02,319 - nvd_autonomous - INFO - Start Talking: 3
2025-12-19 17:21:02,319 - nvd_autonomous - INFO - Move to: [35, -3]
2025-12-19 17:21:03,324 - nvd_autonomous - INFO - Robot start talking
2025-12-19 17:21:03,525 - nvd_autonomous - INFO - Robot start talking
2025-12-19 17:21:03,726 - nvd_autonomous - INFO - Robot start talking
2025-12-19 17:21:03,927 - nvd_autonomous - INFO - Start Talking: 3
2025-12-19 17:21:03,927 - nvd_autonomous - INFO - Move to: [35, -3]
2025-12-19 17:21:04,128 - nvd_autonomous - INFO - Robot start talking
2025-12-19 17:21:04,329 - nvd_autonomous - INFO - Start Talking: 1
2025-12-19 17:21:04,329 - nvd_autonomous - INFO - Move to: [-35, -3]
2025-12-19 17:21:04,933 - nvd_autonomous - INFO - Start Talking: 3
2025-12-19 17:21:04,934 - nvd_autonomous - INFO - Move to: [35, -3]
2025-12-19 17:21:05,336 - nvd_autonomous - INFO - No one talking
2025-12-19 17:21:06,743 - nvd_autonomous - INFO - Start Talking: 1
2025-12-19 17:21:06,743 - nvd_autonomous - INFO - Move to: [-35, -3]
2025-12-19 17:21:13,777 - nvd_autonomous - INFO - Backchanneling to: [-35, -3]
2025-12-19 17:21:18,199 - nvd_autonomous - INFO - Robot start talking
2025-12-19 17:21:18,400 - nvd_autonomous - INFO - Robot start talking
2025-12-19 17:21:18,601 - nvd_autonomous - INFO - Start Talking: 1
2025-12-19 17:21:18,601 - nvd_autonomous - INFO - Move to: [-35, -3]
2025-12-19 17:21:20,813 - nvd_autonomous - INFO - No one talking
2025-12-19 17:21:21,014 - nvd_autonomous - INFO - Robot start talking
2025-12-19 17:21:21,215 - nvd_autonomous - INFO - Start Talking: 1
2025-12-19 17:21:21,215 - nvd_autonomous - INFO - Move to: [-35, -3]
2025-12-19 17:21:23,427 - nvd_autonomous - INFO - Robot start talking
2025-12-19 17:21:23,629 - nvd_autonomous - INFO - Robot start talking
2025-12-19 17:21:23,830 - nvd_autonomous - INFO - Start Talking: 1
2025-12-19 17:21:23,830 - nvd_autonomous - INFO - Move to: [-35, -3]
2025-12-19 17:21:24,634 - nvd_autonomous - INFO - No one talking
2025-12-19 17:21:26,242 - nvd_autonomous - INFO - Start Talking: 1
2025-12-19 17:21:26,242 - nvd_autonomous - INFO - Move to: [-35, -3]
2025-12-19 17:21:33,278 - nvd_autonomous - INFO - Backchanneling to: [-35, -3]
2025-12-19 17:21:35,893 - nvd_autonomous - INFO - No one talking
2025-12-19 17:21:36,094 - nvd_autonomous - INFO - Start Talking: 1
2025-12-19 17:21:36,094 - nvd_autonomous - INFO - Move to: [-35, -3]
2025-12-19 17:21:36,496 - nvd_autonomous - INFO - No one talking
2025-12-19 17:21:37,501 - nvd_autonomous - INFO - Start Talking: 1
2025-12-19 17:21:37,501 - nvd_autonomous - INFO - Move to: [-35, -3]
2025-12-19 17:21:39,109 - nvd_autonomous - INFO - No one talking
2025-12-19 17:21:46,748 - nvd_autonomous - INFO - Robot start talking
2025-12-19 17:21:46,949 - nvd_autonomous - INFO - Robot start talking
2025-12-19 17:21:47,150 - nvd_autonomous - INFO - Robot start talking
2025-12-19 17:21:47,351 - nvd_autonomous - INFO - Robot start talking
2025-12-19 17:21:47,552 - nvd_autonomous - INFO - Robot start talking
2025-12-19 17:21:47,753 - nvd_autonomous - INFO - Robot start talking
2025-12-19 17:21:47,954 - nvd_autonomous - INFO - Robot start talking
2025-12-19 17:21:48,155 - nvd_autonomous - INFO - Robot start talking
2025-12-19 17:21:48,356 - nvd_autonomous - INFO - Robot start talking
2025-12-19 17:21:48,557 - nvd_autonomous - INFO - Robot start talking
2025-12-19 17:21:48,758 - nvd_autonomous - INFO - Robot start talking
2025-12-19 17:21:48,959 - nvd_autonomous - INFO - Robot start talking
2025-12-19 17:21:49,160 - nvd_autonomous - INFO - Robot start talking
2025-12-19 17:21:49,361 - nvd_autonomous - INFO - Robot start talking
2025-12-19 17:21:49,562 - nvd_autonomous - INFO - Robot start talking
2025-12-19 17:21:49,763 - nvd_autonomous - INFO - Robot start talking
2025-12-19 17:21:49,965 - nvd_autonomous - INFO - Robot start talking
2025-12-19 17:21:50,166 - nvd_autonomous - INFO - Robot start talking
2025-12-19 17:21:50,367 - nvd_autonomous - INFO - Robot start talking
2025-12-19 17:21:50,568 - nvd_autonomous - INFO - Robot start talking
2025-12-19 17:21:50,769 - nvd_autonomous - INFO - Robot start talking
2025-12-19 17:21:50,970 - nvd_autonomous - INFO - Start Talking: 3
2025-12-19 17:21:50,970 - nvd_autonomous - INFO - Move to: [35, -3]
2025-12-19 17:21:51,372 - nvd_autonomous - INFO - Robot start talking
2025-12-19 17:21:51,573 - nvd_autonomous - INFO - Robot start talking
2025-12-19 17:21:51,775 - nvd_autonomous - INFO - Robot start talking
2025-12-19 17:21:51,976 - nvd_autonomous - INFO - Robot start talking
2025-12-19 17:21:52,177 - nvd_autonomous - INFO - Robot start talking
2025-12-19 17:21:52,377 - nvd_autonomous - INFO - Robot start talking
2025-12-19 17:21:52,578 - nvd_autonomous - INFO - Robot start talking
2025-12-19 17:21:52,780 - nvd_autonomous - INFO - Robot start talking
2025-12-19 17:21:52,981 - nvd_autonomous - INFO - Robot start talking
2025-12-19 17:21:53,182 - nvd_autonomous - INFO - Robot start talking
2025-12-19 17:21:53,383 - nvd_autonomous - INFO - Robot start talking
2025-12-19 17:21:53,584 - nvd_autonomous - INFO - Robot start talking
2025-12-19 17:21:53,786 - nvd_autonomous - INFO - Robot start talking
2025-12-19 17:21:53,987 - nvd_autonomous - INFO - Robot start talking
2025-12-19 17:21:54,188 - nvd_autonomous - INFO - Robot start talking
2025-12-19 17:21:54,389 - nvd_autonomous - INFO - Robot start talking
2025-12-19 17:21:54,590 - nvd_autonomous - INFO - Robot start talking
2025-12-19 17:21:54,790 - nvd_autonomous - INFO - Robot start talking
2025-12-19 17:21:54,992 - nvd_autonomous - INFO - Robot start talking
2025-12-19 17:21:55,193 - nvd_autonomous - INFO - Robot start talking
2025-12-19 17:21:55,394 - nvd_autonomous - INFO - Robot start talking
2025-12-19 17:21:55,594 - nvd_autonomous - INFO - Robot start talking
2025-12-19 17:21:55,796 - nvd_autonomous - INFO - Robot start talking
2025-12-19 17:21:56,018 - nvd_autonomous - INFO - Robot start talking
2025-12-19 17:21:56,219 - nvd_autonomous - INFO - Robot start talking
2025-12-19 17:21:56,420 - nvd_autonomous - INFO - Robot start talking
2025-12-19 17:21:56,621 - nvd_autonomous - INFO - Robot start talking
2025-12-19 17:21:56,822 - nvd_autonomous - INFO - Robot start talking
2025-12-19 17:21:57,023 - nvd_autonomous - INFO - Robot start talking
2025-12-19 17:21:57,224 - nvd_autonomous - INFO - Robot start talking
2025-12-19 17:21:57,425 - nvd_autonomous - INFO - Robot start talking
2025-12-19 17:21:57,626 - nvd_autonomous - INFO - Robot start talking
2025-12-19 17:21:57,827 - nvd_autonomous - INFO - Robot start talking
2025-12-19 17:21:58,028 - nvd_autonomous - INFO - Robot start talking
2025-12-19 17:21:58,229 - nvd_autonomous - INFO - Robot start talking
2025-12-19 17:21:58,430 - nvd_autonomous - INFO - Robot start talking
2025-12-19 17:21:58,632 - nvd_autonomous - INFO - Robot start talking
2025-12-19 17:21:58,833 - nvd_autonomous - INFO - Robot start talking
2025-12-19 17:21:59,034 - nvd_autonomous - INFO - Robot start talking
2025-12-19 17:21:59,235 - nvd_autonomous - INFO - Robot start talking
2025-12-19 17:21:59,436 - nvd_autonomous - INFO - Robot start talking
2025-12-19 17:21:59,637 - nvd_autonomous - INFO - Robot start talking
2025-12-19 17:21:59,838 - nvd_autonomous - INFO - Robot start talking
2025-12-19 17:22:00,039 - nvd_autonomous - INFO - Robot start talking
2025-12-19 17:22:00,240 - nvd_autonomous - INFO - Robot start talking
2025-12-19 17:22:00,441 - nvd_autonomous - INFO - Robot start talking
2025-12-19 17:22:00,642 - nvd_autonomous - INFO - Robot start talking
2025-12-19 17:22:00,843 - nvd_autonomous - INFO - Robot start talking
2025-12-19 17:22:01,045 - nvd_autonomous - INFO - Robot start talking
2025-12-19 17:22:01,246 - nvd_autonomous - INFO - Robot start talking
2025-12-19 17:22:01,483 - nvd_autonomous - INFO - Robot start talking
2025-12-19 17:22:01,684 - nvd_autonomous - INFO - Robot start talking
2025-12-19 17:22:01,885 - nvd_autonomous - INFO - Robot start talking
2025-12-19 17:22:02,086 - nvd_autonomous - INFO - Robot start talking
2025-12-19 17:22:02,287 - nvd_autonomous - INFO - Robot start talking
2025-12-19 17:22:02,488 - nvd_autonomous - INFO - Robot start talking
2025-12-19 17:22:02,690 - nvd_autonomous - INFO - Robot start talking
2025-12-19 17:22:02,891 - nvd_autonomous - INFO - Robot start talking
2025-12-19 17:22:03,092 - nvd_autonomous - INFO - Robot start talking
2025-12-19 17:22:03,293 - nvd_autonomous - INFO - Robot start talking
2025-12-19 17:22:03,494 - nvd_autonomous - INFO - Robot start talking
2025-12-19 17:22:03,695 - nvd_autonomous - INFO - Robot start talking
2025-12-19 17:22:03,896 - nvd_autonomous - INFO - Robot start talking
2025-12-19 17:22:04,097 - nvd_autonomous - INFO - Robot start talking
2025-12-19 17:22:04,298 - nvd_autonomous - INFO - Robot start talking
2025-12-19 17:22:04,499 - nvd_autonomous - INFO - Robot start talking
2025-12-19 17:22:04,700 - nvd_autonomous - INFO - Robot start talking
2025-12-19 17:22:04,901 - nvd_autonomous - INFO - Robot start talking
2025-12-19 17:22:05,102 - nvd_autonomous - INFO - Robot start talking
2025-12-19 17:22:05,303 - nvd_autonomous - INFO - Robot start talking
2025-12-19 17:22:05,504 - nvd_autonomous - INFO - Robot start talking
2025-12-19 17:22:05,705 - nvd_autonomous - INFO - Robot start talking
2025-12-19 17:22:05,906 - nvd_autonomous - INFO - Robot start talking
2025-12-19 17:22:06,107 - nvd_autonomous - INFO - Start Talking: 0
2025-12-19 17:22:06,107 - nvd_autonomous - INFO - Move to: [-35, -3]
2025-12-19 17:22:06,308 - nvd_autonomous - INFO - Robot start talking
2025-12-19 17:22:06,510 - nvd_autonomous - INFO - Robot start talking
2025-12-19 17:22:06,711 - nvd_autonomous - INFO - Robot start talking
2025-12-19 17:22:06,912 - nvd_autonomous - INFO - Robot start talking
2025-12-19 17:22:07,112 - nvd_autonomous - INFO - Robot start talking
2025-12-19 17:22:07,314 - nvd_autonomous - INFO - Robot start talking
2025-12-19 17:22:07,515 - nvd_autonomous - INFO - Robot start talking
2025-12-19 17:22:07,716 - nvd_autonomous - INFO - Robot start talking
2025-12-19 17:22:07,917 - nvd_autonomous - INFO - Robot start talking
2025-12-19 17:22:08,118 - nvd_autonomous - INFO - Robot start talking
2025-12-19 17:22:08,318 - nvd_autonomous - INFO - Robot start talking
2025-12-19 17:22:08,520 - nvd_autonomous - INFO - Robot start talking
2025-12-19 17:22:08,722 - nvd_autonomous - INFO - Robot start talking
2025-12-19 17:22:08,923 - nvd_autonomous - INFO - Robot start talking
2025-12-19 17:22:09,123 - nvd_autonomous - INFO - Robot start talking
2025-12-19 17:22:09,525 - nvd_autonomous - INFO - No one talking
2025-12-19 17:22:12,138 - nvd_autonomous - INFO - Start Talking: 1
2025-12-19 17:22:12,139 - nvd_autonomous - INFO - Move to: [-35, -3]
2025-12-19 17:22:14,149 - nvd_autonomous - INFO - Start Talking: 0
2025-12-19 17:22:14,149 - nvd_autonomous - INFO - Move to: [-35, -3]
2025-12-19 17:22:16,159 - nvd_autonomous - INFO - Start Talking: 1
2025-12-19 17:22:16,159 - nvd_autonomous - INFO - Move to: [-35, -3]
2025-12-19 17:22:17,566 - nvd_autonomous - INFO - Start Talking: 3
2025-12-19 17:22:17,566 - nvd_autonomous - INFO - Move to: [35, -3]
2025-12-19 17:22:19,376 - nvd_autonomous - INFO - Start Talking: 1
2025-12-19 17:22:19,376 - nvd_autonomous - INFO - Move to: [-35, -3]
2025-12-19 17:22:21,184 - nvd_autonomous - INFO - No one talking
2025-12-19 17:22:22,389 - nvd_autonomous - INFO - Start Talking: 3
2025-12-19 17:22:22,389 - nvd_autonomous - INFO - Move to: [35, -3]
2025-12-19 17:22:22,791 - nvd_autonomous - INFO - No one talking
2025-12-19 17:22:23,997 - nvd_autonomous - INFO - Start Talking: 3
2025-12-19 17:22:23,997 - nvd_autonomous - INFO - Move to: [35, -3]
2025-12-19 17:22:24,198 - nvd_autonomous - INFO - Robot start talking
2025-12-19 17:22:24,399 - nvd_autonomous - INFO - Robot start talking
2025-12-19 17:22:24,601 - nvd_autonomous - INFO - Robot start talking
2025-12-19 17:22:24,802 - nvd_autonomous - INFO - Robot start talking
2025-12-19 17:22:25,003 - nvd_autonomous - INFO - Robot start talking
2025-12-19 17:22:25,204 - nvd_autonomous - INFO - Robot start talking
2025-12-19 17:22:25,405 - nvd_autonomous - INFO - Robot start talking
2025-12-19 17:22:25,606 - nvd_autonomous - INFO - Robot start talking
2025-12-19 17:22:25,807 - nvd_autonomous - INFO - Robot start talking
2025-12-19 17:22:26,008 - nvd_autonomous - INFO - Robot start talking
2025-12-19 17:22:26,209 - nvd_autonomous - INFO - Robot start talking
2025-12-19 17:22:26,410 - nvd_autonomous - INFO - Robot start talking
2025-12-19 17:22:26,613 - nvd_autonomous - INFO - Robot start talking
2025-12-19 17:22:26,813 - nvd_autonomous - INFO - Robot start talking
2025-12-19 17:22:27,014 - nvd_autonomous - INFO - Robot start talking
2025-12-19 17:22:27,416 - nvd_autonomous - INFO - No one talking
2025-12-19 17:22:28,622 - nvd_autonomous - INFO - Robot start talking
2025-12-19 17:22:28,823 - nvd_autonomous - INFO - Robot start talking
2025-12-19 17:22:29,024 - nvd_autonomous - INFO - Robot start talking
2025-12-19 17:22:29,225 - nvd_autonomous - INFO - Robot start talking
2025-12-19 17:22:29,426 - nvd_autonomous - INFO - Robot start talking
2025-12-19 17:22:29,627 - nvd_autonomous - INFO - Robot start talking
2025-12-19 17:22:29,828 - nvd_autonomous - INFO - Robot start talking
2025-12-19 17:22:30,029 - nvd_autonomous - INFO - Robot start talking
2025-12-19 17:22:30,230 - nvd_autonomous - INFO - Robot start talking
2025-12-19 17:22:30,431 - nvd_autonomous - INFO - Start Talking: 1
2025-12-19 17:22:30,431 - nvd_autonomous - INFO - Move to: [-35, -3]
2025-12-19 17:22:30,633 - nvd_autonomous - INFO - Robot start talking
2025-12-19 17:22:30,834 - nvd_autonomous - INFO - Start Talking: 1
2025-12-19 17:22:30,835 - nvd_autonomous - INFO - Move to: [-35, -3]
2025-12-19 17:22:31,036 - nvd_autonomous - INFO - Robot start talking
2025-12-19 17:22:31,237 - nvd_autonomous - INFO - Robot start talking
2025-12-19 17:22:31,456 - nvd_autonomous - INFO - Robot start talking
2025-12-19 17:22:31,658 - nvd_autonomous - INFO - Robot start talking
2025-12-19 17:22:31,860 - nvd_autonomous - INFO - Robot start talking
2025-12-19 17:22:32,060 - nvd_autonomous - INFO - Robot start talking
2025-12-19 17:22:32,261 - nvd_autonomous - INFO - Robot start talking
2025-12-19 17:22:32,465 - nvd_autonomous - INFO - Robot start talking
2025-12-19 17:22:32,667 - nvd_autonomous - INFO - Robot start talking
2025-12-19 17:22:32,868 - nvd_autonomous - INFO - Robot start talking
2025-12-19 17:22:33,069 - nvd_autonomous - INFO - Robot start talking
2025-12-19 17:22:33,270 - nvd_autonomous - INFO - Robot start talking
2025-12-19 17:22:33,672 - nvd_autonomous - INFO - No one talking
2025-12-19 17:22:34,476 - nvd_autonomous - INFO - Robot start talking
2025-12-19 17:22:34,678 - nvd_autonomous - INFO - Robot start talking
2025-12-19 17:22:34,879 - nvd_autonomous - INFO - Robot start talking
2025-12-19 17:22:35,080 - nvd_autonomous - INFO - Robot start talking
2025-12-19 17:22:35,281 - nvd_autonomous - INFO - Robot start talking
2025-12-19 17:22:35,483 - nvd_autonomous - INFO - Robot start talking
2025-12-19 17:22:35,683 - nvd_autonomous - INFO - Robot start talking
2025-12-19 17:22:35,884 - nvd_autonomous - INFO - Robot start talking
2025-12-19 17:22:36,086 - nvd_autonomous - INFO - Robot start talking
2025-12-19 17:22:36,287 - nvd_autonomous - INFO - Robot start talking
2025-12-19 17:22:36,488 - nvd_autonomous - INFO - Robot start talking
2025-12-19 17:22:36,689 - nvd_autonomous - INFO - Robot start talking
2025-12-19 17:22:36,899 - nvd_autonomous - INFO - Robot start talking
2025-12-19 17:22:37,100 - nvd_autonomous - INFO - Robot start talking
2025-12-19 17:22:37,301 - nvd_autonomous - INFO - Robot start talking
2025-12-19 17:22:37,502 - nvd_autonomous - INFO - Robot start talking
2025-12-19 17:22:37,703 - nvd_autonomous - INFO - Robot start talking
2025-12-19 17:22:37,904 - nvd_autonomous - INFO - Robot start talking
2025-12-19 17:22:38,105 - nvd_autonomous - INFO - Robot start talking
2025-12-19 17:22:38,306 - nvd_autonomous - INFO - Robot start talking
2025-12-19 17:22:38,507 - nvd_autonomous - INFO - Robot start talking
2025-12-19 17:22:38,708 - nvd_autonomous - INFO - Robot start talking
2025-12-19 17:22:38,909 - nvd_autonomous - INFO - Robot start talking
2025-12-19 17:22:39,110 - nvd_autonomous - INFO - Robot start talking
2025-12-19 17:22:39,311 - nvd_autonomous - INFO - Robot start talking
2025-12-19 17:22:39,513 - nvd_autonomous - INFO - Robot start talking
2025-12-19 17:22:39,714 - nvd_autonomous - INFO - Robot start talking
2025-12-19 17:22:39,915 - nvd_autonomous - INFO - Robot start talking
2025-12-19 17:22:40,116 - nvd_autonomous - INFO - Robot start talking
2025-12-19 17:22:40,317 - nvd_autonomous - INFO - Robot start talking
2025-12-19 17:22:40,518 - nvd_autonomous - INFO - Robot start talking
2025-12-19 17:22:40,719 - nvd_autonomous - INFO - Robot start talking
2025-12-19 17:22:40,921 - nvd_autonomous - INFO - Robot start talking
2025-12-19 17:22:41,121 - nvd_autonomous - INFO - Robot start talking
2025-12-19 17:22:41,322 - nvd_autonomous - INFO - Robot start talking
2025-12-19 17:22:41,524 - nvd_autonomous - INFO - Robot start talking
2025-12-19 17:22:41,725 - nvd_autonomous - INFO - Robot start talking
2025-12-19 17:22:41,926 - nvd_autonomous - INFO - Robot start talking
2025-12-19 17:22:42,328 - nvd_autonomous - INFO - Robot start talking
2025-12-19 17:22:42,529 - nvd_autonomous - INFO - Robot start talking
2025-12-19 17:22:42,730 - nvd_autonomous - INFO - Robot start talking
2025-12-19 17:22:42,931 - nvd_autonomous - INFO - Robot start talking
2025-12-19 17:22:43,132 - nvd_autonomous - INFO - Robot start talking
2025-12-19 17:22:43,333 - nvd_autonomous - INFO - Robot start talking
2025-12-19 17:22:43,534 - nvd_autonomous - INFO - Robot start talking
2025-12-19 17:22:43,735 - nvd_autonomous - INFO - Robot start talking
2025-12-19 17:22:43,936 - nvd_autonomous - INFO - Robot start talking
2025-12-19 17:22:44,137 - nvd_autonomous - INFO - Robot start talking
2025-12-19 17:22:44,338 - nvd_autonomous - INFO - Start Talking: 3
2025-12-19 17:22:44,338 - nvd_autonomous - INFO - Move to: [35, -3]
2025-12-19 17:22:45,948 - nvd_autonomous - INFO - No one talking
2025-12-19 17:22:46,752 - nvd_autonomous - INFO - Start Talking: 1
2025-12-19 17:22:46,752 - nvd_autonomous - INFO - Move to: [-35, -3]
2025-12-19 17:22:51,576 - nvd_autonomous - INFO - Start Talking: 1
2025-12-19 17:22:51,576 - nvd_autonomous - INFO - Move to: [-35, -3]
2025-12-19 17:22:51,778 - nvd_autonomous - INFO - Start Talking: 0
2025-12-19 17:22:51,778 - nvd_autonomous - INFO - Move to: [-35, -3]
2025-12-19 17:22:53,185 - nvd_autonomous - INFO - No one talking
2025-12-19 17:22:53,386 - nvd_autonomous - INFO - Start Talking: 0
2025-12-19 17:22:53,386 - nvd_autonomous - INFO - Move to: [-35, -3]
2025-12-19 17:22:53,788 - nvd_autonomous - INFO - No one talking
2025-12-19 17:22:54,994 - nvd_autonomous - INFO - Start Talking: 0
2025-12-19 17:22:54,994 - nvd_autonomous - INFO - Move to: [-35, -3]
2025-12-19 17:22:56,402 - nvd_autonomous - INFO - No one talking
2025-12-19 17:22:59,617 - nvd_autonomous - INFO - Robot start talking
2025-12-19 17:22:59,819 - nvd_autonomous - INFO - Robot start talking
2025-12-19 17:23:00,020 - nvd_autonomous - INFO - Robot start talking
2025-12-19 17:23:00,221 - nvd_autonomous - INFO - Robot start talking
2025-12-19 17:23:00,623 - nvd_autonomous - INFO - No one talking
2025-12-19 17:23:01,226 - nvd_autonomous - INFO - Start Talking: 1
2025-12-19 17:23:01,249 - nvd_autonomous - INFO - Move to: [-35, -3]
2025-12-19 17:23:01,651 - nvd_autonomous - INFO - Start Talking: 1
2025-12-19 17:23:01,651 - nvd_autonomous - INFO - Move to: [-35, -3]
2025-12-19 17:23:02,657 - nvd_autonomous - INFO - No one talking
2025-12-19 17:23:03,662 - nvd_autonomous - INFO - Robot start talking
2025-12-19 17:23:03,863 - nvd_autonomous - INFO - Robot start talking
2025-12-19 17:23:04,064 - nvd_autonomous - INFO - Robot start talking
2025-12-19 17:23:04,265 - nvd_autonomous - INFO - Robot start talking
2025-12-19 17:23:04,467 - nvd_autonomous - INFO - Robot start talking
2025-12-19 17:23:04,668 - nvd_autonomous - INFO - Robot start talking
2025-12-19 17:23:04,869 - nvd_autonomous - INFO - Robot start talking
2025-12-19 17:23:05,070 - nvd_autonomous - INFO - Robot start talking
2025-12-19 17:23:05,271 - nvd_autonomous - INFO - Robot start talking
2025-12-19 17:23:05,472 - nvd_autonomous - INFO - Robot start talking
2025-12-19 17:23:05,874 - nvd_autonomous - INFO - Robot start talking
2025-12-19 17:23:06,075 - nvd_autonomous - INFO - Robot start talking
2025-12-19 17:23:06,276 - nvd_autonomous - INFO - Robot start talking
2025-12-19 17:23:06,477 - nvd_autonomous - INFO - Robot start talking
2025-12-19 17:23:06,679 - nvd_autonomous - INFO - Robot start talking
2025-12-19 17:23:06,900 - nvd_autonomous - INFO - Robot start talking
2025-12-19 17:23:07,101 - nvd_autonomous - INFO - Robot start talking
2025-12-19 17:23:07,302 - nvd_autonomous - INFO - Robot start talking
2025-12-19 17:23:07,503 - nvd_autonomous - INFO - Robot start talking
2025-12-19 17:23:07,704 - nvd_autonomous - INFO - Robot start talking
2025-12-19 17:23:07,905 - nvd_autonomous - INFO - Robot start talking
2025-12-19 17:23:08,106 - nvd_autonomous - INFO - Robot start talking
2025-12-19 17:23:08,307 - nvd_autonomous - INFO - Robot start talking
2025-12-19 17:23:08,508 - nvd_autonomous - INFO - Robot start talking
2025-12-19 17:23:08,709 - nvd_autonomous - INFO - Robot start talking
2025-12-19 17:23:08,910 - nvd_autonomous - INFO - Robot start talking
2025-12-19 17:23:09,111 - nvd_autonomous - INFO - Robot start talking
2025-12-19 17:23:09,312 - nvd_autonomous - INFO - Robot start talking
2025-12-19 17:23:09,513 - nvd_autonomous - INFO - Robot start talking
2025-12-19 17:23:09,714 - nvd_autonomous - INFO - Robot start talking
2025-12-19 17:23:09,915 - nvd_autonomous - INFO - Robot start talking
2025-12-19 17:23:10,116 - nvd_autonomous - INFO - Robot start talking
2025-12-19 17:23:10,317 - nvd_autonomous - INFO - Robot start talking
2025-12-19 17:23:10,518 - nvd_autonomous - INFO - Robot start talking
2025-12-19 17:23:10,719 - nvd_autonomous - INFO - Robot start talking
2025-12-19 17:23:10,921 - nvd_autonomous - INFO - Robot start talking
2025-12-19 17:23:11,122 - nvd_autonomous - INFO - Robot start talking
2025-12-19 17:23:11,323 - nvd_autonomous - INFO - Robot start talking
2025-12-19 17:23:11,524 - nvd_autonomous - INFO - Robot start talking
2025-12-19 17:23:11,725 - nvd_autonomous - INFO - Robot start talking
2025-12-19 17:23:11,925 - nvd_autonomous - INFO - Robot start talking
2025-12-19 17:23:12,126 - nvd_autonomous - INFO - Robot start talking
2025-12-19 17:23:12,327 - nvd_autonomous - INFO - Robot start talking
2025-12-19 17:23:12,529 - nvd_autonomous - INFO - Robot start talking
2025-12-19 17:23:12,730 - nvd_autonomous - INFO - Robot start talking
2025-12-19 17:23:12,931 - nvd_autonomous - INFO - Robot start talking
2025-12-19 17:23:13,132 - nvd_autonomous - INFO - Robot start talking
2025-12-19 17:23:13,333 - nvd_autonomous - INFO - Robot start talking
2025-12-19 17:23:13,534 - nvd_autonomous - INFO - Robot start talking
2025-12-19 17:23:13,735 - nvd_autonomous - INFO - Robot start talking
2025-12-19 17:23:13,936 - nvd_autonomous - INFO - Robot start talking
2025-12-19 17:23:14,137 - nvd_autonomous - INFO - Robot start talking
2025-12-19 17:23:14,338 - nvd_autonomous - INFO - Robot start talking
2025-12-19 17:23:14,539 - nvd_autonomous - INFO - Robot start talking
2025-12-19 17:23:14,740 - nvd_autonomous - INFO - Robot start talking
2025-12-19 17:23:14,942 - nvd_autonomous - INFO - Robot start talking
2025-12-19 17:23:15,142 - nvd_autonomous - INFO - Robot start talking
2025-12-19 17:23:15,344 - nvd_autonomous - INFO - Robot start talking
2025-12-19 17:23:15,545 - nvd_autonomous - INFO - Robot start talking
2025-12-19 17:23:15,747 - nvd_autonomous - INFO - Robot start talking
2025-12-19 17:23:15,949 - nvd_autonomous - INFO - Robot start talking
2025-12-19 17:23:16,150 - nvd_autonomous - INFO - Robot start talking
2025-12-19 17:23:16,351 - nvd_autonomous - INFO - Robot start talking
2025-12-19 17:23:16,551 - nvd_autonomous - INFO - Robot start talking
2025-12-19 17:23:16,753 - nvd_autonomous - INFO - Robot start talking
2025-12-19 17:23:16,954 - nvd_autonomous - INFO - Robot start talking
2025-12-19 17:23:17,155 - nvd_autonomous - INFO - Robot start talking
2025-12-19 17:23:17,356 - nvd_autonomous - INFO - Robot start talking
2025-12-19 17:23:17,557 - nvd_autonomous - INFO - Robot start talking
2025-12-19 17:23:17,758 - nvd_autonomous - INFO - Robot start talking
2025-12-19 17:23:17,959 - nvd_autonomous - INFO - Robot start talking
2025-12-19 17:23:18,160 - nvd_autonomous - INFO - Robot start talking
2025-12-19 17:23:18,361 - nvd_autonomous - INFO - Robot start talking
2025-12-19 17:23:18,562 - nvd_autonomous - INFO - Robot start talking
2025-12-19 17:23:18,763 - nvd_autonomous - INFO - Robot start talking
2025-12-19 17:23:18,965 - nvd_autonomous - INFO - Robot start talking
2025-12-19 17:23:19,166 - nvd_autonomous - INFO - Robot start talking
2025-12-19 17:23:19,367 - nvd_autonomous - INFO - Robot start talking
2025-12-19 17:23:19,568 - nvd_autonomous - INFO - Robot start talking
2025-12-19 17:23:19,769 - nvd_autonomous - INFO - Robot start talking
2025-12-19 17:23:19,970 - nvd_autonomous - INFO - Robot start talking
2025-12-19 17:23:20,171 - nvd_autonomous - INFO - Robot start talking
2025-12-19 17:23:20,372 - nvd_autonomous - INFO - Robot start talking
2025-12-19 17:23:20,573 - nvd_autonomous - INFO - Robot start talking
2025-12-19 17:23:20,774 - nvd_autonomous - INFO - Robot start talking
2025-12-19 17:23:20,975 - nvd_autonomous - INFO - Robot start talking
2025-12-19 17:23:21,176 - nvd_autonomous - INFO - Robot start talking
2025-12-19 17:23:21,377 - nvd_autonomous - INFO - Robot start talking
2025-12-19 17:23:21,578 - nvd_autonomous - INFO - Robot start talking
2025-12-19 17:23:21,981 - nvd_autonomous - INFO - No one talking
2025-12-19 17:23:22,584 - nvd_autonomous - INFO - Robot start talking
2025-12-19 17:23:22,786 - nvd_autonomous - INFO - Robot start talking
2025-12-19 17:23:22,987 - nvd_autonomous - INFO - Robot start talking
2025-12-19 17:23:23,188 - nvd_autonomous - INFO - Robot start talking
2025-12-19 17:23:23,389 - nvd_autonomous - INFO - Robot start talking
2025-12-19 17:23:23,590 - nvd_autonomous - INFO - Robot start talking
2025-12-19 17:23:23,791 - nvd_autonomous - INFO - Robot start talking
2025-12-19 17:23:23,992 - nvd_autonomous - INFO - Robot start talking
2025-12-19 17:23:24,193 - nvd_autonomous - INFO - Robot start talking
2025-12-19 17:23:24,395 - nvd_autonomous - INFO - Robot start talking
2025-12-19 17:23:24,596 - nvd_autonomous - INFO - Robot start talking
2025-12-19 17:23:24,797 - nvd_autonomous - INFO - Robot start talking
2025-12-19 17:23:24,998 - nvd_autonomous - INFO - Robot start talking
2025-12-19 17:23:25,199 - nvd_autonomous - INFO - Robot start talking
2025-12-19 17:23:25,400 - nvd_autonomous - INFO - Robot start talking
2025-12-19 17:23:25,601 - nvd_autonomous - INFO - Robot start talking
2025-12-19 17:23:25,802 - nvd_autonomous - INFO - Robot start talking
2025-12-19 17:23:26,003 - nvd_autonomous - INFO - Robot start talking
2025-12-19 17:23:26,205 - nvd_autonomous - INFO - Robot start talking
2025-12-19 17:23:26,406 - nvd_autonomous - INFO - Robot start talking
2025-12-19 17:23:26,607 - nvd_autonomous - INFO - Robot start talking
2025-12-19 17:23:26,808 - nvd_autonomous - INFO - Robot start talking
2025-12-19 17:23:27,009 - nvd_autonomous - INFO - Robot start talking
2025-12-19 17:23:27,210 - nvd_autonomous - INFO - Start Talking: 3
2025-12-19 17:23:27,211 - nvd_autonomous - INFO - Move to: [35, -3]
2025-12-19 17:23:28,216 - nvd_autonomous - INFO - Robot start talking
2025-12-19 17:23:28,417 - nvd_autonomous - INFO - Robot start talking
2025-12-19 17:23:28,618 - nvd_autonomous - INFO - Robot start talking
2025-12-19 17:23:28,819 - nvd_autonomous - INFO - Robot start talking
2025-12-19 17:23:29,221 - nvd_autonomous - INFO - No one talking
2025-12-19 17:23:30,025 - nvd_autonomous - INFO - Start Talking: 3
2025-12-19 17:23:30,025 - nvd_autonomous - INFO - Move to: [35, -3]
2025-12-19 17:23:31,835 - nvd_autonomous - INFO - Start Talking: 1
2025-12-19 17:23:31,835 - nvd_autonomous - INFO - Move to: [-35, -3]
2025-12-19 17:23:34,249 - nvd_autonomous - INFO - Start Talking: 1
2025-12-19 17:23:34,249 - nvd_autonomous - INFO - Move to: [-35, -3]
2025-12-19 17:23:35,053 - nvd_autonomous - INFO - Start Talking: 1
2025-12-19 17:23:35,053 - nvd_autonomous - INFO - Move to: [-35, -3]
2025-12-19 17:23:36,661 - nvd_autonomous - INFO - No one talking
2025-12-19 17:23:39,476 - nvd_autonomous - INFO - Start Talking: 1
2025-12-19 17:23:39,476 - nvd_autonomous - INFO - Move to: [-35, -3]
2025-12-19 17:23:41,085 - nvd_autonomous - INFO - No one talking
2025-12-19 17:23:42,291 - nvd_autonomous - INFO - Start Talking: 1
2025-12-19 17:23:42,291 - nvd_autonomous - INFO - Move to: [-35, -3]
2025-12-19 17:23:44,301 - nvd_autonomous - INFO - No one talking
2025-12-19 17:23:45,307 - nvd_autonomous - INFO - Start Talking: 1
2025-12-19 17:23:45,308 - nvd_autonomous - INFO - Move to: [-35, -3]
2025-12-19 17:23:46,514 - nvd_autonomous - INFO - No one talking
2025-12-19 17:23:47,117 - nvd_autonomous - INFO - Start Talking: 0
2025-12-19 17:23:47,117 - nvd_autonomous - INFO - Move to: [-35, -3]
2025-12-19 17:23:47,920 - nvd_autonomous - INFO - No one talking
2025-12-19 17:24:01,187 - nvd_autonomous - INFO - Move pan to: 0
2025-12-19 17:24:01,188 - nvd_autonomous - INFO - Move tilt to: -3
2025-12-19 17:24:01,391 - nvd_autonomous - INFO - Start Talking: 1
2025-12-19 17:24:01,391 - nvd_autonomous - INFO - Move to: [-35, -3]
2025-12-19 17:24:03,803 - nvd_autonomous - INFO - Clean Queue
2025-12-19 17:24:04,408 - nvd_autonomous - INFO - Start Talking: 0
2025-12-19 17:24:04,408 - nvd_autonomous - INFO - Move to: [-35, -3]
2025-12-19 17:24:05,614 - nvd_autonomous - INFO - Start Talking: 1
2025-12-19 17:24:05,614 - nvd_autonomous - INFO - Move to: [-35, -3]
2025-12-19 17:24:05,815 - nvd_autonomous - INFO - Start Talking: 0
2025-12-19 17:24:05,815 - nvd_autonomous - INFO - Move to: [-35, -3]
2025-12-19 17:24:06,016 - nvd_autonomous - INFO - Start Talking: 1
2025-12-19 17:24:06,016 - nvd_autonomous - INFO - Move to: [-35, -3]
2025-12-19 17:24:09,233 - nvd_autonomous - INFO - No one talking
2025-12-19 17:24:12,851 - nvd_autonomous - INFO - Start Talking: 0
2025-12-19 17:24:12,852 - nvd_autonomous - INFO - Move to: [-35, -3]
2025-12-19 17:24:14,259 - nvd_autonomous - INFO - Start Talking: 0
2025-12-19 17:24:14,259 - nvd_autonomous - INFO - Move to: [-35, -3]
2025-12-19 17:24:14,661 - nvd_autonomous - INFO - No one talking
2025-12-19 17:24:15,264 - nvd_autonomous - INFO - Start Talking: 0
2025-12-19 17:24:15,264 - nvd_autonomous - INFO - Move to: [-35, -3]
2025-12-19 17:24:15,666 - nvd_autonomous - INFO - No one talking
2025-12-19 17:24:26,119 - nvd_autonomous - INFO - Move pan to: 0
2025-12-19 17:24:26,119 - nvd_autonomous - INFO - Move tilt to: -3
2025-12-19 17:24:26,322 - nvd_autonomous - INFO - Start Talking: 0
2025-12-19 17:24:26,322 - nvd_autonomous - INFO - Move to: [-35, -3]
2025-12-19 17:24:31,147 - nvd_autonomous - INFO - No one talking
2025-12-19 17:24:31,348 - nvd_autonomous - INFO - Start Talking: 0
2025-12-19 17:24:31,348 - nvd_autonomous - INFO - Move to: [-35, -3]
2025-12-19 17:24:31,750 - nvd_autonomous - INFO - No one talking
2025-12-19 17:24:31,951 - nvd_autonomous - INFO - Start Talking: 0
2025-12-19 17:24:31,951 - nvd_autonomous - INFO - Move to: [-35, -3]
2025-12-19 17:24:37,380 - nvd_autonomous - INFO - Start Talking: 0
2025-12-19 17:24:37,381 - nvd_autonomous - INFO - Move to: [-35, -3]
2025-12-19 17:24:40,997 - nvd_autonomous - INFO - Robot start talking
2025-12-19 17:24:41,198 - nvd_autonomous - INFO - Start Talking: 0
2025-12-19 17:24:41,198 - nvd_autonomous - INFO - Move to: [-35, -3]
2025-12-19 17:24:48,237 - nvd_autonomous - INFO - Backchanneling to: [-35, -3]
2025-12-19 17:24:51,654 - nvd_autonomous - INFO - No one talking
2025-12-19 17:24:52,659 - nvd_autonomous - INFO - Start Talking: 0
2025-12-19 17:24:52,659 - nvd_autonomous - INFO - Move to: [-35, -3]
2025-12-19 17:24:53,061 - nvd_autonomous - INFO - No one talking
2025-12-19 17:24:54,670 - nvd_autonomous - INFO - Start Talking: 0
2025-12-19 17:24:54,670 - nvd_autonomous - INFO - Move to: [-35, -3]
2025-12-19 17:25:00,298 - nvd_autonomous - INFO - No one talking
2025-12-19 17:25:03,112 - nvd_autonomous - INFO - Start Talking: 0
2025-12-19 17:25:03,113 - nvd_autonomous - INFO - Move to: [-35, -3]
2025-12-19 17:25:03,917 - nvd_autonomous - INFO - Move pan to: 35
2025-12-19 17:25:03,917 - nvd_autonomous - INFO - Move tilt to: -3
2025-12-19 17:25:04,519 - nvd_autonomous - INFO - Start Talking: 0
2025-12-19 17:25:04,519 - nvd_autonomous - INFO - Move to: [-35, -3]
2025-12-19 17:25:06,128 - nvd_autonomous - INFO - Move pan to: 35
2025-12-19 17:25:06,128 - nvd_autonomous - INFO - Move tilt to: -3
2025-12-19 17:25:11,557 - nvd_autonomous - INFO - Backchanneling to: [-35, -3]
2025-12-19 17:25:12,964 - nvd_autonomous - INFO - No one talking
2025-12-19 17:25:13,768 - nvd_autonomous - INFO - Start Talking: 0
2025-12-19 17:25:13,768 - nvd_autonomous - INFO - Move to: [-35, -3]
2025-12-19 17:25:15,780 - nvd_autonomous - INFO - No one talking
2025-12-19 17:25:16,382 - nvd_autonomous - INFO - Start Talking: 0
2025-12-19 17:25:16,382 - nvd_autonomous - INFO - Move to: [-35, -3]
2025-12-19 17:25:18,795 - nvd_autonomous - INFO - Move pan to: 35
2025-12-19 17:25:18,795 - nvd_autonomous - INFO - Move tilt to: -3
2025-12-19 17:25:18,996 - nvd_autonomous - INFO - Start Talking: 0
2025-12-19 17:25:18,997 - nvd_autonomous - INFO - Move to: [-35, -3]
2025-12-19 17:25:19,600 - nvd_autonomous - INFO - No one talking
2025-12-19 17:25:20,002 - nvd_autonomous - INFO - Start Talking: 0
2025-12-19 17:25:20,002 - nvd_autonomous - INFO - Move to: [-35, -3]
2025-12-19 17:25:21,810 - nvd_autonomous - INFO - No one talking
2025-12-19 17:25:25,026 - nvd_autonomous - INFO - Start Talking: 0
2025-12-19 17:25:25,026 - nvd_autonomous - INFO - Move to: [-35, -3]
2025-12-19 17:25:25,629 - nvd_autonomous - INFO - No one talking
2025-12-19 17:25:26,634 - nvd_autonomous - INFO - Start Talking: 0
2025-12-19 17:25:26,634 - nvd_autonomous - INFO - Move to: [-35, -3]
2025-12-19 17:25:29,247 - nvd_autonomous - INFO - No one talking
2025-12-19 17:25:30,654 - nvd_autonomous - INFO - Start Talking: 0
2025-12-19 17:25:30,654 - nvd_autonomous - INFO - Move to: [-35, -3]
2025-12-19 17:25:31,056 - nvd_autonomous - INFO - No one talking
2025-12-19 17:25:31,257 - nvd_autonomous - INFO - Start Talking: 0
2025-12-19 17:25:31,257 - nvd_autonomous - INFO - Move to: [-35, -3]
2025-12-19 17:25:31,660 - nvd_autonomous - INFO - No one talking
2025-12-19 17:25:32,464 - nvd_autonomous - INFO - Start Talking: 1
2025-12-19 17:25:32,465 - nvd_autonomous - INFO - Move to: [-35, -3]
2025-12-19 17:25:33,872 - nvd_autonomous - INFO - No one talking
2025-12-19 17:25:35,882 - nvd_autonomous - INFO - Start Talking: 0
2025-12-19 17:25:35,882 - nvd_autonomous - INFO - Move to: [-35, -3]
2025-12-19 17:25:37,894 - nvd_autonomous - INFO - No one talking
2025-12-19 17:25:39,100 - nvd_autonomous - INFO - Move pan to: 0
2025-12-19 17:25:39,100 - nvd_autonomous - INFO - Move tilt to: -3
2025-12-19 17:25:39,302 - nvd_autonomous - INFO - Start Talking: 0
2025-12-19 17:25:39,302 - nvd_autonomous - INFO - Move to: [-35, -3]
2025-12-19 17:25:40,710 - nvd_autonomous - INFO - No one talking
2025-12-19 17:25:40,911 - nvd_autonomous - INFO - Start Talking: 0
2025-12-19 17:25:40,912 - nvd_autonomous - INFO - Move to: [-35, -3]
2025-12-19 17:25:43,727 - nvd_autonomous - INFO - No one talking
2025-12-19 17:25:51,969 - nvd_autonomous - INFO - Robot start talking
2025-12-19 17:25:52,171 - nvd_autonomous - INFO - Robot start talking
2025-12-19 17:25:52,372 - nvd_autonomous - INFO - Robot start talking
2025-12-19 17:25:52,573 - nvd_autonomous - INFO - Robot start talking
2025-12-19 17:25:52,774 - nvd_autonomous - INFO - Robot start talking
2025-12-19 17:25:52,975 - nvd_autonomous - INFO - Robot start talking
2025-12-19 17:25:53,176 - nvd_autonomous - INFO - Robot start talking
2025-12-19 17:25:53,378 - nvd_autonomous - INFO - Robot start talking
2025-12-19 17:25:53,579 - nvd_autonomous - INFO - Robot start talking
2025-12-19 17:25:53,780 - nvd_autonomous - INFO - Robot start talking
2025-12-19 17:25:53,981 - nvd_autonomous - INFO - Robot start talking
2025-12-19 17:25:54,182 - nvd_autonomous - INFO - Robot start talking
2025-12-19 17:25:54,383 - nvd_autonomous - INFO - Robot start talking
2025-12-19 17:25:54,584 - nvd_autonomous - INFO - Robot start talking
2025-12-19 17:25:54,785 - nvd_autonomous - INFO - Robot start talking
2025-12-19 17:25:54,986 - nvd_autonomous - INFO - Robot start talking
2025-12-19 17:25:55,187 - nvd_autonomous - INFO - Robot start talking
2025-12-19 17:25:55,388 - nvd_autonomous - INFO - Robot start talking
2025-12-19 17:25:55,589 - nvd_autonomous - INFO - Start Talking: 0
2025-12-19 17:25:55,590 - nvd_autonomous - INFO - Move to: [-35, -3]
2025-12-19 17:25:55,790 - nvd_autonomous - INFO - Robot start talking
2025-12-19 17:25:55,991 - nvd_autonomous - INFO - Robot start talking
2025-12-19 17:25:56,192 - nvd_autonomous - INFO - Robot start talking
2025-12-19 17:25:56,393 - nvd_autonomous - INFO - Robot start talking
2025-12-19 17:25:56,594 - nvd_autonomous - INFO - Robot start talking
2025-12-19 17:25:56,795 - nvd_autonomous - INFO - Robot start talking
2025-12-19 17:25:56,996 - nvd_autonomous - INFO - Robot start talking
2025-12-19 17:25:57,197 - nvd_autonomous - INFO - Robot start talking
2025-12-19 17:25:57,398 - nvd_autonomous - INFO - Robot start talking
2025-12-19 17:25:57,599 - nvd_autonomous - INFO - Robot start talking
2025-12-19 17:25:57,801 - nvd_autonomous - INFO - Robot start talking
2025-12-19 17:25:58,003 - nvd_autonomous - INFO - Robot start talking
2025-12-19 17:25:58,204 - nvd_autonomous - INFO - Robot start talking
2025-12-19 17:25:58,405 - nvd_autonomous - INFO - Robot start talking
2025-12-19 17:25:58,606 - nvd_autonomous - INFO - Robot start talking
2025-12-19 17:25:58,808 - nvd_autonomous - INFO - Robot start talking
2025-12-19 17:25:59,009 - nvd_autonomous - INFO - Robot start talking
2025-12-19 17:25:59,210 - nvd_autonomous - INFO - Robot start talking
2025-12-19 17:25:59,411 - nvd_autonomous - INFO - Robot start talking
2025-12-19 17:25:59,612 - nvd_autonomous - INFO - Robot start talking
2025-12-19 17:25:59,813 - nvd_autonomous - INFO - Robot start talking
2025-12-19 17:26:00,018 - nvd_autonomous - INFO - Robot start talking
2025-12-19 17:26:00,219 - nvd_autonomous - INFO - Robot start talking
2025-12-19 17:26:00,420 - nvd_autonomous - INFO - Robot start talking
2025-12-19 17:26:00,621 - nvd_autonomous - INFO - Robot start talking
2025-12-19 17:26:00,822 - nvd_autonomous - INFO - Robot start talking
2025-12-19 17:26:01,023 - nvd_autonomous - INFO - Robot start talking
2025-12-19 17:26:01,225 - nvd_autonomous - INFO - Robot start talking
2025-12-19 17:26:01,426 - nvd_autonomous - INFO - Robot start talking
2025-12-19 17:26:01,627 - nvd_autonomous - INFO - Robot start talking
2025-12-19 17:26:01,828 - nvd_autonomous - INFO - Robot start talking
2025-12-19 17:26:02,029 - nvd_autonomous - INFO - Robot start talking
2025-12-19 17:26:02,230 - nvd_autonomous - INFO - Start Talking: 0
2025-12-19 17:26:02,231 - nvd_autonomous - INFO - Move to: [-35, -3]
2025-12-19 17:26:03,236 - nvd_autonomous - INFO - Robot start talking
2025-12-19 17:26:03,437 - nvd_autonomous - INFO - Robot start talking
2025-12-19 17:26:03,638 - nvd_autonomous - INFO - Robot start talking
2025-12-19 17:26:03,839 - nvd_autonomous - INFO - Robot start talking
2025-12-19 17:26:04,040 - nvd_autonomous - INFO - Start Talking: 1
2025-12-19 17:26:04,040 - nvd_autonomous - INFO - Move to: [-35, -3]
2025-12-19 17:26:04,241 - nvd_autonomous - INFO - Robot start talking
2025-12-19 17:26:04,442 - nvd_autonomous - INFO - Robot start talking
2025-12-19 17:26:04,643 - nvd_autonomous - INFO - Robot start talking
2025-12-19 17:26:04,844 - nvd_autonomous - INFO - Robot start talking
2025-12-19 17:26:05,046 - nvd_autonomous - INFO - Robot start talking
2025-12-19 17:26:05,248 - nvd_autonomous - INFO - Robot start talking
2025-12-19 17:26:05,469 - nvd_autonomous - INFO - Robot start talking
2025-12-19 17:26:05,670 - nvd_autonomous - INFO - Robot start talking
2025-12-19 17:26:05,872 - nvd_autonomous - INFO - Robot start talking
2025-12-19 17:26:06,073 - nvd_autonomous - INFO - Robot start talking
2025-12-19 17:26:06,274 - nvd_autonomous - INFO - Robot start talking
2025-12-19 17:26:06,474 - nvd_autonomous - INFO - Robot start talking
2025-12-19 17:26:06,676 - nvd_autonomous - INFO - Robot start talking
2025-12-19 17:26:06,877 - nvd_autonomous - INFO - Start Talking: 0
2025-12-19 17:26:06,877 - nvd_autonomous - INFO - Move to: [-35, -3]
2025-12-19 17:26:07,279 - nvd_autonomous - INFO - Robot start talking
2025-12-19 17:26:07,480 - nvd_autonomous - INFO - Robot start talking
2025-12-19 17:26:07,681 - nvd_autonomous - INFO - Robot start talking
2025-12-19 17:26:07,882 - nvd_autonomous - INFO - Robot start talking
2025-12-19 17:26:08,083 - nvd_autonomous - INFO - Robot start talking
2025-12-19 17:26:08,284 - nvd_autonomous - INFO - Robot start talking
2025-12-19 17:26:08,486 - nvd_autonomous - INFO - Robot start talking
2025-12-19 17:26:08,687 - nvd_autonomous - INFO - Robot start talking
2025-12-19 17:26:08,888 - nvd_autonomous - INFO - Robot start talking
2025-12-19 17:26:09,089 - nvd_autonomous - INFO - Robot start talking
2025-12-19 17:26:09,290 - nvd_autonomous - INFO - Robot start talking
2025-12-19 17:26:09,491 - nvd_autonomous - INFO - Robot start talking
2025-12-19 17:26:09,693 - nvd_autonomous - INFO - Robot start talking
2025-12-19 17:26:09,894 - nvd_autonomous - INFO - Robot start talking
2025-12-19 17:26:10,096 - nvd_autonomous - INFO - Robot start talking
2025-12-19 17:26:10,297 - nvd_autonomous - INFO - Robot start talking
2025-12-19 17:26:10,498 - nvd_autonomous - INFO - Robot start talking
2025-12-19 17:26:10,699 - nvd_autonomous - INFO - Robot start talking
2025-12-19 17:26:10,900 - nvd_autonomous - INFO - Move pan to: 35
2025-12-19 17:26:10,900 - nvd_autonomous - INFO - Move tilt to: -3
2025-12-19 17:26:10,901 - nvd_autonomous - INFO - Robot start talking
2025-12-19 17:26:11,103 - nvd_autonomous - INFO - Robot start talking
2025-12-19 17:26:11,305 - nvd_autonomous - INFO - Start Talking: 0
2025-12-19 17:26:11,305 - nvd_autonomous - INFO - Move to: [-35, -3]
2025-12-19 17:26:11,707 - nvd_autonomous - INFO - Robot start talking
2025-12-19 17:26:11,908 - nvd_autonomous - INFO - Robot start talking
2025-12-19 17:26:12,109 - nvd_autonomous - INFO - Robot start talking
2025-12-19 17:26:12,310 - nvd_autonomous - INFO - Robot start talking
2025-12-19 17:26:12,511 - nvd_autonomous - INFO - Robot start talking
2025-12-19 17:26:12,712 - nvd_autonomous - INFO - Robot start talking
2025-12-19 17:26:12,913 - nvd_autonomous - INFO - Robot start talking
2025-12-19 17:26:13,114 - nvd_autonomous - INFO - Robot start talking
2025-12-19 17:26:13,315 - nvd_autonomous - INFO - Robot start talking
2025-12-19 17:26:13,516 - nvd_autonomous - INFO - Robot start talking
2025-12-19 17:26:13,719 - nvd_autonomous - INFO - Robot start talking
2025-12-19 17:26:13,920 - nvd_autonomous - INFO - Robot start talking
2025-12-19 17:26:14,121 - nvd_autonomous - INFO - Robot start talking
2025-12-19 17:26:14,323 - nvd_autonomous - INFO - Robot start talking
2025-12-19 17:26:14,524 - nvd_autonomous - INFO - Robot start talking
2025-12-19 17:26:14,725 - nvd_autonomous - INFO - Robot start talking
2025-12-19 17:26:14,925 - nvd_autonomous - INFO - Robot start talking
2025-12-19 17:26:15,127 - nvd_autonomous - INFO - Robot start talking
2025-12-19 17:26:15,328 - nvd_autonomous - INFO - Robot start talking
2025-12-19 17:26:15,529 - nvd_autonomous - INFO - Robot start talking
2025-12-19 17:26:15,730 - nvd_autonomous - INFO - Robot start talking
2025-12-19 17:26:15,931 - nvd_autonomous - INFO - Robot start talking
2025-12-19 17:26:16,132 - nvd_autonomous - INFO - Robot start talking
2025-12-19 17:26:16,333 - nvd_autonomous - INFO - Robot start talking
2025-12-19 17:26:16,534 - nvd_autonomous - INFO - Robot start talking
2025-12-19 17:26:16,735 - nvd_autonomous - INFO - Robot start talking
2025-12-19 17:26:16,936 - nvd_autonomous - INFO - Robot start talking
2025-12-19 17:26:17,137 - nvd_autonomous - INFO - Robot start talking
2025-12-19 17:26:17,338 - nvd_autonomous - INFO - Robot start talking
2025-12-19 17:26:17,539 - nvd_autonomous - INFO - Robot start talking
2025-12-19 17:26:17,949 - nvd_autonomous - INFO - No one talking
2025-12-19 17:26:18,753 - nvd_autonomous - INFO - Start Talking: 0
2025-12-19 17:26:18,753 - nvd_autonomous - INFO - Move to: [-35, -3]
2025-12-19 17:26:22,372 - nvd_autonomous - INFO - Start Talking: 0
2025-12-19 17:26:22,372 - nvd_autonomous - INFO - Move to: [-35, -3]
2025-12-19 17:26:24,784 - nvd_autonomous - INFO - Start Talking: 3
2025-12-19 17:26:24,784 - nvd_autonomous - INFO - Move to: [35, -3]
2025-12-19 17:26:25,186 - nvd_autonomous - INFO - Start Talking: 0
2025-12-19 17:26:25,186 - nvd_autonomous - INFO - Move to: [-35, -3]
2025-12-19 17:26:25,588 - nvd_autonomous - INFO - Start Talking: 3
2025-12-19 17:26:25,588 - nvd_autonomous - INFO - Move to: [35, -3]
2025-12-19 17:26:25,990 - nvd_autonomous - INFO - Start Talking: 0
2025-12-19 17:26:25,991 - nvd_autonomous - INFO - Move to: [-35, -3]
2025-12-19 17:26:26,192 - nvd_autonomous - INFO - Start Talking: 3
2025-12-19 17:26:26,193 - nvd_autonomous - INFO - Move to: [35, -3]
2025-12-19 17:26:26,595 - nvd_autonomous - INFO - Move pan to: 35
2025-12-19 17:26:26,595 - nvd_autonomous - INFO - Move tilt to: -3
2025-12-19 17:26:27,399 - nvd_autonomous - INFO - Start Talking: 0
2025-12-19 17:26:27,399 - nvd_autonomous - INFO - Move to: [-35, -3]
2025-12-19 17:26:28,002 - nvd_autonomous - INFO - No one talking
2025-12-19 17:26:28,203 - nvd_autonomous - INFO - Start Talking: 1
2025-12-19 17:26:28,203 - nvd_autonomous - INFO - Move to: [-35, -3]
2025-12-19 17:26:28,606 - nvd_autonomous - INFO - No one talking
2025-12-19 17:26:35,240 - nvd_autonomous - INFO - Move pan to: 35
2025-12-19 17:26:35,240 - nvd_autonomous - INFO - Move tilt to: -3
2025-12-19 17:26:39,061 - nvd_autonomous - INFO - Start Talking: 3
2025-12-19 17:26:39,061 - nvd_autonomous - INFO - Move to: [35, -3]
2025-12-19 17:26:40,267 - nvd_autonomous - INFO - Robot start talking
2025-12-19 17:26:40,468 - nvd_autonomous - INFO - Start Talking: 3
2025-12-19 17:26:40,468 - nvd_autonomous - INFO - Move to: [35, -3]
2025-12-19 17:26:40,870 - nvd_autonomous - INFO - No one talking
2025-12-19 17:26:42,479 - nvd_autonomous - INFO - Set image to: star.png
2025-12-19 17:26:42,479 - nvd_autonomous - INFO - Start Talking: 3
2025-12-19 17:26:42,479 - nvd_autonomous - INFO - Move to: [35, -3]
2025-12-19 17:26:42,882 - nvd_autonomous - INFO - No one talking
2025-12-19 17:26:48,712 - nvd_autonomous - INFO - Clean Queue
2025-12-19 17:26:49,718 - nvd_autonomous - INFO - Start Talking: 0
2025-12-19 17:26:49,718 - nvd_autonomous - INFO - Move to: [-35, -3]
2025-12-19 17:26:52,532 - nvd_autonomous - INFO - No one talking
2025-12-19 17:26:53,739 - nvd_autonomous - INFO - Start Talking: 0
2025-12-19 17:26:53,739 - nvd_autonomous - INFO - Move to: [-35, -3]
2025-12-19 17:26:55,347 - nvd_autonomous - INFO - Robot start talking
2025-12-19 17:26:55,548 - nvd_autonomous - INFO - Start Talking: 0
2025-12-19 17:26:55,548 - nvd_autonomous - INFO - Move to: [-35, -3]
2025-12-19 17:26:55,749 - nvd_autonomous - INFO - Robot start talking
2025-12-19 17:26:55,950 - nvd_autonomous - INFO - Start Talking: 0
2025-12-19 17:26:55,950 - nvd_autonomous - INFO - Move to: [-35, -3]
2025-12-19 17:26:57,558 - nvd_autonomous - INFO - No one talking
2025-12-19 17:26:59,167 - nvd_autonomous - INFO - Start Talking: 0
2025-12-19 17:26:59,167 - nvd_autonomous - INFO - Move to: [-35, -3]
2025-12-19 17:26:59,971 - nvd_autonomous - INFO - Clean Queue
2025-12-19 17:26:59,972 - nvd_autonomous - INFO - Start Talking: 0
2025-12-19 17:26:59,973 - nvd_autonomous - INFO - Move to: [-35, -3]
2025-12-19 17:27:02,184 - nvd_autonomous - INFO - Set image to: blink.gif
2025-12-19 17:27:04,999 - nvd_autonomous - INFO - Robot start talking
2025-12-19 17:27:05,201 - nvd_autonomous - INFO - Robot start talking
2025-12-19 17:27:05,402 - nvd_autonomous - INFO - Robot start talking
2025-12-19 17:27:05,602 - nvd_autonomous - INFO - Robot start talking
2025-12-19 17:27:05,804 - nvd_autonomous - INFO - Robot start talking
2025-12-19 17:27:06,004 - nvd_autonomous - INFO - Start Talking: 3
2025-12-19 17:27:06,004 - nvd_autonomous - INFO - Move to: [35, -3]
2025-12-19 17:27:13,040 - nvd_autonomous - INFO - Backchanneling to: [35, -3]
2025-12-19 17:27:14,045 - nvd_autonomous - INFO - Robot start talking
2025-12-19 17:27:14,246 - nvd_autonomous - INFO - Start Talking: 3
2025-12-19 17:27:14,246 - nvd_autonomous - INFO - Move to: [35, -3]
2025-12-19 17:27:16,055 - nvd_autonomous - INFO - Robot start talking
2025-12-19 17:27:16,256 - nvd_autonomous - INFO - Start Talking: 3
2025-12-19 17:27:16,257 - nvd_autonomous - INFO - Move to: [35, -3]
2025-12-19 17:27:20,277 - nvd_autonomous - INFO - Start Talking: 3
2025-12-19 17:27:20,277 - nvd_autonomous - INFO - Move to: [35, -3]
2025-12-19 17:27:26,508 - nvd_autonomous - INFO - No one talking
2025-12-19 17:27:28,922 - nvd_autonomous - INFO - Start Talking: 3
2025-12-19 17:27:28,922 - nvd_autonomous - INFO - Move to: [35, -3]
2025-12-19 17:27:33,950 - nvd_autonomous - INFO - No one talking
2025-12-19 17:27:34,150 - nvd_autonomous - INFO - Start Talking: 3
2025-12-19 17:27:34,150 - nvd_autonomous - INFO - Move to: [35, -3]
2025-12-19 17:27:34,755 - nvd_autonomous - INFO - No one talking
2025-12-19 17:27:35,358 - nvd_autonomous - INFO - Start Talking: 3
2025-12-19 17:27:35,358 - nvd_autonomous - INFO - Move to: [35, -3]
2025-12-19 17:27:35,760 - nvd_autonomous - INFO - Start Talking: 3
2025-12-19 17:27:35,760 - nvd_autonomous - INFO - Move to: [35, -3]
2025-12-19 17:27:36,966 - nvd_autonomous - INFO - No one talking
2025-12-19 17:27:38,976 - nvd_autonomous - INFO - Start Talking: 3
2025-12-19 17:27:38,976 - nvd_autonomous - INFO - Move to: [35, -3]
2025-12-19 17:27:39,378 - nvd_autonomous - INFO - Start Talking: 3
2025-12-19 17:27:39,378 - nvd_autonomous - INFO - Move to: [35, -3]
2025-12-19 17:27:40,584 - nvd_autonomous - INFO - Robot start talking
2025-12-19 17:27:40,785 - nvd_autonomous - INFO - Start Talking: 3
2025-12-19 17:27:40,785 - nvd_autonomous - INFO - Move to: [35, -3]
2025-12-19 17:27:43,800 - nvd_autonomous - INFO - No one talking
2025-12-19 17:27:44,806 - nvd_autonomous - INFO - Start Talking: 3
2025-12-19 17:27:44,806 - nvd_autonomous - INFO - Move to: [35, -3]
2025-12-19 17:27:48,625 - nvd_autonomous - INFO - No one talking
2025-12-19 17:27:50,032 - nvd_autonomous - INFO - Start Talking: 3
2025-12-19 17:27:50,032 - nvd_autonomous - INFO - Move to: [35, -3]
2025-12-19 17:27:51,440 - nvd_autonomous - INFO - No one talking
2025-12-19 17:27:59,279 - nvd_autonomous - INFO - Start Talking: 3
2025-12-19 17:27:59,280 - nvd_autonomous - INFO - Move to: [35, -3]
2025-12-19 17:28:01,290 - nvd_autonomous - INFO - No one talking
2025-12-19 17:28:04,306 - nvd_autonomous - INFO - Start Talking: 3
2025-12-19 17:28:04,306 - nvd_autonomous - INFO - Move to: [35, -3]
2025-12-19 17:28:04,910 - nvd_autonomous - INFO - Start Talking: 3
2025-12-19 17:28:04,910 - nvd_autonomous - INFO - Move to: [35, -3]
2025-12-19 17:28:06,920 - nvd_autonomous - INFO - Start Talking: 3
2025-12-19 17:28:06,920 - nvd_autonomous - INFO - Move to: [35, -3]
2025-12-19 17:28:07,925 - nvd_autonomous - INFO - Robot start talking
2025-12-19 17:28:08,327 - nvd_autonomous - INFO - No one talking
2025-12-19 17:28:10,538 - nvd_autonomous - INFO - Start Talking: 3
2025-12-19 17:28:10,538 - nvd_autonomous - INFO - Move to: [35, -3]
2025-12-19 17:28:12,749 - nvd_autonomous - INFO - No one talking
2025-12-19 17:28:13,151 - nvd_autonomous - INFO - Start Talking: 3
2025-12-19 17:28:13,151 - nvd_autonomous - INFO - Move to: [35, -3]
2025-12-19 17:28:15,765 - nvd_autonomous - INFO - No one talking
2025-12-19 17:28:16,770 - nvd_autonomous - INFO - Start Talking: 3
2025-12-19 17:28:16,771 - nvd_autonomous - INFO - Move to: [35, -3]
2025-12-19 17:28:19,987 - nvd_autonomous - INFO - No one talking
2025-12-19 17:28:20,992 - nvd_autonomous - INFO - Start Talking: 3
2025-12-19 17:28:20,993 - nvd_autonomous - INFO - Move to: [35, -3]
2025-12-19 17:28:22,803 - nvd_autonomous - INFO - No one talking
2025-12-19 17:28:26,019 - nvd_autonomous - INFO - Start Talking: 3
2025-12-19 17:28:26,020 - nvd_autonomous - INFO - Move to: [35, -3]
2025-12-19 17:28:26,422 - nvd_autonomous - INFO - Start Talking: 3
2025-12-19 17:28:26,422 - nvd_autonomous - INFO - Move to: [35, -3]
2025-12-19 17:28:28,231 - nvd_autonomous - INFO - No one talking
2025-12-19 17:28:29,437 - nvd_autonomous - INFO - Start Talking: 0
2025-12-19 17:28:29,437 - nvd_autonomous - INFO - Move to: [-35, -3]
2025-12-19 17:28:31,850 - nvd_autonomous - INFO - No one talking
2025-12-19 17:28:37,278 - nvd_autonomous - INFO - Move pan to: 35
2025-12-19 17:28:37,278 - nvd_autonomous - INFO - Move tilt to: -3
2025-12-19 17:28:37,884 - nvd_autonomous - INFO - Start Talking: 3
2025-12-19 17:28:37,885 - nvd_autonomous - INFO - Move to: [35, -3]
2025-12-19 17:28:39,293 - nvd_autonomous - INFO - No one talking
2025-12-19 17:28:42,710 - nvd_autonomous - INFO - Start Talking: 3
2025-12-19 17:28:42,711 - nvd_autonomous - INFO - Move to: [35, -3]
2025-12-19 17:28:43,314 - nvd_autonomous - INFO - No one talking
2025-12-19 17:28:46,128 - nvd_autonomous - INFO - Start Talking: 3
2025-12-19 17:28:46,129 - nvd_autonomous - INFO - Move to: [35, -3]
2025-12-19 17:28:48,340 - nvd_autonomous - INFO - No one talking
2025-12-19 17:28:49,145 - nvd_autonomous - INFO - Robot start talking
2025-12-19 17:28:49,347 - nvd_autonomous - INFO - Start Talking: 0
2025-12-19 17:28:49,348 - nvd_autonomous - INFO - Move to: [-35, -3]
2025-12-19 17:28:49,549 - nvd_autonomous - INFO - Start Talking: 3
2025-12-19 17:28:49,549 - nvd_autonomous - INFO - Move to: [35, -3]
2025-12-19 17:28:53,370 - nvd_autonomous - INFO - Move pan to: 35
2025-12-19 17:28:53,370 - nvd_autonomous - INFO - Move tilt to: -3
2025-12-19 17:28:55,582 - nvd_autonomous - INFO - No one talking
2025-12-19 17:28:57,793 - nvd_autonomous - INFO - Start Talking: 3
2025-12-19 17:28:57,793 - nvd_autonomous - INFO - Move to: [35, -3]
2025-12-19 17:28:58,195 - nvd_autonomous - INFO - No one talking
2025-12-19 17:28:59,602 - nvd_autonomous - INFO - Start Talking: 3
2025-12-19 17:28:59,602 - nvd_autonomous - INFO - Move to: [35, -3]
2025-12-19 17:29:00,808 - nvd_autonomous - INFO - No one talking
2025-12-19 17:29:01,210 - nvd_autonomous - INFO - Start Talking: 3
2025-12-19 17:29:01,210 - nvd_autonomous - INFO - Move to: [35, -3]
2025-12-19 17:29:01,613 - nvd_autonomous - INFO - No one talking
2025-12-19 17:29:01,814 - nvd_autonomous - INFO - Start Talking: 3
2025-12-19 17:29:01,814 - nvd_autonomous - INFO - Move to: [35, -3]
2025-12-19 17:29:02,417 - nvd_autonomous - INFO - No one talking
2025-12-19 17:29:03,824 - nvd_autonomous - INFO - Start Talking: 3
2025-12-19 17:29:03,825 - nvd_autonomous - INFO - Move to: [35, -3]
2025-12-19 17:29:06,438 - nvd_autonomous - INFO - Robot start talking
2025-12-19 17:29:06,841 - nvd_autonomous - INFO - No one talking
2025-12-19 17:29:07,847 - nvd_autonomous - INFO - Start Talking: 3
2025-12-19 17:29:07,847 - nvd_autonomous - INFO - Move to: [35, -3]
2025-12-19 17:29:09,254 - nvd_autonomous - INFO - Start Talking: 0
2025-12-19 17:29:09,254 - nvd_autonomous - INFO - Move to: [-35, -3]
2025-12-19 17:29:09,456 - nvd_autonomous - INFO - Start Talking: 3
2025-12-19 17:29:09,456 - nvd_autonomous - INFO - Move to: [35, -3]
2025-12-19 17:29:10,260 - nvd_autonomous - INFO - Start Talking: 0
2025-12-19 17:29:10,260 - nvd_autonomous - INFO - Move to: [-35, -3]
2025-12-19 17:29:10,461 - nvd_autonomous - INFO - Start Talking: 3
2025-12-19 17:29:10,463 - nvd_autonomous - INFO - Move to: [35, -3]
2025-12-19 17:29:13,075 - nvd_autonomous - INFO - Robot start talking
2025-12-19 17:29:13,478 - nvd_autonomous - INFO - No one talking
2025-12-19 17:29:15,490 - nvd_autonomous - INFO - Start Talking: 3
2025-12-19 17:29:15,491 - nvd_autonomous - INFO - Move to: [35, -3]
2025-12-19 17:29:15,893 - nvd_autonomous - INFO - No one talking
2025-12-19 17:29:16,094 - nvd_autonomous - INFO - Start Talking: 3
2025-12-19 17:29:16,094 - nvd_autonomous - INFO - Move to: [35, -3]
2025-12-19 17:29:16,295 - nvd_autonomous - INFO - Move pan to: 35
2025-12-19 17:29:16,295 - nvd_autonomous - INFO - Move tilt to: -3
2025-12-19 17:29:16,496 - nvd_autonomous - INFO - No one talking
2025-12-19 17:29:18,505 - nvd_autonomous - INFO - Start Talking: 3
2025-12-19 17:29:18,505 - nvd_autonomous - INFO - Move to: [35, -3]
2025-12-19 17:29:19,913 - nvd_autonomous - INFO - Start Talking: 3
2025-12-19 17:29:19,913 - nvd_autonomous - INFO - Move to: [35, -3]
2025-12-19 17:29:20,315 - nvd_autonomous - INFO - No one talking
2025-12-19 17:29:20,516 - nvd_autonomous - INFO - Start Talking: 3
2025-12-19 17:29:20,518 - nvd_autonomous - INFO - Move to: [35, -3]
2025-12-19 17:29:20,920 - nvd_autonomous - INFO - No one talking
2025-12-19 17:29:23,332 - nvd_autonomous - INFO - Start Talking: 3
2025-12-19 17:29:23,332 - nvd_autonomous - INFO - Move to: [35, -3]
2025-12-19 17:29:23,936 - nvd_autonomous - INFO - No one talking
2025-12-19 17:29:24,339 - nvd_autonomous - INFO - Start Talking: 3
2025-12-19 17:29:24,339 - nvd_autonomous - INFO - Move to: [35, -3]
2025-12-19 17:29:25,545 - nvd_autonomous - INFO - Robot start talking
2025-12-19 17:29:25,746 - nvd_autonomous - INFO - Robot start talking
2025-12-19 17:29:25,947 - nvd_autonomous - INFO - Start Talking: 3
2025-12-19 17:29:25,947 - nvd_autonomous - INFO - Move to: [35, -3]
2025-12-19 17:29:26,751 - nvd_autonomous - INFO - Robot start talking
2025-12-19 17:29:27,153 - nvd_autonomous - INFO - Start Talking: 3
2025-12-19 17:29:27,153 - nvd_autonomous - INFO - Move to: [35, -3]
2025-12-19 17:29:27,555 - nvd_autonomous - INFO - No one talking
2025-12-19 17:29:27,757 - nvd_autonomous - INFO - Start Talking: 3
2025-12-19 17:29:27,757 - nvd_autonomous - INFO - Move to: [35, -3]
2025-12-19 17:29:30,772 - nvd_autonomous - INFO - No one talking
2025-12-19 17:29:32,381 - nvd_autonomous - INFO - Start Talking: 3
2025-12-19 17:29:32,382 - nvd_autonomous - INFO - Move to: [35, -3]
2025-12-19 17:29:32,784 - nvd_autonomous - INFO - No one talking
2025-12-19 17:29:34,794 - nvd_autonomous - INFO - Start Talking: 3
2025-12-19 17:29:34,794 - nvd_autonomous - INFO - Move to: [35, -3]
2025-12-19 17:29:41,831 - nvd_autonomous - INFO - Start Talking: 3
2025-12-19 17:29:41,832 - nvd_autonomous - INFO - Move to: [35, -3]
2025-12-19 17:29:44,243 - nvd_autonomous - INFO - No one talking
2025-12-19 17:29:44,846 - nvd_autonomous - INFO - Start Talking: 3
2025-12-19 17:29:44,846 - nvd_autonomous - INFO - Move to: [35, -3]
2025-12-19 17:29:50,273 - nvd_autonomous - INFO - Start Talking: 0
2025-12-19 17:29:50,274 - nvd_autonomous - INFO - Move to: [-35, -3]
2025-12-19 17:29:52,285 - nvd_autonomous - INFO - Move pan to: -35
2025-12-19 17:29:52,285 - nvd_autonomous - INFO - Move tilt to: -3
2025-12-19 17:29:52,687 - nvd_autonomous - INFO - Start Talking: 3
2025-12-19 17:29:52,687 - nvd_autonomous - INFO - Move to: [35, -3]
2025-12-19 17:29:53,893 - nvd_autonomous - INFO - No one talking
2025-12-19 17:29:54,898 - nvd_autonomous - INFO - Move pan to: 35
2025-12-19 17:29:54,898 - nvd_autonomous - INFO - Move tilt to: -3
2025-12-19 17:29:56,105 - nvd_autonomous - INFO - Start Talking: 3
2025-12-19 17:29:56,105 - nvd_autonomous - INFO - Move to: [35, -3]
2025-12-19 17:29:56,507 - nvd_autonomous - INFO - Start Talking: 3
2025-12-19 17:29:56,507 - nvd_autonomous - INFO - Move to: [35, -3]
2025-12-19 17:29:57,513 - nvd_autonomous - INFO - No one talking
2025-12-19 17:29:58,116 - nvd_autonomous - INFO - Start Talking: 3
2025-12-19 17:29:58,116 - nvd_autonomous - INFO - Move to: [35, -3]
2025-12-19 17:30:00,931 - nvd_autonomous - INFO - Start Talking: 3
2025-12-19 17:30:00,931 - nvd_autonomous - INFO - Move to: [35, -3]
2025-12-19 17:30:07,966 - nvd_autonomous - INFO - Backchanneling to: [35, -3]
2025-12-19 17:30:13,202 - nvd_autonomous - INFO - Robot start talking
2025-12-19 17:30:13,403 - nvd_autonomous - INFO - Robot start talking
2025-12-19 17:30:13,805 - nvd_autonomous - INFO - No one talking
2025-12-19 17:30:14,006 - nvd_autonomous - INFO - Robot start talking
2025-12-19 17:30:14,207 - nvd_autonomous - INFO - Start Talking: 3
2025-12-19 17:30:14,207 - nvd_autonomous - INFO - Move to: [35, -3]
2025-12-19 17:30:14,810 - nvd_autonomous - INFO - No one talking
2025-12-19 17:30:15,011 - nvd_autonomous - INFO - Start Talking: 3
2025-12-19 17:30:15,011 - nvd_autonomous - INFO - Move to: [35, -3]
2025-12-19 17:30:15,614 - nvd_autonomous - INFO - No one talking
2025-12-19 17:30:16,620 - nvd_autonomous - INFO - Start Talking: 3
2025-12-19 17:30:16,620 - nvd_autonomous - INFO - Move to: [35, -3]
2025-12-19 17:30:18,228 - nvd_autonomous - INFO - No one talking
2025-12-19 17:30:19,634 - nvd_autonomous - INFO - Start Talking: 3
2025-12-19 17:30:19,635 - nvd_autonomous - INFO - Move to: [35, -3]
2025-12-19 17:30:20,440 - nvd_autonomous - INFO - No one talking
2025-12-19 17:30:21,445 - nvd_autonomous - INFO - Start Talking: 3
2025-12-19 17:30:21,445 - nvd_autonomous - INFO - Move to: [35, -3]
2025-12-19 17:30:22,852 - nvd_autonomous - INFO - No one talking
2025-12-19 17:30:23,054 - nvd_autonomous - INFO - Robot start talking
2025-12-19 17:30:23,456 - nvd_autonomous - INFO - Robot start talking
2025-12-19 17:30:23,858 - nvd_autonomous - INFO - No one talking
2025-12-19 17:30:24,059 - nvd_autonomous - INFO - Robot start talking
2025-12-19 17:30:24,461 - nvd_autonomous - INFO - No one talking
2025-12-19 17:30:27,476 - nvd_autonomous - INFO - Start Talking: 3
2025-12-19 17:30:27,476 - nvd_autonomous - INFO - Move to: [35, -3]
2025-12-19 17:30:30,291 - nvd_autonomous - INFO - No one talking
2025-12-19 17:30:32,905 - nvd_autonomous - INFO - Start Talking: 3
2025-12-19 17:30:32,905 - nvd_autonomous - INFO - Move to: [35, -3]
2025-12-19 17:30:36,523 - nvd_autonomous - INFO - No one talking
2025-12-19 17:30:40,141 - nvd_autonomous - INFO - Start Talking: 3
2025-12-19 17:30:40,141 - nvd_autonomous - INFO - Move to: [35, -3]
2025-12-19 17:30:43,357 - nvd_autonomous - INFO - No one talking
2025-12-19 17:30:43,960 - nvd_autonomous - INFO - Start Talking: 3
2025-12-19 17:30:43,961 - nvd_autonomous - INFO - Move to: [35, -3]
2025-12-19 17:30:44,363 - nvd_autonomous - INFO - No one talking
2025-12-19 17:30:44,966 - nvd_autonomous - INFO - Start Talking: 3
2025-12-19 17:30:44,966 - nvd_autonomous - INFO - Move to: [35, -3]
2025-12-19 17:30:45,368 - nvd_autonomous - INFO - No one talking
2025-12-19 17:30:45,569 - nvd_autonomous - INFO - Start Talking: 3
2025-12-19 17:30:45,569 - nvd_autonomous - INFO - Move to: [35, -3]
2025-12-19 17:30:46,374 - nvd_autonomous - INFO - No one talking
2025-12-19 17:30:46,575 - nvd_autonomous - INFO - Start Talking: 3
2025-12-19 17:30:46,575 - nvd_autonomous - INFO - Move to: [35, -3]
2025-12-19 17:30:47,178 - nvd_autonomous - INFO - No one talking
2025-12-19 17:30:48,585 - nvd_autonomous - INFO - Start Talking: 3
2025-12-19 17:30:48,585 - nvd_autonomous - INFO - Move to: [35, -3]
2025-12-19 17:30:49,390 - nvd_autonomous - INFO - No one talking
2025-12-19 17:30:55,219 - nvd_autonomous - INFO - Start Talking: 3
2025-12-19 17:30:55,219 - nvd_autonomous - INFO - Move to: [35, -3]
2025-12-19 17:31:01,252 - nvd_autonomous - INFO - Start Talking: 0
2025-12-19 17:31:01,252 - nvd_autonomous - INFO - Move to: [-35, -3]
2025-12-19 17:31:02,257 - nvd_autonomous - INFO - Start Talking: 1
2025-12-19 17:31:02,257 - nvd_autonomous - INFO - Move to: [-35, -3]
2025-12-19 17:31:02,458 - nvd_autonomous - INFO - Start Talking: 0
2025-12-19 17:31:02,458 - nvd_autonomous - INFO - Move to: [-35, -3]
2025-12-19 17:31:02,860 - nvd_autonomous - INFO - No one talking
2025-12-19 17:31:03,262 - nvd_autonomous - INFO - Start Talking: 3
2025-12-19 17:31:03,262 - nvd_autonomous - INFO - Move to: [35, -3]
2025-12-19 17:31:03,865 - nvd_autonomous - INFO - No one talking
2025-12-19 17:31:05,071 - nvd_autonomous - INFO - Move pan to: 35
2025-12-19 17:31:05,071 - nvd_autonomous - INFO - Move tilt to: -3
2025-12-19 17:31:05,674 - nvd_autonomous - INFO - Start Talking: 3
2025-12-19 17:31:05,674 - nvd_autonomous - INFO - Move to: [35, -3]
2025-12-19 17:31:08,288 - nvd_autonomous - INFO - Move pan to: 35
2025-12-19 17:31:08,288 - nvd_autonomous - INFO - Move tilt to: -3
2025-12-19 17:31:12,711 - nvd_autonomous - INFO - Backchanneling to: [35, -3]
2025-12-19 17:31:19,746 - nvd_autonomous - INFO - Backchanneling to: [35, -3]
2025-12-19 17:31:20,349 - nvd_autonomous - INFO - No one talking
2025-12-19 17:31:21,555 - nvd_autonomous - INFO - Start Talking: 3
2025-12-19 17:31:21,555 - nvd_autonomous - INFO - Move to: [35, -3]
2025-12-19 17:31:23,766 - nvd_autonomous - INFO - No one talking
2025-12-19 17:31:24,570 - nvd_autonomous - INFO - Start Talking: 3
2025-12-19 17:31:24,570 - nvd_autonomous - INFO - Move to: [35, -3]
2025-12-19 17:31:26,782 - nvd_autonomous - INFO - No one talking
2025-12-19 17:31:28,189 - nvd_autonomous - INFO - Start Talking: 3
2025-12-19 17:31:28,189 - nvd_autonomous - INFO - Move to: [35, -3]
2025-12-19 17:31:28,591 - nvd_autonomous - INFO - No one talking
2025-12-19 17:31:29,998 - nvd_autonomous - INFO - Robot start talking
2025-12-19 17:31:30,199 - nvd_autonomous - INFO - Robot start talking
2025-12-19 17:31:30,401 - nvd_autonomous - INFO - Start Talking: 3
2025-12-19 17:31:30,401 - nvd_autonomous - INFO - Move to: [35, -3]
2025-12-19 17:31:33,418 - nvd_autonomous - INFO - Start Talking: 3
2025-12-19 17:31:33,418 - nvd_autonomous - INFO - Move to: [35, -3]
2025-12-19 17:31:36,836 - nvd_autonomous - INFO - Start Talking: 0
2025-12-19 17:31:36,836 - nvd_autonomous - INFO - Move to: [-35, -3]
2025-12-19 17:31:37,238 - nvd_autonomous - INFO - Start Talking: 3
2025-12-19 17:31:37,238 - nvd_autonomous - INFO - Move to: [35, -3]
2025-12-19 17:31:41,459 - nvd_autonomous - INFO - Start Talking: 3
2025-12-19 17:31:41,459 - nvd_autonomous - INFO - Move to: [35, -3]
2025-12-19 17:31:41,660 - nvd_autonomous - INFO - Move pan to: 35
2025-12-19 17:31:41,660 - nvd_autonomous - INFO - Move tilt to: -3
2025-12-19 17:31:43,068 - nvd_autonomous - INFO - No one talking
2025-12-19 17:31:43,470 - nvd_autonomous - INFO - Start Talking: 3
2025-12-19 17:31:43,470 - nvd_autonomous - INFO - Move to: [35, -3]
2025-12-19 17:31:45,279 - nvd_autonomous - INFO - No one talking
2025-12-19 17:31:45,681 - nvd_autonomous - INFO - Start Talking: 3
2025-12-19 17:31:45,681 - nvd_autonomous - INFO - Move to: [35, -3]
2025-12-19 17:31:47,490 - nvd_autonomous - INFO - Start Talking: 3
2025-12-19 17:31:47,490 - nvd_autonomous - INFO - Move to: [35, -3]
2025-12-19 17:31:49,500 - nvd_autonomous - INFO - Start Talking: 3
2025-12-19 17:31:49,500 - nvd_autonomous - INFO - Move to: [35, -3]
2025-12-19 17:31:50,305 - nvd_autonomous - INFO - No one talking
2025-12-19 17:31:51,310 - nvd_autonomous - INFO - Start Talking: 3
2025-12-19 17:31:51,311 - nvd_autonomous - INFO - Move to: [35, -3]
2025-12-19 17:31:55,532 - nvd_autonomous - INFO - No one talking
2025-12-19 17:31:58,347 - nvd_autonomous - INFO - Start Talking: 3
2025-12-19 17:31:58,347 - nvd_autonomous - INFO - Move to: [35, -3]
2025-12-19 17:31:59,553 - nvd_autonomous - INFO - No one talking
2025-12-19 17:32:00,759 - nvd_autonomous - INFO - Start Talking: 3
2025-12-19 17:32:00,759 - nvd_autonomous - INFO - Move to: [35, -3]
2025-12-19 17:32:03,576 - nvd_autonomous - INFO - No one talking
2025-12-19 17:32:04,983 - nvd_autonomous - INFO - Robot start talking
2025-12-19 17:32:05,184 - nvd_autonomous - INFO - Start Talking: 3
2025-12-19 17:32:05,185 - nvd_autonomous - INFO - Move to: [35, -3]
2025-12-19 17:32:09,606 - nvd_autonomous - INFO - No one talking
2025-12-19 17:32:10,210 - nvd_autonomous - INFO - Start Talking: 3
2025-12-19 17:32:10,211 - nvd_autonomous - INFO - Move to: [35, -3]
2025-12-19 17:32:10,614 - nvd_autonomous - INFO - No one talking
2025-12-19 17:32:12,623 - nvd_autonomous - INFO - Move pan to: -35
2025-12-19 17:32:12,623 - nvd_autonomous - INFO - Move tilt to: -3
2025-12-19 17:32:14,233 - nvd_autonomous - INFO - Start Talking: 0
2025-12-19 17:32:14,233 - nvd_autonomous - INFO - Move to: [-35, -3]
2025-12-19 17:32:17,450 - nvd_autonomous - INFO - No one talking
2025-12-19 17:32:18,254 - nvd_autonomous - INFO - Start Talking: 0
2025-12-19 17:32:18,254 - nvd_autonomous - INFO - Move to: [-35, -3]
2025-12-19 17:32:21,068 - nvd_autonomous - INFO - No one talking
2025-12-19 17:32:21,471 - nvd_autonomous - INFO - Start Talking: 0
2025-12-19 17:32:21,471 - nvd_autonomous - INFO - Move to: [-35, -3]
2025-12-19 17:32:23,079 - nvd_autonomous - INFO - No one talking
2025-12-19 17:32:23,682 - nvd_autonomous - INFO - Start Talking: 0
2025-12-19 17:32:23,682 - nvd_autonomous - INFO - Move to: [-35, -3]
2025-12-19 17:32:24,084 - nvd_autonomous - INFO - Start Talking: 0
2025-12-19 17:32:24,084 - nvd_autonomous - INFO - Move to: [-35, -3]
2025-12-19 17:32:26,094 - nvd_autonomous - INFO - No one talking
2025-12-19 17:32:26,898 - nvd_autonomous - INFO - Start Talking: 0
2025-12-19 17:32:26,898 - nvd_autonomous - INFO - Move to: [-35, -3]
2025-12-19 17:32:28,909 - nvd_autonomous - INFO - Robot start talking
2025-12-19 17:32:29,311 - nvd_autonomous - INFO - Start Talking: 0
2025-12-19 17:32:29,311 - nvd_autonomous - INFO - Move to: [-35, -3]
2025-12-19 17:32:32,527 - nvd_autonomous - INFO - Start Talking: 1
2025-12-19 17:32:32,527 - nvd_autonomous - INFO - Move to: [-35, -3]
2025-12-19 17:32:35,745 - nvd_autonomous - INFO - No one talking
2025-12-19 17:32:37,957 - nvd_autonomous - INFO - Start Talking: 1
2025-12-19 17:32:37,957 - nvd_autonomous - INFO - Move to: [-35, -3]
2025-12-19 17:32:41,777 - nvd_autonomous - INFO - No one talking
2025-12-19 17:32:45,797 - nvd_autonomous - INFO - Start Talking: 1
2025-12-19 17:32:45,797 - nvd_autonomous - INFO - Move to: [-35, -3]
2025-12-19 17:32:48,209 - nvd_autonomous - INFO - No one talking
2025-12-19 17:32:49,013 - nvd_autonomous - INFO - Start Talking: 1
2025-12-19 17:32:49,013 - nvd_autonomous - INFO - Move to: [-35, -3]
2025-12-19 17:32:53,837 - nvd_autonomous - INFO - Start Talking: 1
2025-12-19 17:32:53,837 - nvd_autonomous - INFO - Move to: [-35, -3]
2025-12-19 17:32:54,641 - nvd_autonomous - INFO - No one talking
2025-12-19 17:32:55,646 - nvd_autonomous - INFO - Start Talking: 1
2025-12-19 17:32:55,646 - nvd_autonomous - INFO - Move to: [-35, -3]
2025-12-19 17:32:56,049 - nvd_autonomous - INFO - No one talking
2025-12-19 17:32:57,456 - nvd_autonomous - INFO - Start Talking: 1
2025-12-19 17:32:57,456 - nvd_autonomous - INFO - Move to: [-35, -3]
2025-12-19 17:33:04,492 - nvd_autonomous - INFO - Backchanneling to: [-35, -3]
2025-12-19 17:33:06,503 - nvd_autonomous - INFO - No one talking
2025-12-19 17:33:06,705 - nvd_autonomous - INFO - Start Talking: 1
2025-12-19 17:33:06,705 - nvd_autonomous - INFO - Move to: [-35, -3]
2025-12-19 17:33:10,927 - nvd_autonomous - INFO - Start Talking: 0
2025-12-19 17:33:10,927 - nvd_autonomous - INFO - Move to: [-35, -3]
2025-12-19 17:33:11,530 - nvd_autonomous - INFO - Start Talking: 1
2025-12-19 17:33:11,530 - nvd_autonomous - INFO - Move to: [-35, -3]
2025-12-19 17:33:11,932 - nvd_autonomous - INFO - Start Talking: 0
2025-12-19 17:33:11,932 - nvd_autonomous - INFO - Move to: [-35, -3]
2025-12-19 17:33:12,335 - nvd_autonomous - INFO - No one talking
2025-12-19 17:33:14,145 - nvd_autonomous - INFO - Start Talking: 1
2025-12-19 17:33:14,145 - nvd_autonomous - INFO - Move to: [-35, -3]
2025-12-19 17:33:16,356 - nvd_autonomous - INFO - No one talking
2025-12-19 17:33:16,557 - nvd_autonomous - INFO - Start Talking: 1
2025-12-19 17:33:16,557 - nvd_autonomous - INFO - Move to: [-35, -3]
2025-12-19 17:33:17,361 - nvd_autonomous - INFO - Start Talking: 1
2025-12-19 17:33:17,361 - nvd_autonomous - INFO - Move to: [-35, -3]
2025-12-19 17:33:19,974 - nvd_autonomous - INFO - No one talking
2025-12-19 17:33:21,180 - nvd_autonomous - INFO - Start Talking: 1
2025-12-19 17:33:21,181 - nvd_autonomous - INFO - Move to: [-35, -3]
2025-12-19 17:33:25,403 - nvd_autonomous - INFO - Start Talking: 1
2025-12-19 17:33:25,403 - nvd_autonomous - INFO - Move to: [-35, -3]
2025-12-19 17:33:28,016 - nvd_autonomous - INFO - No one talking
2025-12-19 17:33:29,022 - nvd_autonomous - INFO - Start Talking: 1
2025-12-19 17:33:29,022 - nvd_autonomous - INFO - Move to: [-35, -3]
2025-12-19 17:33:33,646 - nvd_autonomous - INFO - No one talking
2025-12-19 17:33:34,651 - nvd_autonomous - INFO - Start Talking: 1
2025-12-19 17:33:34,651 - nvd_autonomous - INFO - Move to: [-35, -3]
2025-12-19 17:33:35,456 - nvd_autonomous - INFO - No one talking
2025-12-19 17:33:37,869 - nvd_autonomous - INFO - Start Talking: 1
2025-12-19 17:33:37,869 - nvd_autonomous - INFO - Move to: [-35, -3]
2025-12-19 17:33:40,885 - nvd_autonomous - INFO - No one talking
2025-12-19 17:33:42,291 - nvd_autonomous - INFO - Start Talking: 1
2025-12-19 17:33:42,292 - nvd_autonomous - INFO - Move to: [-35, -3]
2025-12-19 17:33:43,699 - nvd_autonomous - INFO - No one talking
2025-12-19 17:33:45,307 - nvd_autonomous - INFO - Start Talking: 1
2025-12-19 17:33:45,308 - nvd_autonomous - INFO - Move to: [-35, -3]
2025-12-19 17:33:45,911 - nvd_autonomous - INFO - Start Talking: 1
2025-12-19 17:33:45,911 - nvd_autonomous - INFO - Move to: [-35, -3]
2025-12-19 17:33:47,318 - nvd_autonomous - INFO - No one talking
2025-12-19 17:33:48,122 - nvd_autonomous - INFO - Start Talking: 1
2025-12-19 17:33:48,122 - nvd_autonomous - INFO - Move to: [-35, -3]
2025-12-19 17:33:49,530 - nvd_autonomous - INFO - Start Talking: 1
2025-12-19 17:33:49,530 - nvd_autonomous - INFO - Move to: [-35, -3]
2025-12-19 17:33:51,138 - nvd_autonomous - INFO - No one talking
2025-12-19 17:33:51,540 - nvd_autonomous - INFO - Start Talking: 1
2025-12-19 17:33:51,540 - nvd_autonomous - INFO - Move to: [-35, -3]
2025-12-19 17:33:57,169 - nvd_autonomous - INFO - No one talking
2025-12-19 17:33:57,772 - nvd_autonomous - INFO - Start Talking: 1
2025-12-19 17:33:57,772 - nvd_autonomous - INFO - Move to: [-35, -3]
2025-12-19 17:33:59,179 - nvd_autonomous - INFO - Robot start talking
2025-12-19 17:33:59,380 - nvd_autonomous - INFO - Start Talking: 1
2025-12-19 17:33:59,380 - nvd_autonomous - INFO - Move to: [-35, -3]
2025-12-19 17:34:06,415 - nvd_autonomous - INFO - Backchanneling to: [-35, -3]
2025-12-19 17:34:06,818 - nvd_autonomous - INFO - No one talking
2025-12-19 17:34:13,654 - nvd_autonomous - INFO - Start Talking: 3
2025-12-19 17:34:13,654 - nvd_autonomous - INFO - Move to: [35, -3]
2025-12-19 17:34:13,855 - nvd_autonomous - INFO - Start Talking: 1
2025-12-19 17:34:13,855 - nvd_autonomous - INFO - Move to: [-35, -3]
2025-12-19 17:34:16,671 - nvd_autonomous - INFO - No one talking
2025-12-19 17:34:17,073 - nvd_autonomous - INFO - Start Talking: 1
2025-12-19 17:34:17,073 - nvd_autonomous - INFO - Move to: [-35, -3]
2025-12-19 17:34:17,877 - nvd_autonomous - INFO - Move pan to: -35
2025-12-19 17:34:17,877 - nvd_autonomous - INFO - Move tilt to: -3
2025-12-19 17:34:20,692 - nvd_autonomous - INFO - Start Talking: 1
2025-12-19 17:34:20,692 - nvd_autonomous - INFO - Move to: [-35, -3]
2025-12-19 17:34:21,295 - nvd_autonomous - INFO - No one talking
2025-12-19 17:34:23,506 - nvd_autonomous - INFO - Start Talking: 0
2025-12-19 17:34:23,506 - nvd_autonomous - INFO - Move to: [-35, -3]
2025-12-19 17:34:23,707 - nvd_autonomous - INFO - Start Talking: 1
2025-12-19 17:34:23,707 - nvd_autonomous - INFO - Move to: [-35, -3]
2025-12-19 17:34:24,110 - nvd_autonomous - INFO - Start Talking: 0
2025-12-19 17:34:24,110 - nvd_autonomous - INFO - Move to: [-35, -3]
2025-12-19 17:34:24,311 - nvd_autonomous - INFO - Start Talking: 1
2025-12-19 17:34:24,311 - nvd_autonomous - INFO - Move to: [-35, -3]
2025-12-19 17:34:24,713 - nvd_autonomous - INFO - No one talking
2025-12-19 17:34:26,120 - nvd_autonomous - INFO - Start Talking: 1
2025-12-19 17:34:26,120 - nvd_autonomous - INFO - Move to: [-35, -3]
2025-12-19 17:34:27,125 - nvd_autonomous - INFO - No one talking
2025-12-19 17:34:29,136 - nvd_autonomous - INFO - Start Talking: 1
2025-12-19 17:34:29,136 - nvd_autonomous - INFO - Move to: [-35, -3]
2025-12-19 17:34:36,372 - nvd_autonomous - INFO - Start Talking: 1
2025-12-19 17:34:36,373 - nvd_autonomous - INFO - Move to: [-35, -3]
2025-12-19 17:34:36,775 - nvd_autonomous - INFO - Start Talking: 1
2025-12-19 17:34:36,775 - nvd_autonomous - INFO - Move to: [-35, -3]
2025-12-19 17:34:40,795 - nvd_autonomous - INFO - No one talking
2025-12-19 17:34:42,202 - nvd_autonomous - INFO - Start Talking: 0
2025-12-19 17:34:42,202 - nvd_autonomous - INFO - Move to: [-35, -3]
2025-12-19 17:34:43,812 - nvd_autonomous - INFO - Start Talking: 0
2025-12-19 17:34:43,812 - nvd_autonomous - INFO - Move to: [-35, -3]
2025-12-19 17:34:45,018 - nvd_autonomous - INFO - No one talking
2025-12-19 17:34:45,420 - nvd_autonomous - INFO - Start Talking: 0
2025-12-19 17:34:45,420 - nvd_autonomous - INFO - Move to: [-35, -3]
2025-12-19 17:34:50,046 - nvd_autonomous - INFO - Start Talking: 1
2025-12-19 17:34:50,047 - nvd_autonomous - INFO - Move to: [-35, -3]
2025-12-19 17:34:56,879 - nvd_autonomous - INFO - Start Talking: 1
2025-12-19 17:34:56,879 - nvd_autonomous - INFO - Move to: [-35, -3]
2025-12-19 17:35:02,105 - nvd_autonomous - INFO - No one talking
2025-12-19 17:35:02,508 - nvd_autonomous - INFO - Move pan to: 35
2025-12-19 17:35:02,508 - nvd_autonomous - INFO - Move tilt to: -3
2025-12-19 17:35:03,112 - nvd_autonomous - INFO - Start Talking: 1
2025-12-19 17:35:03,112 - nvd_autonomous - INFO - Move to: [-35, -3]
2025-12-19 17:35:06,327 - nvd_autonomous - INFO - Start Talking: 1
2025-12-19 17:35:06,327 - nvd_autonomous - INFO - Move to: [-35, -3]
2025-12-19 17:35:09,344 - nvd_autonomous - INFO - No one talking
2025-12-19 17:35:11,555 - nvd_autonomous - INFO - Start Talking: 1
2025-12-19 17:35:11,556 - nvd_autonomous - INFO - Move to: [-35, -3]
2025-12-19 17:35:13,165 - nvd_autonomous - INFO - Start Talking: 0
2025-12-19 17:35:13,165 - nvd_autonomous - INFO - Move to: [-35, -3]
2025-12-19 17:35:13,366 - nvd_autonomous - INFO - Start Talking: 1
2025-12-19 17:35:13,366 - nvd_autonomous - INFO - Move to: [-35, -3]
2025-12-19 17:35:14,374 - nvd_autonomous - INFO - No one talking
2025-12-19 17:35:15,580 - nvd_autonomous - INFO - Start Talking: 1
2025-12-19 17:35:15,580 - nvd_autonomous - INFO - Move to: [-35, -3]
2025-12-19 17:35:16,988 - nvd_autonomous - INFO - No one talking
2025-12-19 17:35:17,791 - nvd_autonomous - INFO - Start Talking: 1
2025-12-19 17:35:17,792 - nvd_autonomous - INFO - Move to: [-35, -3]
2025-12-19 17:35:19,802 - nvd_autonomous - INFO - No one talking
2025-12-19 17:35:22,015 - nvd_autonomous - INFO - Start Talking: 0
2025-12-19 17:35:22,015 - nvd_autonomous - INFO - Move to: [-35, -3]
2025-12-19 17:35:22,819 - nvd_autonomous - INFO - No one talking
2025-12-19 17:35:24,026 - nvd_autonomous - INFO - Start Talking: 0
2025-12-19 17:35:24,026 - nvd_autonomous - INFO - Move to: [-35, -3]
2025-12-19 17:35:24,630 - nvd_autonomous - INFO - Move pan to: -35
2025-12-19 17:35:24,630 - nvd_autonomous - INFO - Move tilt to: -3
2025-12-19 17:35:24,630 - nvd_autonomous - INFO - No one talking
2025-12-19 17:35:26,842 - nvd_autonomous - INFO - Move pan to: 35
2025-12-19 17:35:26,842 - nvd_autonomous - INFO - Move tilt to: -3
2025-12-19 17:35:29,256 - nvd_autonomous - INFO - Start Talking: 3
2025-12-19 17:35:29,256 - nvd_autonomous - INFO - Move to: [35, -3]
2025-12-19 17:35:33,076 - nvd_autonomous - INFO - No one talking
2025-12-19 17:35:38,101 - nvd_autonomous - INFO - Start Talking: 3
2025-12-19 17:35:38,101 - nvd_autonomous - INFO - Move to: [35, -3]
2025-12-19 17:35:39,307 - nvd_autonomous - INFO - No one talking
2025-12-19 17:35:40,312 - nvd_autonomous - INFO - Start Talking: 3
2025-12-19 17:35:40,312 - nvd_autonomous - INFO - Move to: [35, -3]
2025-12-19 17:35:41,719 - nvd_autonomous - INFO - No one talking
2025-12-19 17:35:42,724 - nvd_autonomous - INFO - Start Talking: 3
2025-12-19 17:35:42,724 - nvd_autonomous - INFO - Move to: [35, -3]
2025-12-19 17:35:45,942 - nvd_autonomous - INFO - Start Talking: 3
2025-12-19 17:35:45,943 - nvd_autonomous - INFO - Move to: [35, -3]
2025-12-19 17:35:47,149 - nvd_autonomous - INFO - No one talking
2025-12-19 17:35:48,556 - nvd_autonomous - INFO - Start Talking: 3
2025-12-19 17:35:48,556 - nvd_autonomous - INFO - Move to: [35, -3]
2025-12-19 17:35:49,159 - nvd_autonomous - INFO - No one talking
2025-12-19 17:35:52,577 - nvd_autonomous - INFO - Start Talking: 3
2025-12-19 17:35:52,577 - nvd_autonomous - INFO - Move to: [35, -3]
2025-12-19 17:35:59,613 - nvd_autonomous - INFO - Backchanneling to: [35, -3]
2025-12-19 17:36:00,215 - nvd_autonomous - INFO - No one talking
2025-12-19 17:36:05,443 - nvd_autonomous - INFO - Start Talking: 3
2025-12-19 17:36:05,443 - nvd_autonomous - INFO - Move to: [35, -3]
2025-12-19 17:36:06,649 - nvd_autonomous - INFO - No one talking
2025-12-19 17:36:09,865 - nvd_autonomous - INFO - Start Talking: 3
2025-12-19 17:36:09,865 - nvd_autonomous - INFO - Move to: [35, -3]
2025-12-19 17:36:12,478 - nvd_autonomous - INFO - No one talking
2025-12-19 17:36:13,484 - nvd_autonomous - INFO - Start Talking: 3
2025-12-19 17:36:13,485 - nvd_autonomous - INFO - Move to: [35, -3]
2025-12-19 17:36:16,301 - nvd_autonomous - INFO - No one talking
2025-12-19 17:36:17,507 - nvd_autonomous - INFO - Start Talking: 3
2025-12-19 17:36:17,507 - nvd_autonomous - INFO - Move to: [35, -3]
2025-12-19 17:36:22,934 - nvd_autonomous - INFO - No one talking
2025-12-19 17:36:23,738 - nvd_autonomous - INFO - Start Talking: 3
2025-12-19 17:36:23,739 - nvd_autonomous - INFO - Move to: [35, -3]
2025-12-19 17:36:27,559 - nvd_autonomous - INFO - No one talking
2025-12-19 17:36:28,162 - nvd_autonomous - INFO - Start Talking: 3
2025-12-19 17:36:28,162 - nvd_autonomous - INFO - Move to: [35, -3]
2025-12-19 17:36:32,986 - nvd_autonomous - INFO - No one talking
2025-12-19 17:36:34,996 - nvd_autonomous - INFO - Start Talking: 3
2025-12-19 17:36:34,996 - nvd_autonomous - INFO - Move to: [35, -3]
2025-12-19 17:36:35,399 - nvd_autonomous - INFO - No one talking
2025-12-19 17:36:37,209 - nvd_autonomous - INFO - Start Talking: 3
2025-12-19 17:36:37,209 - nvd_autonomous - INFO - Move to: [35, -3]
2025-12-19 17:36:37,410 - nvd_autonomous - INFO - Robot start talking
2025-12-19 17:36:37,612 - nvd_autonomous - INFO - Robot start talking
2025-12-19 17:36:37,812 - nvd_autonomous - INFO - Robot start talking
2025-12-19 17:36:38,013 - nvd_autonomous - INFO - Robot start talking
2025-12-19 17:36:38,416 - nvd_autonomous - INFO - No one talking
2025-12-19 17:36:41,431 - nvd_autonomous - INFO - Start Talking: 3
2025-12-19 17:36:41,431 - nvd_autonomous - INFO - Move to: [35, -3]
2025-12-19 17:36:43,240 - nvd_autonomous - INFO - No one talking
2025-12-19 17:36:44,245 - nvd_autonomous - INFO - Start Talking: 3
2025-12-19 17:36:44,245 - nvd_autonomous - INFO - Move to: [35, -3]
2025-12-19 17:36:46,861 - nvd_autonomous - INFO - No one talking
2025-12-19 17:36:47,665 - nvd_autonomous - INFO - Robot start talking
2025-12-19 17:36:47,867 - nvd_autonomous - INFO - Start Talking: 3
2025-12-19 17:36:47,867 - nvd_autonomous - INFO - Move to: [35, -3]
2025-12-19 17:36:52,690 - nvd_autonomous - INFO - No one talking
2025-12-19 17:36:55,504 - nvd_autonomous - INFO - Robot start talking
2025-12-19 17:36:55,705 - nvd_autonomous - INFO - Robot start talking
2025-12-19 17:36:55,906 - nvd_autonomous - INFO - Start Talking: 3
2025-12-19 17:36:55,906 - nvd_autonomous - INFO - Move to: [35, -3]
2025-12-19 17:36:56,309 - nvd_autonomous - INFO - Robot start talking
2025-12-19 17:36:56,710 - nvd_autonomous - INFO - No one talking
2025-12-19 17:36:56,912 - nvd_autonomous - INFO - Start Talking: 3
2025-12-19 17:36:56,912 - nvd_autonomous - INFO - Move to: [35, -3]
2025-12-19 17:37:01,134 - nvd_autonomous - INFO - Start Talking: 0
2025-12-19 17:37:01,134 - nvd_autonomous - INFO - Move to: [-35, -3]
2025-12-19 17:37:01,335 - nvd_autonomous - INFO - Start Talking: 3
2025-12-19 17:37:01,335 - nvd_autonomous - INFO - Move to: [35, -3]
2025-12-19 17:37:04,753 - nvd_autonomous - INFO - Move pan to: 35
2025-12-19 17:37:04,753 - nvd_autonomous - INFO - Move tilt to: -3
2025-12-19 17:37:05,960 - nvd_autonomous - INFO - No one talking
2025-12-19 17:37:06,362 - nvd_autonomous - INFO - Start Talking: 3
2025-12-19 17:37:06,362 - nvd_autonomous - INFO - Move to: [35, -3]
2025-12-19 17:37:06,966 - nvd_autonomous - INFO - Start Talking: 3
2025-12-19 17:37:06,966 - nvd_autonomous - INFO - Move to: [35, -3]
2025-12-19 17:37:07,168 - nvd_autonomous - INFO - Start Talking: 0
2025-12-19 17:37:07,168 - nvd_autonomous - INFO - Move to: [-35, -3]
2025-12-19 17:37:07,570 - nvd_autonomous - INFO - No one talking
2025-12-19 17:37:08,374 - nvd_autonomous - INFO - Start Talking: 3
2025-12-19 17:37:08,374 - nvd_autonomous - INFO - Move to: [35, -3]
2025-12-19 17:37:11,590 - nvd_autonomous - INFO - No one talking
2025-12-19 17:37:16,817 - nvd_autonomous - INFO - Start Talking: 3
2025-12-19 17:37:16,817 - nvd_autonomous - INFO - Move to: [35, -3]
2025-12-19 17:37:20,236 - nvd_autonomous - INFO - No one talking
2025-12-19 17:37:23,452 - nvd_autonomous - INFO - Start Talking: 3
2025-12-19 17:37:23,452 - nvd_autonomous - INFO - Move to: [35, -3]
2025-12-19 17:37:23,854 - nvd_autonomous - INFO - Robot start talking
2025-12-19 17:37:24,055 - nvd_autonomous - INFO - Start Talking: 3
2025-12-19 17:37:24,055 - nvd_autonomous - INFO - Move to: [35, -3]
2025-12-19 17:37:28,075 - nvd_autonomous - INFO - No one talking
2025-12-19 17:37:28,678 - nvd_autonomous - INFO - Start Talking: 3
2025-12-19 17:37:28,678 - nvd_autonomous - INFO - Move to: [35, -3]
2025-12-19 17:37:32,497 - nvd_autonomous - INFO - No one talking
2025-12-19 17:37:35,915 - nvd_autonomous - INFO - Start Talking: 3
2025-12-19 17:37:35,915 - nvd_autonomous - INFO - Move to: [35, -3]
2025-12-19 17:37:36,719 - nvd_autonomous - INFO - No one talking
2025-12-19 17:37:37,523 - nvd_autonomous - INFO - Start Talking: 3
2025-12-19 17:37:37,523 - nvd_autonomous - INFO - Move to: [35, -3]
2025-12-19 17:37:39,131 - nvd_autonomous - INFO - No one talking
2025-12-19 17:37:39,533 - nvd_autonomous - INFO - Start Talking: 3
2025-12-19 17:37:39,533 - nvd_autonomous - INFO - Move to: [35, -3]
2025-12-19 17:37:39,935 - nvd_autonomous - INFO - No one talking
2025-12-19 17:37:40,337 - nvd_autonomous - INFO - Start Talking: 3
2025-12-19 17:37:40,337 - nvd_autonomous - INFO - Move to: [35, -3]
2025-12-19 17:37:41,141 - nvd_autonomous - INFO - Start Talking: 3
2025-12-19 17:37:41,141 - nvd_autonomous - INFO - Move to: [35, -3]
2025-12-19 17:37:42,749 - nvd_autonomous - INFO - No one talking
2025-12-19 17:37:45,361 - nvd_autonomous - INFO - Start Talking: 3
2025-12-19 17:37:45,361 - nvd_autonomous - INFO - Move to: [35, -3]
2025-12-19 17:37:47,170 - nvd_autonomous - INFO - Robot start talking
2025-12-19 17:37:47,572 - nvd_autonomous - INFO - No one talking
2025-12-19 17:37:47,773 - nvd_autonomous - INFO - Start Talking: 3
2025-12-19 17:37:47,773 - nvd_autonomous - INFO - Move to: [35, -3]
2025-12-19 17:37:51,592 - nvd_autonomous - INFO - Start Talking: 3
2025-12-19 17:37:51,592 - nvd_autonomous - INFO - Move to: [35, -3]
2025-12-19 17:37:53,804 - nvd_autonomous - INFO - No one talking
2025-12-19 17:37:54,808 - nvd_autonomous - INFO - Start Talking: 3
2025-12-19 17:37:54,808 - nvd_autonomous - INFO - Move to: [35, -3]
2025-12-19 17:37:55,815 - nvd_autonomous - INFO - No one talking
2025-12-19 17:37:56,619 - nvd_autonomous - INFO - Start Talking: 3
2025-12-19 17:37:56,619 - nvd_autonomous - INFO - Move to: [35, -3]
2025-12-19 17:38:00,238 - nvd_autonomous - INFO - Start Talking: 3
2025-12-19 17:38:00,238 - nvd_autonomous - INFO - Move to: [35, -3]
2025-12-19 17:38:00,640 - nvd_autonomous - INFO - No one talking
2025-12-19 17:38:01,644 - nvd_autonomous - INFO - Start Talking: 3
2025-12-19 17:38:01,644 - nvd_autonomous - INFO - Move to: [35, -3]
2025-12-19 17:38:03,051 - nvd_autonomous - INFO - No one talking
2025-12-19 17:38:07,072 - nvd_autonomous - INFO - Start Talking: 0
2025-12-19 17:38:07,072 - nvd_autonomous - INFO - Move to: [-35, -3]
2025-12-19 17:38:08,883 - nvd_autonomous - INFO - Robot start talking
2025-12-19 17:38:09,084 - nvd_autonomous - INFO - Robot start talking
2025-12-19 17:38:09,285 - nvd_autonomous - INFO - Robot start talking
2025-12-19 17:38:09,486 - nvd_autonomous - INFO - Robot start talking
2025-12-19 17:38:09,687 - nvd_autonomous - INFO - Robot start talking
2025-12-19 17:38:09,888 - nvd_autonomous - INFO - Robot start talking
2025-12-19 17:38:10,089 - nvd_autonomous - INFO - Start Talking: 3
2025-12-19 17:38:10,089 - nvd_autonomous - INFO - Move to: [35, -3]
2025-12-19 17:38:11,094 - nvd_autonomous - INFO - Move pan to: 35
2025-12-19 17:38:11,094 - nvd_autonomous - INFO - Move tilt to: -3
2025-12-19 17:38:11,899 - nvd_autonomous - INFO - Start Talking: 3
2025-12-19 17:38:11,899 - nvd_autonomous - INFO - Move to: [35, -3]
2025-12-19 17:38:14,311 - nvd_autonomous - INFO - Start Talking: 3
2025-12-19 17:38:14,311 - nvd_autonomous - INFO - Move to: [35, -3]
2025-12-19 17:38:15,115 - nvd_autonomous - INFO - No one talking
2025-12-19 17:38:15,316 - nvd_autonomous - INFO - Start Talking: 3
2025-12-19 17:38:15,317 - nvd_autonomous - INFO - Move to: [35, -3]
2025-12-19 17:38:16,121 - nvd_autonomous - INFO - No one talking
2025-12-19 17:38:17,930 - nvd_autonomous - INFO - Start Talking: 3
2025-12-19 17:38:17,930 - nvd_autonomous - INFO - Move to: [35, -3]
2025-12-19 17:38:18,734 - nvd_autonomous - INFO - Start Talking: 0
2025-12-19 17:38:18,735 - nvd_autonomous - INFO - Move to: [-35, -3]
2025-12-19 17:38:19,539 - nvd_autonomous - INFO - No one talking
2025-12-19 17:38:21,348 - nvd_autonomous - INFO - Start Talking: 3
2025-12-19 17:38:21,348 - nvd_autonomous - INFO - Move to: [35, -3]
2025-12-19 17:38:22,355 - nvd_autonomous - INFO - No one talking
2025-12-19 17:38:23,761 - nvd_autonomous - INFO - Move pan to: 35
2025-12-19 17:38:23,761 - nvd_autonomous - INFO - Move tilt to: -3
2025-12-19 17:38:27,383 - nvd_autonomous - INFO - Start Talking: 3
2025-12-19 17:38:27,383 - nvd_autonomous - INFO - Move to: [35, -3]
2025-12-19 17:38:27,784 - nvd_autonomous - INFO - Start Talking: 1
2025-12-19 17:38:27,784 - nvd_autonomous - INFO - Move to: [-35, -3]
2025-12-19 17:38:28,187 - nvd_autonomous - INFO - Start Talking: 3
2025-12-19 17:38:28,187 - nvd_autonomous - INFO - Move to: [35, -3]
2025-12-19 17:38:28,792 - nvd_autonomous - INFO - No one talking
2025-12-19 17:38:28,993 - nvd_autonomous - INFO - Start Talking: 3
2025-12-19 17:38:28,993 - nvd_autonomous - INFO - Move to: [35, -3]
2025-12-19 17:38:31,807 - nvd_autonomous - INFO - Move pan to: 35
2025-12-19 17:38:31,807 - nvd_autonomous - INFO - Move tilt to: -3
2025-12-19 17:38:34,422 - nvd_autonomous - INFO - Start Talking: 0
2025-12-19 17:38:34,422 - nvd_autonomous - INFO - Move to: [-35, -3]
2025-12-19 17:38:35,025 - nvd_autonomous - INFO - Start Talking: 3
2025-12-19 17:38:35,025 - nvd_autonomous - INFO - Move to: [35, -3]
2025-12-19 17:38:38,242 - nvd_autonomous - INFO - No one talking
2025-12-19 17:38:39,047 - nvd_autonomous - INFO - Move pan to: 35
2025-12-19 17:38:39,047 - nvd_autonomous - INFO - Move tilt to: -3
2025-12-19 17:38:39,449 - nvd_autonomous - INFO - Start Talking: 3
2025-12-19 17:38:39,449 - nvd_autonomous - INFO - Move to: [35, -3]
2025-12-19 17:38:40,455 - nvd_autonomous - INFO - No one talking
2025-12-19 17:38:41,259 - nvd_autonomous - INFO - Start Talking: 3
2025-12-19 17:38:41,259 - nvd_autonomous - INFO - Move to: [35, -3]
2025-12-19 17:38:43,470 - nvd_autonomous - INFO - No one talking
2025-12-19 17:38:44,475 - nvd_autonomous - INFO - Start Talking: 3
2025-12-19 17:38:44,475 - nvd_autonomous - INFO - Move to: [35, -3]
2025-12-19 17:38:46,488 - nvd_autonomous - INFO - No one talking
2025-12-19 17:38:50,709 - nvd_autonomous - INFO - Start Talking: 0
2025-12-19 17:38:50,710 - nvd_autonomous - INFO - Move to: [-35, -3]
2025-12-19 17:38:50,911 - nvd_autonomous - INFO - Move pan to: -35
2025-12-19 17:38:50,911 - nvd_autonomous - INFO - Move tilt to: -3
2025-12-19 17:38:51,113 - nvd_autonomous - INFO - Start Talking: 1
2025-12-19 17:38:51,113 - nvd_autonomous - INFO - Move to: [-35, -3]
2025-12-19 17:38:51,917 - nvd_autonomous - INFO - No one talking
2025-12-19 17:38:52,923 - nvd_autonomous - INFO - Start Talking: 0
2025-12-19 17:38:52,924 - nvd_autonomous - INFO - Move to: [-35, -3]
2025-12-19 17:38:53,527 - nvd_autonomous - INFO - Start Talking: 1
2025-12-19 17:38:53,527 - nvd_autonomous - INFO - Move to: [-35, -3]
2025-12-19 17:38:53,929 - nvd_autonomous - INFO - No one talking
2025-12-19 17:38:56,543 - nvd_autonomous - INFO - Start Talking: 1
2025-12-19 17:38:56,543 - nvd_autonomous - INFO - Move to: [-35, -3]
2025-12-19 17:38:57,749 - nvd_autonomous - INFO - No one talking
2025-12-19 17:38:58,352 - nvd_autonomous - INFO - Start Talking: 1
2025-12-19 17:38:58,352 - nvd_autonomous - INFO - Move to: [-35, -3]
2025-12-19 17:38:59,357 - nvd_autonomous - INFO - No one talking
2025-12-19 17:39:01,569 - nvd_autonomous - INFO - Start Talking: 1
2025-12-19 17:39:01,569 - nvd_autonomous - INFO - Move to: [-35, -3]
2025-12-19 17:39:04,383 - nvd_autonomous - INFO - No one talking
2025-12-19 17:39:06,795 - nvd_autonomous - INFO - Start Talking: 1
2025-12-19 17:39:06,796 - nvd_autonomous - INFO - Move to: [-35, -3]
2025-12-19 17:39:07,399 - nvd_autonomous - INFO - No one talking
2025-12-19 17:39:07,801 - nvd_autonomous - INFO - Start Talking: 1
2025-12-19 17:39:07,801 - nvd_autonomous - INFO - Move to: [-35, -3]
2025-12-19 17:39:10,616 - nvd_autonomous - INFO - No one talking
2025-12-19 17:39:11,822 - nvd_autonomous - INFO - Start Talking: 1
2025-12-19 17:39:11,822 - nvd_autonomous - INFO - Move to: [-35, -3]
2025-12-19 17:39:13,229 - nvd_autonomous - INFO - No one talking
2025-12-19 17:39:14,033 - nvd_autonomous - INFO - Start Talking: 1
2025-12-19 17:39:14,033 - nvd_autonomous - INFO - Move to: [-35, -3]
2025-12-19 17:39:16,445 - nvd_autonomous - INFO - Start Talking: 1
2025-12-19 17:39:16,445 - nvd_autonomous - INFO - Move to: [-35, -3]
2025-12-19 17:39:17,651 - nvd_autonomous - INFO - No one talking
2025-12-19 17:39:19,460 - nvd_autonomous - INFO - Start Talking: 1
2025-12-19 17:39:19,460 - nvd_autonomous - INFO - Move to: [-35, -3]
2025-12-19 17:39:20,666 - nvd_autonomous - INFO - No one talking
2025-12-19 17:39:22,877 - nvd_autonomous - INFO - Start Talking: 1
2025-12-19 17:39:22,877 - nvd_autonomous - INFO - Move to: [-35, -3]
2025-12-19 17:39:24,889 - nvd_autonomous - INFO - Start Talking: 1
2025-12-19 17:39:24,889 - nvd_autonomous - INFO - Move to: [-35, -3]
2025-12-19 17:39:29,512 - nvd_autonomous - INFO - No one talking
2025-12-19 17:39:30,517 - nvd_autonomous - INFO - Start Talking: 1
2025-12-19 17:39:30,517 - nvd_autonomous - INFO - Move to: [-35, -3]
2025-12-19 17:39:30,920 - nvd_autonomous - INFO - Start Talking: 0
2025-12-19 17:39:30,920 - nvd_autonomous - INFO - Move to: [-35, -3]
2025-12-19 17:39:31,122 - nvd_autonomous - INFO - Start Talking: 1
2025-12-19 17:39:31,122 - nvd_autonomous - INFO - Move to: [-35, -3]
2025-12-19 17:39:31,926 - nvd_autonomous - INFO - No one talking
2025-12-19 17:39:32,730 - nvd_autonomous - INFO - Start Talking: 1
2025-12-19 17:39:32,730 - nvd_autonomous - INFO - Move to: [-35, -3]
2025-12-19 17:39:33,534 - nvd_autonomous - INFO - No one talking
2025-12-19 17:39:37,755 - nvd_autonomous - INFO - Start Talking: 1
2025-12-19 17:39:37,755 - nvd_autonomous - INFO - Move to: [-35, -3]
2025-12-19 17:39:38,560 - nvd_autonomous - INFO - No one talking
2025-12-19 17:39:39,365 - nvd_autonomous - INFO - Start Talking: 1
2025-12-19 17:39:39,365 - nvd_autonomous - INFO - Move to: [-35, -3]
2025-12-19 17:39:41,978 - nvd_autonomous - INFO - No one talking
2025-12-19 17:39:44,389 - nvd_autonomous - INFO - Start Talking: 1
2025-12-19 17:39:44,390 - nvd_autonomous - INFO - Move to: [-35, -3]
2025-12-19 17:39:45,998 - nvd_autonomous - INFO - Start Talking: 1
2025-12-19 17:39:45,998 - nvd_autonomous - INFO - Move to: [-35, -3]
2025-12-19 17:39:47,404 - nvd_autonomous - INFO - No one talking
2025-12-19 17:39:48,007 - nvd_autonomous - INFO - Start Talking: 1
2025-12-19 17:39:48,007 - nvd_autonomous - INFO - Move to: [-35, -3]
2025-12-19 17:39:55,043 - nvd_autonomous - INFO - No one talking
2025-12-19 17:39:55,646 - nvd_autonomous - INFO - Start Talking: 1
2025-12-19 17:39:55,646 - nvd_autonomous - INFO - Move to: [-35, -3]
2025-12-19 17:39:57,858 - nvd_autonomous - INFO - Start Talking: 1
2025-12-19 17:39:57,858 - nvd_autonomous - INFO - Move to: [-35, -3]
2025-12-19 17:39:59,666 - nvd_autonomous - INFO - Start Talking: 1
2025-12-19 17:39:59,666 - nvd_autonomous - INFO - Move to: [-35, -3]
2025-12-19 17:40:01,274 - nvd_autonomous - INFO - No one talking
2025-12-19 17:40:05,699 - nvd_autonomous - INFO - Start Talking: 1
2025-12-19 17:40:05,700 - nvd_autonomous - INFO - Move to: [-35, -3]
2025-12-19 17:40:08,716 - nvd_autonomous - INFO - Start Talking: 1
2025-12-19 17:40:08,716 - nvd_autonomous - INFO - Move to: [-35, -3]
2025-12-19 17:40:09,142 - nvd_autonomous - INFO - No one talking
2025-12-19 17:40:09,946 - nvd_autonomous - INFO - Start Talking: 1
2025-12-19 17:40:09,946 - nvd_autonomous - INFO - Move to: [-35, -3]
2025-12-19 17:40:11,154 - nvd_autonomous - INFO - No one talking
2025-12-19 17:40:11,757 - nvd_autonomous - INFO - Start Talking: 1
2025-12-19 17:40:11,757 - nvd_autonomous - INFO - Move to: [-35, -3]
2025-12-19 17:40:12,159 - nvd_autonomous - INFO - Start Talking: 1
2025-12-19 17:40:12,159 - nvd_autonomous - INFO - Move to: [-35, -3]
2025-12-19 17:40:12,561 - nvd_autonomous - INFO - No one talking
2025-12-19 17:40:12,762 - nvd_autonomous - INFO - Start Talking: 1
2025-12-19 17:40:12,762 - nvd_autonomous - INFO - Move to: [-35, -3]
2025-12-19 17:40:13,366 - nvd_autonomous - INFO - No one talking
2025-12-19 17:40:13,566 - nvd_autonomous - INFO - Start Talking: 1
2025-12-19 17:40:13,566 - nvd_autonomous - INFO - Move to: [-35, -3]
2025-12-19 17:40:16,783 - nvd_autonomous - INFO - No one talking
2025-12-19 17:40:19,999 - nvd_autonomous - INFO - Start Talking: 0
2025-12-19 17:40:20,000 - nvd_autonomous - INFO - Move to: [-35, -3]
2025-12-19 17:40:20,402 - nvd_autonomous - INFO - No one talking
2025-12-19 17:40:22,813 - nvd_autonomous - INFO - Move pan to: 35
2025-12-19 17:40:22,813 - nvd_autonomous - INFO - Move tilt to: -3
2025-12-19 17:40:23,418 - nvd_autonomous - INFO - Start Talking: 0
2025-12-19 17:40:23,418 - nvd_autonomous - INFO - Move to: [-35, -3]
2025-12-19 17:40:25,832 - nvd_autonomous - INFO - Start Talking: 3
2025-12-19 17:40:25,832 - nvd_autonomous - INFO - Move to: [35, -3]
2025-12-19 17:40:27,842 - nvd_autonomous - INFO - Move pan to: 35
2025-12-19 17:40:27,842 - nvd_autonomous - INFO - Move tilt to: -3
2025-12-19 17:40:28,246 - nvd_autonomous - INFO - No one talking
2025-12-19 17:40:30,658 - nvd_autonomous - INFO - Start Talking: 3
2025-12-19 17:40:30,659 - nvd_autonomous - INFO - Move to: [35, -3]
2025-12-19 17:40:37,693 - nvd_autonomous - INFO - Backchanneling to: [35, -3]
2025-12-19 17:40:43,323 - nvd_autonomous - INFO - No one talking
2025-12-19 17:40:45,132 - nvd_autonomous - INFO - Start Talking: 3
2025-12-19 17:40:45,132 - nvd_autonomous - INFO - Move to: [35, -3]
2025-12-19 17:40:50,961 - nvd_autonomous - INFO - No one talking
2025-12-19 17:40:52,770 - nvd_autonomous - INFO - Start Talking: 3
2025-12-19 17:40:52,771 - nvd_autonomous - INFO - Move to: [35, -3]
2025-12-19 17:40:54,580 - nvd_autonomous - INFO - Start Talking: 3
2025-12-19 17:40:54,580 - nvd_autonomous - INFO - Move to: [35, -3]
2025-12-19 17:40:54,982 - nvd_autonomous - INFO - Robot start talking
2025-12-19 17:40:55,183 - nvd_autonomous - INFO - Start Talking: 3
2025-12-19 17:40:55,183 - nvd_autonomous - INFO - Move to: [35, -3]
2025-12-19 17:40:57,598 - nvd_autonomous - INFO - Start Talking: 0
2025-12-19 17:40:57,598 - nvd_autonomous - INFO - Move to: [-35, -3]
2025-12-19 17:40:57,799 - nvd_autonomous - INFO - Start Talking: 3
2025-12-19 17:40:57,799 - nvd_autonomous - INFO - Move to: [35, -3]
2025-12-19 17:40:58,000 - nvd_autonomous - INFO - Start Talking: 0
2025-12-19 17:40:58,000 - nvd_autonomous - INFO - Move to: [-35, -3]
2025-12-19 17:40:58,201 - nvd_autonomous - INFO - Start Talking: 3
2025-12-19 17:40:58,201 - nvd_autonomous - INFO - Move to: [35, -3]
2025-12-19 17:40:58,804 - nvd_autonomous - INFO - No one talking
2025-12-19 17:41:00,412 - nvd_autonomous - INFO - Start Talking: 3
2025-12-19 17:41:00,412 - nvd_autonomous - INFO - Move to: [35, -3]
2025-12-19 17:41:00,613 - nvd_autonomous - INFO - Move pan to: 35
2025-12-19 17:41:00,613 - nvd_autonomous - INFO - Move tilt to: -3
2025-12-19 17:41:01,217 - nvd_autonomous - INFO - Start Talking: 3
2025-12-19 17:41:01,217 - nvd_autonomous - INFO - Move to: [35, -3]
2025-12-19 17:41:05,841 - nvd_autonomous - INFO - No one talking
2025-12-19 17:41:06,445 - nvd_autonomous - INFO - Start Talking: 3
2025-12-19 17:41:06,446 - nvd_autonomous - INFO - Move to: [35, -3]
2025-12-19 17:41:08,255 - nvd_autonomous - INFO - No one talking
2025-12-19 17:41:08,658 - nvd_autonomous - INFO - Start Talking: 3
2025-12-19 17:41:08,658 - nvd_autonomous - INFO - Move to: [35, -3]
2025-12-19 17:41:09,260 - nvd_autonomous - INFO - Start Talking: 3
2025-12-19 17:41:09,260 - nvd_autonomous - INFO - Move to: [35, -3]
2025-12-19 17:41:11,472 - nvd_autonomous - INFO - No one talking
2025-12-19 17:41:11,874 - nvd_autonomous - INFO - Start Talking: 3
2025-12-19 17:41:11,874 - nvd_autonomous - INFO - Move to: [35, -3]
2025-12-19 17:41:18,910 - nvd_autonomous - INFO - Backchanneling to: [35, -3]
2025-12-19 17:41:19,312 - nvd_autonomous - INFO - Start Talking: 3
2025-12-19 17:41:19,312 - nvd_autonomous - INFO - Move to: [35, -3]
2025-12-19 17:41:26,348 - nvd_autonomous - INFO - Robot start talking
2025-12-19 17:41:26,549 - nvd_autonomous - INFO - Robot start talking
2025-12-19 17:41:26,751 - nvd_autonomous - INFO - Start Talking: 3
2025-12-19 17:41:26,751 - nvd_autonomous - INFO - Move to: [35, -3]
2025-12-19 17:41:29,364 - nvd_autonomous - INFO - No one talking
2025-12-19 17:41:30,369 - nvd_autonomous - INFO - Start Talking: 3
2025-12-19 17:41:30,369 - nvd_autonomous - INFO - Move to: [35, -3]
2025-12-19 17:41:32,180 - nvd_autonomous - INFO - No one talking
2025-12-19 17:41:34,190 - nvd_autonomous - INFO - Start Talking: 3
2025-12-19 17:41:34,190 - nvd_autonomous - INFO - Move to: [35, -3]
2025-12-19 17:41:34,793 - nvd_autonomous - INFO - No one talking
2025-12-19 17:41:35,798 - nvd_autonomous - INFO - Start Talking: 3
2025-12-19 17:41:35,798 - nvd_autonomous - INFO - Move to: [35, -3]
2025-12-19 17:41:38,009 - nvd_autonomous - INFO - No one talking
2025-12-19 17:41:38,612 - nvd_autonomous - INFO - Start Talking: 3
2025-12-19 17:41:38,612 - nvd_autonomous - INFO - Move to: [35, -3]
2025-12-19 17:41:40,019 - nvd_autonomous - INFO - No one talking
2025-12-19 17:41:41,828 - nvd_autonomous - INFO - Start Talking: 3
2025-12-19 17:41:41,828 - nvd_autonomous - INFO - Move to: [35, -3]
2025-12-19 17:41:45,045 - nvd_autonomous - INFO - No one talking
2025-12-19 17:41:48,060 - nvd_autonomous - INFO - Start Talking: 3
2025-12-19 17:41:48,061 - nvd_autonomous - INFO - Move to: [35, -3]
2025-12-19 17:41:48,463 - nvd_autonomous - INFO - No one talking
2025-12-19 17:41:48,664 - nvd_autonomous - INFO - Start Talking: 3
2025-12-19 17:41:48,664 - nvd_autonomous - INFO - Move to: [35, -3]
2025-12-19 17:41:55,699 - nvd_autonomous - INFO - Backchanneling to: [35, -3]
2025-12-19 17:41:57,709 - nvd_autonomous - INFO - No one talking
2025-12-19 17:41:59,115 - nvd_autonomous - INFO - Start Talking: 3
2025-12-19 17:41:59,115 - nvd_autonomous - INFO - Move to: [35, -3]
2025-12-19 17:42:02,735 - nvd_autonomous - INFO - Start Talking: 0
2025-12-19 17:42:02,736 - nvd_autonomous - INFO - Move to: [-35, -3]
2025-12-19 17:42:03,540 - nvd_autonomous - INFO - Start Talking: 3
2025-12-19 17:42:03,540 - nvd_autonomous - INFO - Move to: [35, -3]
2025-12-19 17:42:05,751 - nvd_autonomous - INFO - Move pan to: 35
2025-12-19 17:42:05,751 - nvd_autonomous - INFO - Move tilt to: -3
2025-12-19 17:42:08,968 - nvd_autonomous - INFO - No one talking
2025-12-19 17:42:09,571 - nvd_autonomous - INFO - Start Talking: 3
2025-12-19 17:42:09,571 - nvd_autonomous - INFO - Move to: [35, -3]
2025-12-19 17:42:11,782 - nvd_autonomous - INFO - No one talking
2025-12-19 17:42:12,184 - nvd_autonomous - INFO - Start Talking: 3
2025-12-19 17:42:12,185 - nvd_autonomous - INFO - Move to: [35, -3]
2025-12-19 17:42:15,199 - nvd_autonomous - INFO - No one talking
2025-12-19 17:42:15,400 - nvd_autonomous - INFO - Start Talking: 3
2025-12-19 17:42:15,400 - nvd_autonomous - INFO - Move to: [35, -3]
2025-12-19 17:42:17,411 - nvd_autonomous - INFO - No one talking
2025-12-19 17:42:18,819 - nvd_autonomous - INFO - Start Talking: 3
2025-12-19 17:42:18,819 - nvd_autonomous - INFO - Move to: [35, -3]
2025-12-19 17:42:19,824 - nvd_autonomous - INFO - Start Talking: 1
2025-12-19 17:42:19,824 - nvd_autonomous - INFO - Move to: [-35, -3]
2025-12-19 17:42:20,025 - nvd_autonomous - INFO - Start Talking: 0
2025-12-19 17:42:20,025 - nvd_autonomous - INFO - Move to: [-35, -3]
2025-12-19 17:42:20,427 - nvd_autonomous - INFO - No one talking
2025-12-19 17:42:22,638 - nvd_autonomous - INFO - Move pan to: 35
2025-12-19 17:42:22,638 - nvd_autonomous - INFO - Move tilt to: -3
2025-12-19 17:42:22,638 - nvd_autonomous - INFO - Start Talking: 3
2025-12-19 17:42:22,638 - nvd_autonomous - INFO - Move to: [35, -3]
2025-12-19 17:42:24,045 - nvd_autonomous - INFO - Start Talking: 3
2025-12-19 17:42:24,045 - nvd_autonomous - INFO - Move to: [35, -3]
2025-12-19 17:42:25,452 - nvd_autonomous - INFO - No one talking
2025-12-19 17:42:25,653 - nvd_autonomous - INFO - Move pan to: 35
2025-12-19 17:42:25,653 - nvd_autonomous - INFO - Move tilt to: -3
2025-12-19 17:42:26,458 - nvd_autonomous - INFO - Start Talking: 3
2025-12-19 17:42:26,458 - nvd_autonomous - INFO - Move to: [35, -3]
2025-12-19 17:42:28,468 - nvd_autonomous - INFO - No one talking
2025-12-19 17:42:29,072 - nvd_autonomous - INFO - Start Talking: 3
2025-12-19 17:42:29,072 - nvd_autonomous - INFO - Move to: [35, -3]
2025-12-19 17:42:36,109 - nvd_autonomous - INFO - Backchanneling to: [35, -3]
2025-12-19 17:42:40,933 - nvd_autonomous - INFO - No one talking
2025-12-19 17:42:42,542 - nvd_autonomous - INFO - Start Talking: 3
2025-12-19 17:42:42,542 - nvd_autonomous - INFO - Move to: [35, -3]
2025-12-19 17:42:45,557 - nvd_autonomous - INFO - Start Talking: 3
2025-12-19 17:42:45,557 - nvd_autonomous - INFO - Move to: [35, -3]
2025-12-19 17:42:47,165 - nvd_autonomous - INFO - No one talking
2025-12-19 17:42:48,974 - nvd_autonomous - INFO - Start Talking: 3
2025-12-19 17:42:48,974 - nvd_autonomous - INFO - Move to: [35, -3]
2025-12-19 17:42:54,401 - nvd_autonomous - INFO - Robot start talking
2025-12-19 17:42:54,803 - nvd_autonomous - INFO - No one talking
2025-12-19 17:42:57,014 - nvd_autonomous - INFO - Start Talking: 3
2025-12-19 17:42:57,015 - nvd_autonomous - INFO - Move to: [35, -3]
2025-12-19 17:42:59,226 - nvd_autonomous - INFO - No one talking
2025-12-19 17:43:00,633 - nvd_autonomous - INFO - Start Talking: 3
2025-12-19 17:43:00,633 - nvd_autonomous - INFO - Move to: [35, -3]
2025-12-19 17:43:03,045 - nvd_autonomous - INFO - No one talking
2025-12-19 17:43:04,251 - nvd_autonomous - INFO - Start Talking: 3
2025-12-19 17:43:04,251 - nvd_autonomous - INFO - Move to: [35, -3]
2025-12-19 17:43:05,859 - nvd_autonomous - INFO - No one talking
2025-12-19 17:43:08,071 - nvd_autonomous - INFO - Robot start talking
2025-12-19 17:43:08,272 - nvd_autonomous - INFO - Start Talking: 3
2025-12-19 17:43:08,273 - nvd_autonomous - INFO - Move to: [35, -3]
2025-12-19 17:43:08,675 - nvd_autonomous - INFO - No one talking
2025-12-19 17:43:09,680 - nvd_autonomous - INFO - Start Talking: 3
2025-12-19 17:43:09,680 - nvd_autonomous - INFO - Move to: [35, -3]
2025-12-19 17:43:11,087 - nvd_autonomous - INFO - Robot start talking
2025-12-19 17:43:11,490 - nvd_autonomous - INFO - No one talking
2025-12-19 17:43:12,495 - nvd_autonomous - INFO - Start Talking: 3
2025-12-19 17:43:12,495 - nvd_autonomous - INFO - Move to: [35, -3]
2025-12-19 17:43:13,299 - nvd_autonomous - INFO - Start Talking: 3
2025-12-19 17:43:13,299 - nvd_autonomous - INFO - Move to: [35, -3]
2025-12-19 17:43:17,318 - nvd_autonomous - INFO - Start Talking: 3
2025-12-19 17:43:17,318 - nvd_autonomous - INFO - Move to: [35, -3]
2025-12-19 17:43:18,726 - nvd_autonomous - INFO - No one talking
2025-12-19 17:43:19,731 - nvd_autonomous - INFO - Start Talking: 3
2025-12-19 17:43:19,731 - nvd_autonomous - INFO - Move to: [35, -3]
2025-12-19 17:43:20,736 - nvd_autonomous - INFO - Start Talking: 3
2025-12-19 17:43:20,736 - nvd_autonomous - INFO - Move to: [35, -3]
2025-12-19 17:43:21,138 - nvd_autonomous - INFO - Start Talking: 0
2025-12-19 17:43:21,138 - nvd_autonomous - INFO - Move to: [-35, -3]
2025-12-19 17:43:21,540 - nvd_autonomous - INFO - No one talking
2025-12-19 17:43:23,551 - nvd_autonomous - INFO - Start Talking: 3
2025-12-19 17:43:23,551 - nvd_autonomous - INFO - Move to: [35, -3]
2025-12-19 17:43:23,953 - nvd_autonomous - INFO - Start Talking: 3
2025-12-19 17:43:23,953 - nvd_autonomous - INFO - Move to: [35, -3]
2025-12-19 17:43:24,154 - nvd_autonomous - INFO - Start Talking: 0
2025-12-19 17:43:24,154 - nvd_autonomous - INFO - Move to: [-35, -3]
2025-12-19 17:43:24,557 - nvd_autonomous - INFO - No one talking
2025-12-19 17:43:24,758 - nvd_autonomous - INFO - Start Talking: 3
2025-12-19 17:43:24,758 - nvd_autonomous - INFO - Move to: [35, -3]
2025-12-19 17:43:27,372 - nvd_autonomous - INFO - Start Talking: 3
2025-12-19 17:43:27,372 - nvd_autonomous - INFO - Move to: [35, -3]
2025-12-19 17:43:28,981 - nvd_autonomous - INFO - No one talking
2025-12-19 17:43:29,985 - nvd_autonomous - INFO - Move pan to: 35
2025-12-19 17:43:29,985 - nvd_autonomous - INFO - Move tilt to: -3
2025-12-19 17:43:29,985 - nvd_autonomous - INFO - Start Talking: 3
2025-12-19 17:43:29,986 - nvd_autonomous - INFO - Move to: [35, -3]
2025-12-19 17:43:30,991 - nvd_autonomous - INFO - No one talking
2025-12-19 17:43:33,001 - nvd_autonomous - INFO - Start Talking: 3
2025-12-19 17:43:33,001 - nvd_autonomous - INFO - Move to: [35, -3]
2025-12-19 17:43:36,015 - nvd_autonomous - INFO - Start Talking: 3
2025-12-19 17:43:36,015 - nvd_autonomous - INFO - Move to: [35, -3]
2025-12-19 17:43:39,031 - nvd_autonomous - INFO - Start Talking: 1
2025-12-19 17:43:39,031 - nvd_autonomous - INFO - Move to: [-35, -3]
2025-12-19 17:43:40,036 - nvd_autonomous - INFO - Start Talking: 3
2025-12-19 17:43:40,036 - nvd_autonomous - INFO - Move to: [35, -3]
2025-12-19 17:43:40,438 - nvd_autonomous - INFO - No one talking
2025-12-19 17:43:40,640 - nvd_autonomous - INFO - Start Talking: 3
2025-12-19 17:43:40,640 - nvd_autonomous - INFO - Move to: [35, -3]
2025-12-19 17:43:41,042 - nvd_autonomous - INFO - No one talking
2025-12-19 17:43:41,645 - nvd_autonomous - INFO - Start Talking: 3
2025-12-19 17:43:41,645 - nvd_autonomous - INFO - Move to: [35, -3]
2025-12-19 17:43:42,650 - nvd_autonomous - INFO - No one talking
2025-12-19 17:43:43,454 - nvd_autonomous - INFO - Start Talking: 3
2025-12-19 17:43:43,455 - nvd_autonomous - INFO - Move to: [35, -3]
2025-12-19 17:43:44,862 - nvd_autonomous - INFO - No one talking
2025-12-19 17:43:45,264 - nvd_autonomous - INFO - Start Talking: 3
2025-12-19 17:43:45,264 - nvd_autonomous - INFO - Move to: [35, -3]
2025-12-19 17:43:45,666 - nvd_autonomous - INFO - No one talking
2025-12-19 17:43:47,274 - nvd_autonomous - INFO - Start Talking: 3
2025-12-19 17:43:47,274 - nvd_autonomous - INFO - Move to: [35, -3]
2025-12-19 17:43:48,279 - nvd_autonomous - INFO - Start Talking: 3
2025-12-19 17:43:48,279 - nvd_autonomous - INFO - Move to: [35, -3]
2025-12-19 17:43:48,682 - nvd_autonomous - INFO - No one talking
2025-12-19 17:43:48,883 - nvd_autonomous - INFO - Start Talking: 3
2025-12-19 17:43:48,884 - nvd_autonomous - INFO - Move to: [35, -3]
2025-12-19 17:43:52,101 - nvd_autonomous - INFO - No one talking
2025-12-19 17:43:52,704 - nvd_autonomous - INFO - Start Talking: 3
2025-12-19 17:43:52,704 - nvd_autonomous - INFO - Move to: [35, -3]
2025-12-19 17:43:57,931 - nvd_autonomous - INFO - No one talking
2025-12-19 17:43:58,735 - nvd_autonomous - INFO - Start Talking: 3
2025-12-19 17:43:58,735 - nvd_autonomous - INFO - Move to: [35, -3]
2025-12-19 17:44:03,158 - nvd_autonomous - INFO - Start Talking: 0
2025-12-19 17:44:03,159 - nvd_autonomous - INFO - Move to: [-35, -3]
2025-12-19 17:44:03,360 - nvd_autonomous - INFO - Start Talking: 3
2025-12-19 17:44:03,360 - nvd_autonomous - INFO - Move to: [35, -3]
2025-12-19 17:44:07,179 - nvd_autonomous - INFO - Move pan to: 35
2025-12-19 17:44:07,179 - nvd_autonomous - INFO - Move tilt to: -3
2025-12-19 17:44:10,195 - nvd_autonomous - INFO - Start Talking: 3
2025-12-19 17:44:10,195 - nvd_autonomous - INFO - Move to: [35, -3]
2025-12-19 17:44:12,407 - nvd_autonomous - INFO - Robot start talking
2025-12-19 17:44:12,608 - nvd_autonomous - INFO - Start Talking: 3
2025-12-19 17:44:12,608 - nvd_autonomous - INFO - Move to: [35, -3]
2025-12-19 17:44:13,010 - nvd_autonomous - INFO - No one talking
2025-12-19 17:44:13,814 - nvd_autonomous - INFO - Start Talking: 3
2025-12-19 17:44:13,814 - nvd_autonomous - INFO - Move to: [35, -3]
2025-12-19 17:44:16,025 - nvd_autonomous - INFO - Start Talking: 3
2025-12-19 17:44:16,025 - nvd_autonomous - INFO - Move to: [35, -3]
2025-12-19 17:44:16,829 - nvd_autonomous - INFO - Start Talking: 3
2025-12-19 17:44:16,829 - nvd_autonomous - INFO - Move to: [35, -3]
2025-12-19 17:44:17,231 - nvd_autonomous - INFO - No one talking
2025-12-19 17:44:20,247 - nvd_autonomous - INFO - Start Talking: 3
2025-12-19 17:44:20,247 - nvd_autonomous - INFO - Move to: [35, -3]
2025-12-19 17:44:26,076 - nvd_autonomous - INFO - No one talking
2025-12-19 17:44:28,287 - nvd_autonomous - INFO - Start Talking: 3
2025-12-19 17:44:28,288 - nvd_autonomous - INFO - Move to: [35, -3]
2025-12-19 17:44:29,293 - nvd_autonomous - INFO - No one talking
2025-12-19 17:44:30,499 - nvd_autonomous - INFO - Start Talking: 3
2025-12-19 17:44:30,499 - nvd_autonomous - INFO - Move to: [35, -3]
2025-12-19 17:44:31,303 - nvd_autonomous - INFO - No one talking
2025-12-19 17:44:32,106 - nvd_autonomous - INFO - Start Talking: 3
2025-12-19 17:44:32,106 - nvd_autonomous - INFO - Move to: [35, -3]
2025-12-19 17:44:33,917 - nvd_autonomous - INFO - Start Talking: 1
2025-12-19 17:44:33,917 - nvd_autonomous - INFO - Move to: [-35, -3]
2025-12-19 17:44:36,128 - nvd_autonomous - INFO - No one talking
2025-12-19 17:44:37,937 - nvd_autonomous - INFO - Move pan to: -35
2025-12-19 17:44:37,937 - nvd_autonomous - INFO - Move tilt to: -3
2025-12-19 17:44:38,139 - nvd_autonomous - INFO - Start Talking: 1
2025-12-19 17:44:38,140 - nvd_autonomous - INFO - Move to: [-35, -3]
2025-12-19 17:44:38,945 - nvd_autonomous - INFO - No one talking
2025-12-19 17:44:40,151 - nvd_autonomous - INFO - Start Talking: 1
2025-12-19 17:44:40,151 - nvd_autonomous - INFO - Move to: [-35, -3]
2025-12-19 17:44:41,357 - nvd_autonomous - INFO - No one talking
2025-12-19 17:44:43,970 - nvd_autonomous - INFO - Start Talking: 0
2025-12-19 17:44:43,970 - nvd_autonomous - INFO - Move to: [-35, -3]
2025-12-19 17:44:44,372 - nvd_autonomous - INFO - No one talking
2025-12-19 17:44:44,573 - nvd_autonomous - INFO - Start Talking: 0
2025-12-19 17:44:44,573 - nvd_autonomous - INFO - Move to: [-35, -3]
2025-12-19 17:44:45,176 - nvd_autonomous - INFO - No one talking
2025-12-19 17:44:48,795 - nvd_autonomous - INFO - Start Talking: 1
2025-12-19 17:44:48,795 - nvd_autonomous - INFO - Move to: [-35, -3]
2025-12-19 17:44:50,604 - nvd_autonomous - INFO - No one talking
2025-12-19 17:44:54,021 - nvd_autonomous - INFO - Start Talking: 1
2025-12-19 17:44:54,022 - nvd_autonomous - INFO - Move to: [-35, -3]
2025-12-19 17:44:54,424 - nvd_autonomous - INFO - No one talking
2025-12-19 17:44:57,841 - nvd_autonomous - INFO - Start Talking: 1
2025-12-19 17:44:57,841 - nvd_autonomous - INFO - Move to: [-35, -3]
2025-12-19 17:44:59,047 - nvd_autonomous - INFO - No one talking
2025-12-19 17:45:00,253 - nvd_autonomous - INFO - Start Talking: 1
2025-12-19 17:45:00,253 - nvd_autonomous - INFO - Move to: [-35, -3]
2025-12-19 17:45:00,655 - nvd_autonomous - INFO - No one talking
2025-12-19 17:45:04,474 - nvd_autonomous - INFO - Start Talking: 1
2025-12-19 17:45:04,474 - nvd_autonomous - INFO - Move to: [-35, -3]
2025-12-19 17:45:05,681 - nvd_autonomous - INFO - No one talking
2025-12-19 17:45:06,284 - nvd_autonomous - INFO - Start Talking: 1
2025-12-19 17:45:06,284 - nvd_autonomous - INFO - Move to: [-35, -3]
2025-12-19 17:45:07,892 - nvd_autonomous - INFO - No one talking
2025-12-19 17:45:10,906 - nvd_autonomous - INFO - Start Talking: 1
2025-12-19 17:45:10,906 - nvd_autonomous - INFO - Move to: [-35, -3]
2025-12-19 17:45:13,519 - nvd_autonomous - INFO - Start Talking: 1
2025-12-19 17:45:13,519 - nvd_autonomous - INFO - Move to: [-35, -3]
2025-12-19 17:45:15,128 - nvd_autonomous - INFO - No one talking
2025-12-19 17:45:17,339 - nvd_autonomous - INFO - Start Talking: 1
2025-12-19 17:45:17,339 - nvd_autonomous - INFO - Move to: [-35, -3]
2025-12-19 17:45:17,942 - nvd_autonomous - INFO - Start Talking: 1
2025-12-19 17:45:17,942 - nvd_autonomous - INFO - Move to: [-35, -3]
2025-12-19 17:45:19,550 - nvd_autonomous - INFO - No one talking
2025-12-19 17:45:20,555 - nvd_autonomous - INFO - Start Talking: 1
2025-12-19 17:45:20,555 - nvd_autonomous - INFO - Move to: [-35, -3]
2025-12-19 17:45:26,383 - nvd_autonomous - INFO - Start Talking: 1
2025-12-19 17:45:26,384 - nvd_autonomous - INFO - Move to: [-35, -3]
2025-12-19 17:45:27,187 - nvd_autonomous - INFO - No one talking
2025-12-19 17:45:27,388 - nvd_autonomous - INFO - Start Talking: 1
2025-12-19 17:45:27,388 - nvd_autonomous - INFO - Move to: [-35, -3]
2025-12-19 17:45:27,991 - nvd_autonomous - INFO - Start Talking: 1
2025-12-19 17:45:27,991 - nvd_autonomous - INFO - Move to: [-35, -3]
2025-12-19 17:45:29,399 - nvd_autonomous - INFO - Start Talking: 1
2025-12-19 17:45:29,399 - nvd_autonomous - INFO - Move to: [-35, -3]
2025-12-19 17:45:29,801 - nvd_autonomous - INFO - Start Talking: 1
2025-12-19 17:45:29,801 - nvd_autonomous - INFO - Move to: [-35, -3]
2025-12-19 17:45:30,203 - nvd_autonomous - INFO - No one talking
2025-12-19 17:45:30,404 - nvd_autonomous - INFO - Start Talking: 1
2025-12-19 17:45:30,405 - nvd_autonomous - INFO - Move to: [-35, -3]
2025-12-19 17:45:31,008 - nvd_autonomous - INFO - No one talking
2025-12-19 17:45:31,209 - nvd_autonomous - INFO - Start Talking: 1
2025-12-19 17:45:31,210 - nvd_autonomous - INFO - Move to: [-35, -3]
2025-12-19 17:45:32,014 - nvd_autonomous - INFO - No one talking
2025-12-19 17:45:33,221 - nvd_autonomous - INFO - Start Talking: 1
2025-12-19 17:45:33,221 - nvd_autonomous - INFO - Move to: [-35, -3]
2025-12-19 17:45:34,427 - nvd_autonomous - INFO - No one talking
2025-12-19 17:45:36,035 - nvd_autonomous - INFO - Start Talking: 1
2025-12-19 17:45:36,035 - nvd_autonomous - INFO - Move to: [-35, -3]
2025-12-19 17:45:38,046 - nvd_autonomous - INFO - No one talking
2025-12-19 17:45:39,252 - nvd_autonomous - INFO - Start Talking: 1
2025-12-19 17:45:39,252 - nvd_autonomous - INFO - Move to: [-35, -3]
2025-12-19 17:45:39,654 - nvd_autonomous - INFO - No one talking
2025-12-19 17:45:40,860 - nvd_autonomous - INFO - Start Talking: 1
2025-12-19 17:45:40,860 - nvd_autonomous - INFO - Move to: [-35, -3]
2025-12-19 17:45:48,096 - nvd_autonomous - INFO - No one talking
2025-12-19 17:45:48,900 - nvd_autonomous - INFO - Start Talking: 1
2025-12-19 17:45:48,900 - nvd_autonomous - INFO - Move to: [-35, -3]
2025-12-19 17:45:51,313 - nvd_autonomous - INFO - No one talking
2025-12-19 17:45:52,519 - nvd_autonomous - INFO - Start Talking: 1
2025-12-19 17:45:52,519 - nvd_autonomous - INFO - Move to: [-35, -3]
2025-12-19 17:45:53,323 - nvd_autonomous - INFO - Start Talking: 1
2025-12-19 17:45:53,323 - nvd_autonomous - INFO - Move to: [-35, -3]
2025-12-19 17:45:53,926 - nvd_autonomous - INFO - No one talking
2025-12-19 17:45:55,534 - nvd_autonomous - INFO - Start Talking: 0
2025-12-19 17:45:55,534 - nvd_autonomous - INFO - Move to: [-35, -3]
2025-12-19 17:45:56,338 - nvd_autonomous - INFO - Robot start talking
2025-12-19 17:45:56,740 - nvd_autonomous - INFO - Start Talking: 3
2025-12-19 17:45:56,740 - nvd_autonomous - INFO - Move to: [35, -3]
2025-12-19 17:45:59,554 - nvd_autonomous - INFO - Start Talking: 3
2025-12-19 17:45:59,554 - nvd_autonomous - INFO - Move to: [35, -3]
2025-12-19 17:46:00,960 - nvd_autonomous - INFO - No one talking
2025-12-19 17:46:02,167 - nvd_autonomous - INFO - Start Talking: 3
2025-12-19 17:46:02,167 - nvd_autonomous - INFO - Move to: [35, -3]
2025-12-19 17:46:02,570 - nvd_autonomous - INFO - No one talking
2025-12-19 17:46:02,971 - nvd_autonomous - INFO - Start Talking: 3
2025-12-19 17:46:02,971 - nvd_autonomous - INFO - Move to: [35, -3]
2025-12-19 17:46:03,374 - nvd_autonomous - INFO - No one talking
2025-12-19 17:46:03,575 - nvd_autonomous - INFO - Start Talking: 3
2025-12-19 17:46:03,576 - nvd_autonomous - INFO - Move to: [35, -3]
2025-12-19 17:46:03,978 - nvd_autonomous - INFO - Start Talking: 3
2025-12-19 17:46:03,979 - nvd_autonomous - INFO - Move to: [35, -3]
2025-12-19 17:46:04,380 - nvd_autonomous - INFO - Start Talking: 3
2025-12-19 17:46:04,380 - nvd_autonomous - INFO - Move to: [35, -3]
2025-12-19 17:46:05,587 - nvd_autonomous - INFO - No one talking
2025-12-19 17:46:07,195 - nvd_autonomous - INFO - Start Talking: 3
2025-12-19 17:46:07,195 - nvd_autonomous - INFO - Move to: [35, -3]
2025-12-19 17:46:08,804 - nvd_autonomous - INFO - No one talking
2025-12-19 17:46:09,005 - nvd_autonomous - INFO - Start Talking: 3
2025-12-19 17:46:09,005 - nvd_autonomous - INFO - Move to: [35, -3]
2025-12-19 17:46:09,407 - nvd_autonomous - INFO - Start Talking: 3
2025-12-19 17:46:09,407 - nvd_autonomous - INFO - Move to: [35, -3]
2025-12-19 17:46:11,417 - nvd_autonomous - INFO - Start Talking: 3
2025-12-19 17:46:11,417 - nvd_autonomous - INFO - Move to: [35, -3]
2025-12-19 17:46:12,021 - nvd_autonomous - INFO - Start Talking: 3
2025-12-19 17:46:12,021 - nvd_autonomous - INFO - Move to: [35, -3]
2025-12-19 17:46:13,629 - nvd_autonomous - INFO - No one talking
2025-12-19 17:46:14,031 - nvd_autonomous - INFO - Start Talking: 3
2025-12-19 17:46:14,031 - nvd_autonomous - INFO - Move to: [35, -3]
2025-12-19 17:46:14,433 - nvd_autonomous - INFO - No one talking
2025-12-19 17:46:16,042 - nvd_autonomous - INFO - Start Talking: 3
2025-12-19 17:46:16,042 - nvd_autonomous - INFO - Move to: [35, -3]
2025-12-19 17:46:20,464 - nvd_autonomous - INFO - No one talking
2025-12-19 17:46:21,871 - nvd_autonomous - INFO - Start Talking: 3
2025-12-19 17:46:21,871 - nvd_autonomous - INFO - Move to: [35, -3]
2025-12-19 17:46:23,077 - nvd_autonomous - INFO - No one talking
2025-12-19 17:46:23,680 - nvd_autonomous - INFO - Start Talking: 3
2025-12-19 17:46:23,680 - nvd_autonomous - INFO - Move to: [35, -3]
2025-12-19 17:46:25,087 - nvd_autonomous - INFO - Robot start talking
2025-12-19 17:46:25,490 - nvd_autonomous - INFO - Start Talking: 3
2025-12-19 17:46:25,490 - nvd_autonomous - INFO - Move to: [35, -3]
2025-12-19 17:46:25,892 - nvd_autonomous - INFO - Start Talking: 3
2025-12-19 17:46:25,892 - nvd_autonomous - INFO - Move to: [35, -3]
2025-12-19 17:46:28,908 - nvd_autonomous - INFO - No one talking
2025-12-19 17:46:34,136 - nvd_autonomous - INFO - Start Talking: 3
2025-12-19 17:46:34,136 - nvd_autonomous - INFO - Move to: [35, -3]
2025-12-19 17:46:34,539 - nvd_autonomous - INFO - No one talking
2025-12-19 17:46:36,347 - nvd_autonomous - INFO - Start Talking: 3
2025-12-19 17:46:36,347 - nvd_autonomous - INFO - Move to: [35, -3]
2025-12-19 17:46:36,750 - nvd_autonomous - INFO - No one talking
2025-12-19 17:46:37,755 - nvd_autonomous - INFO - Start Talking: 3
2025-12-19 17:46:37,755 - nvd_autonomous - INFO - Move to: [35, -3]
2025-12-19 17:46:38,158 - nvd_autonomous - INFO - No one talking
2025-12-19 17:46:38,359 - nvd_autonomous - INFO - Start Talking: 3
2025-12-19 17:46:38,359 - nvd_autonomous - INFO - Move to: [35, -3]
2025-12-19 17:46:38,761 - nvd_autonomous - INFO - No one talking
2025-12-19 17:46:40,570 - nvd_autonomous - INFO - Robot start talking
2025-12-19 17:46:40,771 - nvd_autonomous - INFO - Robot start talking
2025-12-19 17:46:40,972 - nvd_autonomous - INFO - Robot start talking
2025-12-19 17:46:41,173 - nvd_autonomous - INFO - Robot start talking
2025-12-19 17:46:41,374 - nvd_autonomous - INFO - Start Talking: 3
2025-12-19 17:46:41,375 - nvd_autonomous - INFO - Move to: [35, -3]
2025-12-19 17:46:41,576 - nvd_autonomous - INFO - Robot start talking
2025-12-19 17:46:41,777 - nvd_autonomous - INFO - Robot start talking
2025-12-19 17:46:41,978 - nvd_autonomous - INFO - Start Talking: 3
2025-12-19 17:46:41,978 - nvd_autonomous - INFO - Move to: [35, -3]
2025-12-19 17:46:45,596 - nvd_autonomous - INFO - Start Talking: 0
2025-12-19 17:46:45,596 - nvd_autonomous - INFO - Move to: [-35, -3]
2025-12-19 17:46:45,797 - nvd_autonomous - INFO - Start Talking: 3
2025-12-19 17:46:45,797 - nvd_autonomous - INFO - Move to: [35, -3]
2025-12-19 17:46:47,204 - nvd_autonomous - INFO - Start Talking: 3
2025-12-19 17:46:47,204 - nvd_autonomous - INFO - Move to: [35, -3]
2025-12-19 17:46:47,606 - nvd_autonomous - INFO - No one talking
2025-12-19 17:46:50,822 - nvd_autonomous - INFO - Move pan to: 35
2025-12-19 17:46:50,822 - nvd_autonomous - INFO - Move tilt to: -3
2025-12-19 17:46:52,632 - nvd_autonomous - INFO - Start Talking: 3
2025-12-19 17:46:52,632 - nvd_autonomous - INFO - Move to: [35, -3]
2025-12-19 17:46:53,636 - nvd_autonomous - INFO - No one talking
2025-12-19 17:46:58,260 - nvd_autonomous - INFO - Start Talking: 3
2025-12-19 17:46:58,260 - nvd_autonomous - INFO - Move to: [35, -3]
2025-12-19 17:46:59,266 - nvd_autonomous - INFO - Start Talking: 3
2025-12-19 17:46:59,266 - nvd_autonomous - INFO - Move to: [35, -3]
2025-12-19 17:47:01,480 - nvd_autonomous - INFO - Start Talking: 1
2025-12-19 17:47:01,480 - nvd_autonomous - INFO - Move to: [-35, -3]
2025-12-19 17:47:02,285 - nvd_autonomous - INFO - No one talking
2025-12-19 17:47:02,486 - nvd_autonomous - INFO - Start Talking: 1
2025-12-19 17:47:02,486 - nvd_autonomous - INFO - Move to: [-35, -3]
2025-12-19 17:47:03,089 - nvd_autonomous - INFO - No one talking
2025-12-19 17:47:03,491 - nvd_autonomous - INFO - Start Talking: 1
2025-12-19 17:47:03,491 - nvd_autonomous - INFO - Move to: [-35, -3]
2025-12-19 17:47:03,893 - nvd_autonomous - INFO - Start Talking: 1
2025-12-19 17:47:03,893 - nvd_autonomous - INFO - Move to: [-35, -3]
2025-12-19 17:47:05,301 - nvd_autonomous - INFO - Robot start talking
2025-12-19 17:47:05,502 - nvd_autonomous - INFO - Start Talking: 1
2025-12-19 17:47:05,502 - nvd_autonomous - INFO - Move to: [-35, -3]
2025-12-19 17:47:05,904 - nvd_autonomous - INFO - No one talking
2025-12-19 17:47:07,311 - nvd_autonomous - INFO - Move pan to: 35
2025-12-19 17:47:07,311 - nvd_autonomous - INFO - Move tilt to: -3
2025-12-19 17:47:08,115 - nvd_autonomous - INFO - Start Talking: 1
2025-12-19 17:47:08,115 - nvd_autonomous - INFO - Move to: [-35, -3]
2025-12-19 17:47:08,517 - nvd_autonomous - INFO - No one talking
2025-12-19 17:47:08,718 - nvd_autonomous - INFO - Start Talking: 1
2025-12-19 17:47:08,718 - nvd_autonomous - INFO - Move to: [-35, -3]
2025-12-19 17:47:09,120 - nvd_autonomous - INFO - Start Talking: 3
2025-12-19 17:47:09,120 - nvd_autonomous - INFO - Move to: [35, -3]
2025-12-19 17:47:10,527 - nvd_autonomous - INFO - No one talking
2025-12-19 17:47:11,130 - nvd_autonomous - INFO - Start Talking: 3
2025-12-19 17:47:11,130 - nvd_autonomous - INFO - Move to: [35, -3]
2025-12-19 17:47:12,940 - nvd_autonomous - INFO - Robot start talking
2025-12-19 17:47:13,141 - nvd_autonomous - INFO - Start Talking: 3
2025-12-19 17:47:13,141 - nvd_autonomous - INFO - Move to: [35, -3]
2025-12-19 17:47:13,342 - nvd_autonomous - INFO - Robot start talking
2025-12-19 17:47:13,744 - nvd_autonomous - INFO - No one talking
2025-12-19 17:47:15,151 - nvd_autonomous - INFO - Move pan to: 35
2025-12-19 17:47:15,151 - nvd_autonomous - INFO - Move tilt to: -3
2025-12-19 17:47:17,564 - nvd_autonomous - INFO - Start Talking: 0
2025-12-19 17:47:17,564 - nvd_autonomous - INFO - Move to: [-35, -3]
2025-12-19 17:47:20,781 - nvd_autonomous - INFO - No one talking
2025-12-19 17:47:28,017 - nvd_autonomous - INFO - Robot start talking
2025-12-19 17:47:28,218 - nvd_autonomous - INFO - Robot start talking
2025-12-19 17:47:28,419 - nvd_autonomous - INFO - Robot start talking
2025-12-19 17:47:28,620 - nvd_autonomous - INFO - Robot start talking
2025-12-19 17:47:28,821 - nvd_autonomous - INFO - Robot start talking
2025-12-19 17:47:29,022 - nvd_autonomous - INFO - Robot start talking
2025-12-19 17:47:29,223 - nvd_autonomous - INFO - Robot start talking
2025-12-19 17:47:29,424 - nvd_autonomous - INFO - Robot start talking
2025-12-19 17:47:29,625 - nvd_autonomous - INFO - Robot start talking
2025-12-19 17:47:29,826 - nvd_autonomous - INFO - Robot start talking
2025-12-19 17:47:30,027 - nvd_autonomous - INFO - Robot start talking
2025-12-19 17:47:30,228 - nvd_autonomous - INFO - Robot start talking
2025-12-19 17:47:30,429 - nvd_autonomous - INFO - Robot start talking
2025-12-19 17:47:30,630 - nvd_autonomous - INFO - Robot start talking
2025-12-19 17:47:30,831 - nvd_autonomous - INFO - Robot start talking
2025-12-19 17:47:31,032 - nvd_autonomous - INFO - Robot start talking
2025-12-19 17:47:31,233 - nvd_autonomous - INFO - Robot start talking
2025-12-19 17:47:31,434 - nvd_autonomous - INFO - Robot start talking
2025-12-19 17:47:31,635 - nvd_autonomous - INFO - Robot start talking
2025-12-19 17:47:31,836 - nvd_autonomous - INFO - Robot start talking
2025-12-19 17:47:32,037 - nvd_autonomous - INFO - Robot start talking
2025-12-19 17:47:32,238 - nvd_autonomous - INFO - Robot start talking
2025-12-19 17:47:32,439 - nvd_autonomous - INFO - Robot start talking
2025-12-19 17:47:32,640 - nvd_autonomous - INFO - Robot start talking
2025-12-19 17:47:32,841 - nvd_autonomous - INFO - Robot start talking
2025-12-19 17:47:33,042 - nvd_autonomous - INFO - Robot start talking
2025-12-19 17:47:33,243 - nvd_autonomous - INFO - Robot start talking
2025-12-19 17:47:33,445 - nvd_autonomous - INFO - Robot start talking
2025-12-19 17:47:33,645 - nvd_autonomous - INFO - Robot start talking
2025-12-19 17:47:33,848 - nvd_autonomous - INFO - Robot start talking
2025-12-19 17:47:34,048 - nvd_autonomous - INFO - Robot start talking
2025-12-19 17:47:34,250 - nvd_autonomous - INFO - Robot start talking
2025-12-19 17:47:34,451 - nvd_autonomous - INFO - Robot start talking
2025-12-19 17:47:34,652 - nvd_autonomous - INFO - Robot start talking
2025-12-19 17:47:34,853 - nvd_autonomous - INFO - Robot start talking
2025-12-19 17:47:35,054 - nvd_autonomous - INFO - Robot start talking
2025-12-19 17:47:35,255 - nvd_autonomous - INFO - Robot start talking
2025-12-19 17:47:35,456 - nvd_autonomous - INFO - Robot start talking
2025-12-19 17:47:35,657 - nvd_autonomous - INFO - Robot start talking
2025-12-19 17:47:35,858 - nvd_autonomous - INFO - Robot start talking
2025-12-19 17:47:36,059 - nvd_autonomous - INFO - Robot start talking
2025-12-19 17:47:36,260 - nvd_autonomous - INFO - Robot start talking
2025-12-19 17:47:36,461 - nvd_autonomous - INFO - Robot start talking
2025-12-19 17:47:36,662 - nvd_autonomous - INFO - Robot start talking
2025-12-19 17:47:36,863 - nvd_autonomous - INFO - Robot start talking
2025-12-19 17:47:37,064 - nvd_autonomous - INFO - Robot start talking
2025-12-19 17:47:37,265 - nvd_autonomous - INFO - Robot start talking
2025-12-19 17:47:37,466 - nvd_autonomous - INFO - Robot start talking
2025-12-19 17:47:37,667 - nvd_autonomous - INFO - Robot start talking
2025-12-19 17:47:37,868 - nvd_autonomous - INFO - Robot start talking
2025-12-19 17:47:38,069 - nvd_autonomous - INFO - Robot start talking
2025-12-19 17:47:38,270 - nvd_autonomous - INFO - Robot start talking
2025-12-19 17:47:38,471 - nvd_autonomous - INFO - Robot start talking
2025-12-19 17:47:38,672 - nvd_autonomous - INFO - Robot start talking
2025-12-19 17:47:38,873 - nvd_autonomous - INFO - Robot start talking
2025-12-19 17:47:39,074 - nvd_autonomous - INFO - Robot start talking
2025-12-19 17:47:39,275 - nvd_autonomous - INFO - Robot start talking
2025-12-19 17:47:39,476 - nvd_autonomous - INFO - Robot start talking
2025-12-19 17:47:39,677 - nvd_autonomous - INFO - Robot start talking
2025-12-19 17:47:39,878 - nvd_autonomous - INFO - Robot start talking
2025-12-19 17:47:40,079 - nvd_autonomous - INFO - Robot start talking
2025-12-19 17:47:40,280 - nvd_autonomous - INFO - Robot start talking
2025-12-19 17:47:40,481 - nvd_autonomous - INFO - Robot start talking
2025-12-19 17:47:40,682 - nvd_autonomous - INFO - Robot start talking
2025-12-19 17:47:40,884 - nvd_autonomous - INFO - Robot start talking
2025-12-19 17:47:41,085 - nvd_autonomous - INFO - Robot start talking
2025-12-19 17:47:41,287 - nvd_autonomous - INFO - Robot start talking
2025-12-19 17:47:41,488 - nvd_autonomous - INFO - Robot start talking
2025-12-19 17:47:41,689 - nvd_autonomous - INFO - Robot start talking
2025-12-19 17:47:41,890 - nvd_autonomous - INFO - Robot start talking
2025-12-19 17:47:42,091 - nvd_autonomous - INFO - Robot start talking
2025-12-19 17:47:42,292 - nvd_autonomous - INFO - Robot start talking
2025-12-19 17:47:42,493 - nvd_autonomous - INFO - Robot start talking
2025-12-19 17:47:42,694 - nvd_autonomous - INFO - Robot start talking
2025-12-19 17:47:42,895 - nvd_autonomous - INFO - Robot start talking
2025-12-19 17:47:43,096 - nvd_autonomous - INFO - Robot start talking
2025-12-19 17:47:43,297 - nvd_autonomous - INFO - Robot start talking
2025-12-19 17:47:43,498 - nvd_autonomous - INFO - Robot start talking
2025-12-19 17:47:43,699 - nvd_autonomous - INFO - Robot start talking
2025-12-19 17:47:43,900 - nvd_autonomous - INFO - Robot start talking
2025-12-19 17:47:44,101 - nvd_autonomous - INFO - Robot start talking
2025-12-19 17:47:44,303 - nvd_autonomous - INFO - Robot start talking
2025-12-19 17:47:44,514 - nvd_autonomous - INFO - Robot start talking
2025-12-19 17:47:44,715 - nvd_autonomous - INFO - Robot start talking
2025-12-19 17:47:44,916 - nvd_autonomous - INFO - Robot start talking
2025-12-19 17:47:45,117 - nvd_autonomous - INFO - Robot start talking
2025-12-19 17:47:45,318 - nvd_autonomous - INFO - Robot start talking
2025-12-19 17:47:45,519 - nvd_autonomous - INFO - Robot start talking
2025-12-19 17:47:45,720 - nvd_autonomous - INFO - Robot start talking
2025-12-19 17:47:45,921 - nvd_autonomous - INFO - Robot start talking
2025-12-19 17:47:46,122 - nvd_autonomous - INFO - Robot start talking
2025-12-19 17:47:46,323 - nvd_autonomous - INFO - Robot start talking
2025-12-19 17:47:46,524 - nvd_autonomous - INFO - Robot start talking
2025-12-19 17:47:46,725 - nvd_autonomous - INFO - Robot start talking
2025-12-19 17:47:46,927 - nvd_autonomous - INFO - Robot start talking
2025-12-19 17:47:47,128 - nvd_autonomous - INFO - Robot start talking
2025-12-19 17:47:47,329 - nvd_autonomous - INFO - Robot start talking
2025-12-19 17:47:47,530 - nvd_autonomous - INFO - Robot start talking
2025-12-19 17:47:47,731 - nvd_autonomous - INFO - Robot start talking
2025-12-19 17:47:47,932 - nvd_autonomous - INFO - Robot start talking
2025-12-19 17:47:48,133 - nvd_autonomous - INFO - Robot start talking
2025-12-19 17:47:48,334 - nvd_autonomous - INFO - Robot start talking
2025-12-19 17:47:48,535 - nvd_autonomous - INFO - Robot start talking
2025-12-19 17:47:48,736 - nvd_autonomous - INFO - Robot start talking
2025-12-19 17:47:48,938 - nvd_autonomous - INFO - Robot start talking
2025-12-19 17:47:49,138 - nvd_autonomous - INFO - Robot start talking
2025-12-19 17:47:49,340 - nvd_autonomous - INFO - Robot start talking
2025-12-19 17:47:49,542 - nvd_autonomous - INFO - Robot start talking
2025-12-19 17:47:49,744 - nvd_autonomous - INFO - Robot start talking
2025-12-19 17:47:49,945 - nvd_autonomous - INFO - Move pan to: 0
2025-12-19 17:47:49,945 - nvd_autonomous - INFO - Move tilt to: -3
2025-12-19 17:47:49,946 - nvd_autonomous - INFO - Robot start talking
2025-12-19 17:47:50,148 - nvd_autonomous - INFO - Robot start talking
2025-12-19 17:47:50,349 - nvd_autonomous - INFO - Robot start talking
2025-12-19 17:47:50,550 - nvd_autonomous - INFO - Robot start talking
2025-12-19 17:47:50,751 - nvd_autonomous - INFO - Robot start talking
2025-12-19 17:47:50,952 - nvd_autonomous - INFO - Robot start talking
2025-12-19 17:47:51,153 - nvd_autonomous - INFO - Robot start talking
2025-12-19 17:47:51,354 - nvd_autonomous - INFO - Robot start talking
2025-12-19 17:47:51,555 - nvd_autonomous - INFO - Robot start talking
2025-12-19 17:47:51,756 - nvd_autonomous - INFO - Robot start talking
2025-12-19 17:47:51,957 - nvd_autonomous - INFO - Robot start talking
2025-12-19 17:47:52,158 - nvd_autonomous - INFO - Robot start talking
2025-12-19 17:47:52,360 - nvd_autonomous - INFO - Robot start talking
2025-12-19 17:47:52,561 - nvd_autonomous - INFO - Robot start talking
2025-12-19 17:47:52,762 - nvd_autonomous - INFO - Start Talking: 0
2025-12-19 17:47:52,762 - nvd_autonomous - INFO - Move to: [-35, -3]
2025-12-19 17:47:52,963 - nvd_autonomous - INFO - Robot start talking
2025-12-19 17:47:53,164 - nvd_autonomous - INFO - Robot start talking
2025-12-19 17:47:53,366 - nvd_autonomous - INFO - Robot start talking
2025-12-19 17:47:53,566 - nvd_autonomous - INFO - Robot start talking
2025-12-19 17:47:53,768 - nvd_autonomous - INFO - Start Talking: 0
2025-12-19 17:47:53,768 - nvd_autonomous - INFO - Move to: [-35, -3]
2025-12-19 17:47:53,969 - nvd_autonomous - INFO - Robot start talking
2025-12-19 17:47:54,170 - nvd_autonomous - INFO - Robot start talking
2025-12-19 17:47:54,370 - nvd_autonomous - INFO - Robot start talking
2025-12-19 17:47:54,572 - nvd_autonomous - INFO - Robot start talking
2025-12-19 17:47:54,773 - nvd_autonomous - INFO - Robot start talking
2025-12-19 17:47:54,974 - nvd_autonomous - INFO - Robot start talking
2025-12-19 17:47:55,175 - nvd_autonomous - INFO - Robot start talking
2025-12-19 17:47:55,578 - nvd_autonomous - INFO - No one talking
2025-12-19 17:47:55,779 - nvd_autonomous - INFO - Move pan to: 35
2025-12-19 17:47:55,779 - nvd_autonomous - INFO - Move tilt to: -3
2025-12-19 17:47:57,187 - nvd_autonomous - INFO - Start Talking: 0
2025-12-19 17:47:57,188 - nvd_autonomous - INFO - Move to: [-35, -3]
2025-12-19 17:47:58,394 - nvd_autonomous - INFO - Start Talking: 3
2025-12-19 17:47:58,395 - nvd_autonomous - INFO - Move to: [35, -3]
2025-12-19 17:48:00,805 - nvd_autonomous - INFO - Robot start talking
2025-12-19 17:48:01,007 - nvd_autonomous - INFO - Start Talking: 3
2025-12-19 17:48:01,008 - nvd_autonomous - INFO - Move to: [35, -3]
2025-12-19 17:48:02,616 - nvd_autonomous - INFO - Set image to: effort.png
2025-12-19 17:48:03,621 - nvd_autonomous - INFO - No one talking
2025-12-19 17:48:04,827 - nvd_autonomous - INFO - Set image to: blink.gif
2025-12-19 17:48:11,661 - nvd_autonomous - INFO - Robot start talking
2025-12-19 17:48:11,862 - nvd_autonomous - INFO - Robot start talking
2025-12-19 17:48:12,063 - nvd_autonomous - INFO - Robot start talking
2025-12-19 17:48:12,264 - nvd_autonomous - INFO - Robot start talking
2025-12-19 17:48:12,465 - nvd_autonomous - INFO - Robot start talking
2025-12-19 17:48:12,666 - nvd_autonomous - INFO - Robot start talking
2025-12-19 17:48:12,867 - nvd_autonomous - INFO - Robot start talking
2025-12-19 17:48:13,068 - nvd_autonomous - INFO - Robot start talking
2025-12-19 17:48:13,269 - nvd_autonomous - INFO - Robot start talking
2025-12-19 17:48:13,470 - nvd_autonomous - INFO - Robot start talking
2025-12-19 17:48:13,671 - nvd_autonomous - INFO - Robot start talking
2025-12-19 17:48:13,872 - nvd_autonomous - INFO - Robot start talking
2025-12-19 17:48:14,073 - nvd_autonomous - INFO - Robot start talking
2025-12-19 17:48:14,274 - nvd_autonomous - INFO - Start Talking: 0
2025-12-19 17:48:14,274 - nvd_autonomous - INFO - Move to: [-35, -3]
2025-12-19 17:48:14,475 - nvd_autonomous - INFO - Robot start talking
2025-12-19 17:48:14,676 - nvd_autonomous - INFO - Start Talking: 0
2025-12-19 17:48:14,676 - nvd_autonomous - INFO - Move to: [-35, -3]
2025-12-19 17:48:14,877 - nvd_autonomous - INFO - Robot start talking
2025-12-19 17:48:15,078 - nvd_autonomous - INFO - Robot start talking
2025-12-19 17:48:15,279 - nvd_autonomous - INFO - Robot start talking
2025-12-19 17:48:15,480 - nvd_autonomous - INFO - Start Talking: 3
2025-12-19 17:48:15,480 - nvd_autonomous - INFO - Move to: [35, -3]
2025-12-19 17:48:15,681 - nvd_autonomous - INFO - Robot start talking
2025-12-19 17:48:15,883 - nvd_autonomous - INFO - Robot start talking
2025-12-19 17:48:16,084 - nvd_autonomous - INFO - Robot start talking
2025-12-19 17:48:16,285 - nvd_autonomous - INFO - Robot start talking
2025-12-19 17:48:16,486 - nvd_autonomous - INFO - Robot start talking
2025-12-19 17:48:16,687 - nvd_autonomous - INFO - Robot start talking
2025-12-19 17:48:16,888 - nvd_autonomous - INFO - Robot start talking
2025-12-19 17:48:17,089 - nvd_autonomous - INFO - Robot start talking
2025-12-19 17:48:17,290 - nvd_autonomous - INFO - Robot start talking
2025-12-19 17:48:17,491 - nvd_autonomous - INFO - Robot start talking
2025-12-19 17:48:17,692 - nvd_autonomous - INFO - Robot start talking
2025-12-19 17:48:17,893 - nvd_autonomous - INFO - Robot start talking
2025-12-19 17:48:18,094 - nvd_autonomous - INFO - Start Talking: 0
2025-12-19 17:48:18,094 - nvd_autonomous - INFO - Move to: [-35, -3]
2025-12-19 17:48:18,697 - nvd_autonomous - INFO - Robot start talking
2025-12-19 17:48:18,898 - nvd_autonomous - INFO - Robot start talking
2025-12-19 17:48:19,099 - nvd_autonomous - INFO - Robot start talking
2025-12-19 17:48:19,300 - nvd_autonomous - INFO - Robot start talking
2025-12-19 17:48:19,501 - nvd_autonomous - INFO - Robot start talking
2025-12-19 17:48:19,703 - nvd_autonomous - INFO - Robot start talking
2025-12-19 17:48:19,903 - nvd_autonomous - INFO - Robot start talking
2025-12-19 17:48:20,104 - nvd_autonomous - INFO - Robot start talking
2025-12-19 17:48:20,305 - nvd_autonomous - INFO - Robot start talking
2025-12-19 17:48:20,506 - nvd_autonomous - INFO - Robot start talking
2025-12-19 17:48:20,707 - nvd_autonomous - INFO - Robot start talking
2025-12-19 17:48:20,908 - nvd_autonomous - INFO - Robot start talking
2025-12-19 17:48:21,110 - nvd_autonomous - INFO - Robot start talking
2025-12-19 17:48:21,329 - nvd_autonomous - INFO - Robot start talking
2025-12-19 17:48:21,530 - nvd_autonomous - INFO - Robot start talking
2025-12-19 17:48:21,731 - nvd_autonomous - INFO - Robot start talking
2025-12-19 17:48:21,932 - nvd_autonomous - INFO - Robot start talking
2025-12-19 17:48:22,133 - nvd_autonomous - INFO - Robot start talking
2025-12-19 17:48:22,334 - nvd_autonomous - INFO - Robot start talking
2025-12-19 17:48:22,535 - nvd_autonomous - INFO - Robot start talking
2025-12-19 17:48:22,736 - nvd_autonomous - INFO - Robot start talking
2025-12-19 17:48:22,937 - nvd_autonomous - INFO - Robot start talking
2025-12-19 17:48:23,138 - nvd_autonomous - INFO - Robot start talking
2025-12-19 17:48:23,339 - nvd_autonomous - INFO - Robot start talking
2025-12-19 17:48:23,540 - nvd_autonomous - INFO - Robot start talking
2025-12-19 17:48:23,741 - nvd_autonomous - INFO - Robot start talking
2025-12-19 17:48:23,942 - nvd_autonomous - INFO - Robot start talking
2025-12-19 17:48:24,143 - nvd_autonomous - INFO - Robot start talking
2025-12-19 17:48:24,344 - nvd_autonomous - INFO - Robot start talking
2025-12-19 17:48:24,545 - nvd_autonomous - INFO - Robot start talking
2025-12-19 17:48:24,746 - nvd_autonomous - INFO - Robot start talking
2025-12-19 17:48:24,947 - nvd_autonomous - INFO - Robot start talking
2025-12-19 17:48:25,148 - nvd_autonomous - INFO - Robot start talking
2025-12-19 17:48:25,350 - nvd_autonomous - INFO - Robot start talking
2025-12-19 17:48:25,551 - nvd_autonomous - INFO - Robot start talking
2025-12-19 17:48:25,752 - nvd_autonomous - INFO - Robot start talking
2025-12-19 17:48:25,953 - nvd_autonomous - INFO - Robot start talking
2025-12-19 17:48:26,154 - nvd_autonomous - INFO - Robot start talking
2025-12-19 17:48:26,355 - nvd_autonomous - INFO - Robot start talking
2025-12-19 17:48:26,556 - nvd_autonomous - INFO - Robot start talking
2025-12-19 17:48:26,757 - nvd_autonomous - INFO - Robot start talking
2025-12-19 17:48:26,958 - nvd_autonomous - INFO - Robot start talking
2025-12-19 17:48:27,159 - nvd_autonomous - INFO - Robot start talking
2025-12-19 17:48:27,361 - nvd_autonomous - INFO - Robot start talking
2025-12-19 17:48:27,561 - nvd_autonomous - INFO - Robot start talking
2025-12-19 17:48:27,763 - nvd_autonomous - INFO - Robot start talking
2025-12-19 17:48:27,964 - nvd_autonomous - INFO - Robot start talking
2025-12-19 17:48:28,165 - nvd_autonomous - INFO - Robot start talking
2025-12-19 17:48:28,366 - nvd_autonomous - INFO - Robot start talking
2025-12-19 17:48:28,567 - nvd_autonomous - INFO - Robot start talking
2025-12-19 17:48:28,768 - nvd_autonomous - INFO - Robot start talking
2025-12-19 17:48:28,969 - nvd_autonomous - INFO - Robot start talking
2025-12-19 17:48:29,170 - nvd_autonomous - INFO - Robot start talking
2025-12-19 17:48:29,371 - nvd_autonomous - INFO - Robot start talking
2025-12-19 17:48:29,572 - nvd_autonomous - INFO - Robot start talking
2025-12-19 17:48:29,773 - nvd_autonomous - INFO - Robot start talking
2025-12-19 17:48:29,974 - nvd_autonomous - INFO - Robot start talking
2025-12-19 17:48:30,175 - nvd_autonomous - INFO - Robot start talking
2025-12-19 17:48:30,377 - nvd_autonomous - INFO - Robot start talking
2025-12-19 17:48:30,578 - nvd_autonomous - INFO - Robot start talking
2025-12-19 17:48:30,779 - nvd_autonomous - INFO - Robot start talking
2025-12-19 17:48:30,981 - nvd_autonomous - INFO - Robot start talking
2025-12-19 17:48:31,182 - nvd_autonomous - INFO - Robot start talking
2025-12-19 17:48:31,383 - nvd_autonomous - INFO - Robot start talking
2025-12-19 17:48:31,584 - nvd_autonomous - INFO - Robot start talking
2025-12-19 17:48:31,786 - nvd_autonomous - INFO - Robot start talking
2025-12-19 17:48:31,987 - nvd_autonomous - INFO - Robot start talking
2025-12-19 17:48:32,188 - nvd_autonomous - INFO - Robot start talking
2025-12-19 17:48:32,389 - nvd_autonomous - INFO - Robot start talking
2025-12-19 17:48:32,590 - nvd_autonomous - INFO - Robot start talking
2025-12-19 17:48:32,791 - nvd_autonomous - INFO - Robot start talking
2025-12-19 17:48:33,193 - nvd_autonomous - INFO - Robot start talking
2025-12-19 17:48:33,395 - nvd_autonomous - INFO - Robot start talking
2025-12-19 17:48:33,598 - nvd_autonomous - INFO - Robot start talking
2025-12-19 17:48:33,799 - nvd_autonomous - INFO - Robot start talking
2025-12-19 17:48:34,000 - nvd_autonomous - INFO - Robot start talking
2025-12-19 17:48:34,201 - nvd_autonomous - INFO - Robot start talking
2025-12-19 17:48:34,402 - nvd_autonomous - INFO - Robot start talking
2025-12-19 17:48:34,603 - nvd_autonomous - INFO - Robot start talking
2025-12-19 17:48:34,804 - nvd_autonomous - INFO - Robot start talking
2025-12-19 17:48:35,006 - nvd_autonomous - INFO - Robot start talking
2025-12-19 17:48:35,207 - nvd_autonomous - INFO - Robot start talking
2025-12-19 17:48:35,408 - nvd_autonomous - INFO - Robot start talking
2025-12-19 17:48:35,609 - nvd_autonomous - INFO - Robot start talking
2025-12-19 17:48:35,810 - nvd_autonomous - INFO - Robot start talking
2025-12-19 17:48:36,011 - nvd_autonomous - INFO - Robot start talking
2025-12-19 17:48:36,212 - nvd_autonomous - INFO - Robot start talking
2025-12-19 17:48:36,413 - nvd_autonomous - INFO - Robot start talking
2025-12-19 17:48:36,614 - nvd_autonomous - INFO - Robot start talking
2025-12-19 17:48:36,815 - nvd_autonomous - INFO - Robot start talking
2025-12-19 17:48:37,016 - nvd_autonomous - INFO - Robot start talking
2025-12-19 17:48:37,217 - nvd_autonomous - INFO - Robot start talking
2025-12-19 17:48:37,418 - nvd_autonomous - INFO - Robot start talking
2025-12-19 17:48:37,620 - nvd_autonomous - INFO - Robot start talking
2025-12-19 17:48:37,821 - nvd_autonomous - INFO - Robot start talking
2025-12-19 17:48:38,022 - nvd_autonomous - INFO - Robot start talking
2025-12-19 17:48:38,224 - nvd_autonomous - INFO - Robot start talking
2025-12-19 17:48:38,425 - nvd_autonomous - INFO - Robot start talking
2025-12-19 17:48:38,626 - nvd_autonomous - INFO - Robot start talking
2025-12-19 17:48:38,827 - nvd_autonomous - INFO - Robot start talking
2025-12-19 17:48:39,028 - nvd_autonomous - INFO - Robot start talking
2025-12-19 17:48:39,229 - nvd_autonomous - INFO - Robot start talking
2025-12-19 17:48:39,430 - nvd_autonomous - INFO - Robot start talking
2025-12-19 17:48:39,631 - nvd_autonomous - INFO - Robot start talking
2025-12-19 17:48:39,832 - nvd_autonomous - INFO - Robot start talking
2025-12-19 17:48:40,033 - nvd_autonomous - INFO - Robot start talking
2025-12-19 17:48:40,234 - nvd_autonomous - INFO - Robot start talking
2025-12-19 17:48:40,435 - nvd_autonomous - INFO - Robot start talking
2025-12-19 17:48:40,637 - nvd_autonomous - INFO - Robot start talking
2025-12-19 17:48:40,838 - nvd_autonomous - INFO - Robot start talking
2025-12-19 17:48:41,039 - nvd_autonomous - INFO - Robot start talking
2025-12-19 17:48:41,240 - nvd_autonomous - INFO - Robot start talking
2025-12-19 17:48:41,442 - nvd_autonomous - INFO - Robot start talking
2025-12-19 17:48:41,643 - nvd_autonomous - INFO - Robot start talking
2025-12-19 17:48:41,844 - nvd_autonomous - INFO - Robot start talking
2025-12-19 17:48:42,045 - nvd_autonomous - INFO - Robot start talking
2025-12-19 17:48:42,247 - nvd_autonomous - INFO - Robot start talking
2025-12-19 17:48:42,448 - nvd_autonomous - INFO - Robot start talking
2025-12-19 17:48:42,649 - nvd_autonomous - INFO - Robot start talking
2025-12-19 17:48:42,850 - nvd_autonomous - INFO - Robot start talking
2025-12-19 17:48:43,051 - nvd_autonomous - INFO - Robot start talking
2025-12-19 17:48:43,453 - nvd_autonomous - INFO - No one talking
2025-12-19 17:48:44,257 - nvd_autonomous - INFO - Move pan to: 35
2025-12-19 17:48:44,257 - nvd_autonomous - INFO - Move tilt to: -3
2025-12-19 17:48:44,661 - nvd_autonomous - INFO - Start Talking: 0
2025-12-19 17:48:44,661 - nvd_autonomous - INFO - Move to: [-35, -3]
2025-12-19 17:48:47,275 - nvd_autonomous - INFO - Start Talking: 3
2025-12-19 17:48:47,275 - nvd_autonomous - INFO - Move to: [35, -3]
2025-12-19 17:48:47,476 - nvd_autonomous - INFO - Start Talking: 0
2025-12-19 17:48:47,476 - nvd_autonomous - INFO - Move to: [-35, -3]
2025-12-19 17:48:53,306 - nvd_autonomous - INFO - No one talking
2025-12-19 17:48:54,110 - nvd_autonomous - INFO - Start Talking: 0
2025-12-19 17:48:54,110 - nvd_autonomous - INFO - Move to: [-35, -3]
2025-12-19 17:48:55,919 - nvd_autonomous - INFO - Robot start talking
2025-12-19 17:48:56,120 - nvd_autonomous - INFO - Start Talking: 0
2025-12-19 17:48:56,120 - nvd_autonomous - INFO - Move to: [-35, -3]
2025-12-19 17:48:58,531 - nvd_autonomous - INFO - Start Talking: 1
2025-12-19 17:48:58,531 - nvd_autonomous - INFO - Move to: [-35, -3]
2025-12-19 17:49:01,747 - nvd_autonomous - INFO - No one talking
2025-12-19 17:49:01,948 - nvd_autonomous - INFO - Start Talking: 1
2025-12-19 17:49:01,948 - nvd_autonomous - INFO - Move to: [-35, -3]
2025-12-19 17:49:03,355 - nvd_autonomous - INFO - No one talking
2025-12-19 17:49:08,582 - nvd_autonomous - INFO - Start Talking: 1
2025-12-19 17:49:08,583 - nvd_autonomous - INFO - Move to: [-35, -3]
2025-12-19 17:49:09,387 - nvd_autonomous - INFO - No one talking
2025-12-19 17:49:11,397 - nvd_autonomous - INFO - Start Talking: 1
2025-12-19 17:49:11,397 - nvd_autonomous - INFO - Move to: [-35, -3]
2025-12-19 17:49:12,603 - nvd_autonomous - INFO - No one talking
2025-12-19 17:49:14,211 - nvd_autonomous - INFO - Start Talking: 1
2025-12-19 17:49:14,211 - nvd_autonomous - INFO - Move to: [-35, -3]
2025-12-19 17:49:15,216 - nvd_autonomous - INFO - Start Talking: 0
2025-12-19 17:49:15,216 - nvd_autonomous - INFO - Move to: [-35, -3]
2025-12-19 17:49:15,618 - nvd_autonomous - INFO - Start Talking: 1
2025-12-19 17:49:15,618 - nvd_autonomous - INFO - Move to: [-35, -3]
2025-12-19 17:49:15,819 - nvd_autonomous - INFO - Start Talking: 0
2025-12-19 17:49:15,819 - nvd_autonomous - INFO - Move to: [-35, -3]
2025-12-19 17:49:16,221 - nvd_autonomous - INFO - No one talking
2025-12-19 17:49:17,226 - nvd_autonomous - INFO - Start Talking: 1
2025-12-19 17:49:17,226 - nvd_autonomous - INFO - Move to: [-35, -3]
2025-12-19 17:49:18,232 - nvd_autonomous - INFO - No one talking
2025-12-19 17:49:21,448 - nvd_autonomous - INFO - Start Talking: 1
2025-12-19 17:49:21,448 - nvd_autonomous - INFO - Move to: [-35, -3]
2025-12-19 17:49:23,057 - nvd_autonomous - INFO - No one talking
2025-12-19 17:49:23,258 - nvd_autonomous - INFO - Start Talking: 1
2025-12-19 17:49:23,258 - nvd_autonomous - INFO - Move to: [-35, -3]
2025-12-19 17:49:23,660 - nvd_autonomous - INFO - No one talking
2025-12-19 17:49:24,665 - nvd_autonomous - INFO - Start Talking: 1
2025-12-19 17:49:24,665 - nvd_autonomous - INFO - Move to: [-35, -3]
2025-12-19 17:49:30,494 - nvd_autonomous - INFO - No one talking
2025-12-19 17:49:31,298 - nvd_autonomous - INFO - Start Talking: 1
2025-12-19 17:49:31,298 - nvd_autonomous - INFO - Move to: [-35, -3]
2025-12-19 17:49:34,514 - nvd_autonomous - INFO - No one talking
2025-12-19 17:49:35,720 - nvd_autonomous - INFO - Start Talking: 1
2025-12-19 17:49:35,721 - nvd_autonomous - INFO - Move to: [-35, -3]
2025-12-19 17:49:42,758 - nvd_autonomous - INFO - Backchanneling to: [-35, -3]
2025-12-19 17:49:49,793 - nvd_autonomous - INFO - Backchanneling to: [-35, -3]
2025-12-19 17:49:56,829 - nvd_autonomous - INFO - Backchanneling to: [-35, -3]
2025-12-19 17:50:01,653 - nvd_autonomous - INFO - No one talking
2025-12-19 17:50:02,055 - nvd_autonomous - INFO - Start Talking: 1
2025-12-19 17:50:02,055 - nvd_autonomous - INFO - Move to: [-35, -3]
2025-12-19 17:50:02,457 - nvd_autonomous - INFO - No one talking
2025-12-19 17:50:02,659 - nvd_autonomous - INFO - Start Talking: 1
2025-12-19 17:50:02,659 - nvd_autonomous - INFO - Move to: [-35, -3]
2025-12-19 17:50:03,061 - nvd_autonomous - INFO - Move pan to: -35
2025-12-19 17:50:03,061 - nvd_autonomous - INFO - Move tilt to: -3
2025-12-19 17:50:07,485 - nvd_autonomous - INFO - Backchanneling
2025-12-19 17:50:08,089 - nvd_autonomous - INFO - No one talking
2025-12-19 17:50:08,290 - nvd_autonomous - INFO - Start Talking: 1
2025-12-19 17:50:08,290 - nvd_autonomous - INFO - Move to: [-35, -3]
2025-12-19 17:50:12,136 - nvd_autonomous - INFO - Start Talking: 0
2025-12-19 17:50:12,136 - nvd_autonomous - INFO - Move to: [-35, -3]
2025-12-19 17:50:16,959 - nvd_autonomous - INFO - No one talking
2025-12-19 17:50:18,367 - nvd_autonomous - INFO - Start Talking: 0
2025-12-19 17:50:18,367 - nvd_autonomous - INFO - Move to: [-35, -3]
2025-12-19 17:50:19,774 - nvd_autonomous - INFO - No one talking
2025-12-19 17:50:20,379 - nvd_autonomous - INFO - Start Talking: 1
2025-12-19 17:50:20,379 - nvd_autonomous - INFO - Move to: [-35, -3]
2025-12-19 17:50:27,415 - nvd_autonomous - INFO - Backchanneling to: [-35, -3]
2025-12-19 17:50:30,028 - nvd_autonomous - INFO - Start Talking: 1
2025-12-19 17:50:30,028 - nvd_autonomous - INFO - Move to: [-35, -3]
2025-12-19 17:50:31,436 - nvd_autonomous - INFO - No one talking
2025-12-19 17:50:32,239 - nvd_autonomous - INFO - Start Talking: 1
2025-12-19 17:50:32,239 - nvd_autonomous - INFO - Move to: [-35, -3]
2025-12-19 17:50:35,456 - nvd_autonomous - INFO - Start Talking: 1
2025-12-19 17:50:35,456 - nvd_autonomous - INFO - Move to: [-35, -3]
2025-12-19 17:50:37,064 - nvd_autonomous - INFO - Start Talking: 1
2025-12-19 17:50:37,064 - nvd_autonomous - INFO - Move to: [-35, -3]
2025-12-19 17:50:37,466 - nvd_autonomous - INFO - No one talking
2025-12-19 17:50:38,873 - nvd_autonomous - INFO - Start Talking: 1
2025-12-19 17:50:38,873 - nvd_autonomous - INFO - Move to: [-35, -3]
2025-12-19 17:50:42,290 - nvd_autonomous - INFO - Start Talking: 1
2025-12-19 17:50:42,291 - nvd_autonomous - INFO - Move to: [-35, -3]
2025-12-19 17:50:42,693 - nvd_autonomous - INFO - Start Talking: 1
2025-12-19 17:50:42,693 - nvd_autonomous - INFO - Move to: [-35, -3]
2025-12-19 17:50:43,096 - nvd_autonomous - INFO - No one talking
2025-12-19 17:50:43,297 - nvd_autonomous - INFO - Start Talking: 1
2025-12-19 17:50:43,297 - nvd_autonomous - INFO - Move to: [-35, -3]
2025-12-19 17:50:43,699 - nvd_autonomous - INFO - No one talking
2025-12-19 17:50:44,906 - nvd_autonomous - INFO - Start Talking: 1
2025-12-19 17:50:44,906 - nvd_autonomous - INFO - Move to: [-35, -3]
2025-12-19 17:50:45,910 - nvd_autonomous - INFO - No one talking
2025-12-19 17:50:46,917 - nvd_autonomous - INFO - Start Talking: 1
2025-12-19 17:50:46,917 - nvd_autonomous - INFO - Move to: [-35, -3]
2025-12-19 17:50:47,721 - nvd_autonomous - INFO - No one talking
2025-12-19 17:50:51,541 - nvd_autonomous - INFO - Start Talking: 1
2025-12-19 17:50:51,541 - nvd_autonomous - INFO - Move to: [-35, -3]
2025-12-19 17:50:56,165 - nvd_autonomous - INFO - No one talking
2025-12-19 17:50:56,366 - nvd_autonomous - INFO - Start Talking: 1
2025-12-19 17:50:56,367 - nvd_autonomous - INFO - Move to: [-35, -3]
2025-12-19 17:51:03,402 - nvd_autonomous - INFO - Start Talking: 0
2025-12-19 17:51:03,402 - nvd_autonomous - INFO - Move to: [-35, -3]
2025-12-19 17:51:03,603 - nvd_autonomous - INFO - Start Talking: 1
2025-12-19 17:51:03,604 - nvd_autonomous - INFO - Move to: [-35, -3]
2025-12-19 17:51:04,609 - nvd_autonomous - INFO - No one talking
2025-12-19 17:51:08,227 - nvd_autonomous - INFO - Start Talking: 1
2025-12-19 17:51:08,228 - nvd_autonomous - INFO - Move to: [-35, -3]
2025-12-19 17:51:10,438 - nvd_autonomous - INFO - No one talking
2025-12-19 17:51:13,052 - nvd_autonomous - INFO - Start Talking: 0
2025-12-19 17:51:13,053 - nvd_autonomous - INFO - Move to: [-35, -3]
2025-12-19 17:51:13,254 - nvd_autonomous - INFO - Move pan to: 35
2025-12-19 17:51:13,254 - nvd_autonomous - INFO - Move tilt to: -3
2025-12-19 17:51:13,857 - nvd_autonomous - INFO - Start Talking: 0
2025-12-19 17:51:13,857 - nvd_autonomous - INFO - Move to: [-35, -3]
2025-12-19 17:51:14,461 - nvd_autonomous - INFO - No one talking
2025-12-19 17:51:14,863 - nvd_autonomous - INFO - Start Talking: 0
2025-12-19 17:51:14,863 - nvd_autonomous - INFO - Move to: [-35, -3]
2025-12-19 17:51:16,471 - nvd_autonomous - INFO - Move pan to: 35
2025-12-19 17:51:16,471 - nvd_autonomous - INFO - Move tilt to: -3
2025-12-19 17:51:17,878 - nvd_autonomous - INFO - No one talking
2025-12-19 17:51:18,682 - nvd_autonomous - INFO - Start Talking: 0
2025-12-19 17:51:18,682 - nvd_autonomous - INFO - Move to: [-35, -3]
2025-12-19 17:51:19,084 - nvd_autonomous - INFO - No one talking
2025-12-19 17:51:19,285 - nvd_autonomous - INFO - Start Talking: 0
2025-12-19 17:51:19,285 - nvd_autonomous - INFO - Move to: [-35, -3]
2025-12-19 17:51:19,687 - nvd_autonomous - INFO - No one talking
2025-12-19 17:51:22,502 - nvd_autonomous - INFO - Move pan to: 35
2025-12-19 17:51:22,502 - nvd_autonomous - INFO - Move tilt to: -3
2025-12-19 17:51:23,106 - nvd_autonomous - INFO - Start Talking: 3
2025-12-19 17:51:23,106 - nvd_autonomous - INFO - Move to: [35, -3]
2025-12-19 17:51:23,709 - nvd_autonomous - INFO - No one talking
2025-12-19 17:51:23,910 - nvd_autonomous - INFO - Start Talking: 3
2025-12-19 17:51:23,910 - nvd_autonomous - INFO - Move to: [35, -3]
2025-12-19 17:51:24,513 - nvd_autonomous - INFO - Start Talking: 0
2025-12-19 17:51:24,513 - nvd_autonomous - INFO - Move to: [-35, -3]
2025-12-19 17:51:25,519 - nvd_autonomous - INFO - No one talking
2025-12-19 17:51:26,724 - nvd_autonomous - INFO - Start Talking: 3
2025-12-19 17:51:26,724 - nvd_autonomous - INFO - Move to: [35, -3]
2025-12-19 17:51:27,528 - nvd_autonomous - INFO - Start Talking: 3
2025-12-19 17:51:27,528 - nvd_autonomous - INFO - Move to: [35, -3]
2025-12-19 17:51:27,930 - nvd_autonomous - INFO - No one talking
2025-12-19 17:51:29,338 - nvd_autonomous - INFO - Start Talking: 3
2025-12-19 17:51:29,338 - nvd_autonomous - INFO - Move to: [35, -3]
2025-12-19 17:51:31,148 - nvd_autonomous - INFO - No one talking
2025-12-19 17:51:31,349 - nvd_autonomous - INFO - Start Talking: 3
2025-12-19 17:51:31,349 - nvd_autonomous - INFO - Move to: [35, -3]
2025-12-19 17:51:31,751 - nvd_autonomous - INFO - No one talking
2025-12-19 17:51:32,354 - nvd_autonomous - INFO - Start Talking: 3
2025-12-19 17:51:32,355 - nvd_autonomous - INFO - Move to: [35, -3]
2025-12-19 17:51:34,566 - nvd_autonomous - INFO - No one talking
2025-12-19 17:51:37,582 - nvd_autonomous - INFO - Start Talking: 3
2025-12-19 17:51:37,582 - nvd_autonomous - INFO - Move to: [35, -3]
2025-12-19 17:51:39,391 - nvd_autonomous - INFO - No one talking
2025-12-19 17:51:39,793 - nvd_autonomous - INFO - Start Talking: 3
2025-12-19 17:51:39,793 - nvd_autonomous - INFO - Move to: [35, -3]
2025-12-19 17:51:43,010 - nvd_autonomous - INFO - Start Talking: 3
2025-12-19 17:51:43,010 - nvd_autonomous - INFO - Move to: [35, -3]
2025-12-19 17:51:45,222 - nvd_autonomous - INFO - No one talking
2025-12-19 17:51:46,026 - nvd_autonomous - INFO - Start Talking: 3
2025-12-19 17:51:46,026 - nvd_autonomous - INFO - Move to: [35, -3]
2025-12-19 17:51:53,060 - nvd_autonomous - INFO - Backchanneling to: [35, -3]
2025-12-19 17:51:55,673 - nvd_autonomous - INFO - No one talking
2025-12-19 17:51:56,075 - nvd_autonomous - INFO - Start Talking: 3
2025-12-19 17:51:56,075 - nvd_autonomous - INFO - Move to: [35, -3]
2025-12-19 17:51:56,477 - nvd_autonomous - INFO - Start Talking: 3
2025-12-19 17:51:56,477 - nvd_autonomous - INFO - Move to: [35, -3]
2025-12-19 17:51:58,890 - nvd_autonomous - INFO - No one talking
2025-12-19 17:51:59,091 - nvd_autonomous - INFO - Start Talking: 3
2025-12-19 17:51:59,091 - nvd_autonomous - INFO - Move to: [35, -3]
2025-12-19 17:51:59,493 - nvd_autonomous - INFO - No one talking
2025-12-19 17:52:04,518 - nvd_autonomous - INFO - Start Talking: 3
2025-12-19 17:52:04,519 - nvd_autonomous - INFO - Move to: [35, -3]
2025-12-19 17:52:06,328 - nvd_autonomous - INFO - No one talking
2025-12-19 17:52:08,137 - nvd_autonomous - INFO - Start Talking: 3
2025-12-19 17:52:08,137 - nvd_autonomous - INFO - Move to: [35, -3]
2025-12-19 17:52:15,173 - nvd_autonomous - INFO - Backchanneling to: [35, -3]
2025-12-19 17:52:15,976 - nvd_autonomous - INFO - No one talking
2025-12-19 17:52:18,590 - nvd_autonomous - INFO - Move pan to: 35
2025-12-19 17:52:18,590 - nvd_autonomous - INFO - Move tilt to: -3
2025-12-19 17:52:19,596 - nvd_autonomous - INFO - Start Talking: 3
2025-12-19 17:52:19,596 - nvd_autonomous - INFO - Move to: [35, -3]
2025-12-19 17:52:22,209 - nvd_autonomous - INFO - No one talking
2025-12-19 17:52:26,028 - nvd_autonomous - INFO - Start Talking: 3
2025-12-19 17:52:26,028 - nvd_autonomous - INFO - Move to: [35, -3]
2025-12-19 17:52:27,636 - nvd_autonomous - INFO - Robot start talking
2025-12-19 17:52:27,837 - nvd_autonomous - INFO - Start Talking: 3
2025-12-19 17:52:27,838 - nvd_autonomous - INFO - Move to: [35, -3]
2025-12-19 17:52:28,643 - nvd_autonomous - INFO - No one talking
2025-12-19 17:52:30,855 - nvd_autonomous - INFO - Start Talking: 3
2025-12-19 17:52:30,855 - nvd_autonomous - INFO - Move to: [35, -3]
2025-12-19 17:52:37,489 - nvd_autonomous - INFO - No one talking
2025-12-19 17:52:37,891 - nvd_autonomous - INFO - Start Talking: 3
2025-12-19 17:52:37,891 - nvd_autonomous - INFO - Move to: [35, -3]
2025-12-19 17:52:40,304 - nvd_autonomous - INFO - No one talking
2025-12-19 17:52:42,314 - nvd_autonomous - INFO - Start Talking: 3
2025-12-19 17:52:42,314 - nvd_autonomous - INFO - Move to: [35, -3]
2025-12-19 17:52:43,320 - nvd_autonomous - INFO - No one talking
2025-12-19 17:52:45,129 - nvd_autonomous - INFO - Robot start talking
2025-12-19 17:52:45,330 - nvd_autonomous - INFO - Start Talking: 3
2025-12-19 17:52:45,330 - nvd_autonomous - INFO - Move to: [35, -3]
2025-12-19 17:52:45,733 - nvd_autonomous - INFO - No one talking
2025-12-19 17:52:45,934 - nvd_autonomous - INFO - Start Talking: 3
2025-12-19 17:52:45,934 - nvd_autonomous - INFO - Move to: [35, -3]
2025-12-19 17:52:51,763 - nvd_autonomous - INFO - No one talking
2025-12-19 17:52:51,964 - nvd_autonomous - INFO - Start Talking: 3
2025-12-19 17:52:51,964 - nvd_autonomous - INFO - Move to: [35, -3]
2025-12-19 17:52:52,366 - nvd_autonomous - INFO - No one talking
2025-12-19 17:52:53,572 - nvd_autonomous - INFO - Start Talking: 3
2025-12-19 17:52:53,572 - nvd_autonomous - INFO - Move to: [35, -3]
2025-12-19 17:53:00,809 - nvd_autonomous - INFO - No one talking
2025-12-19 17:53:02,217 - nvd_autonomous - INFO - Start Talking: 3
2025-12-19 17:53:02,217 - nvd_autonomous - INFO - Move to: [35, -3]
2025-12-19 17:53:03,222 - nvd_autonomous - INFO - No one talking
2025-12-19 17:53:05,433 - nvd_autonomous - INFO - Start Talking: 3
2025-12-19 17:53:05,433 - nvd_autonomous - INFO - Move to: [35, -3]
2025-12-19 17:53:05,835 - nvd_autonomous - INFO - No one talking
2025-12-19 17:53:10,459 - nvd_autonomous - INFO - Start Talking: 0
2025-12-19 17:53:10,459 - nvd_autonomous - INFO - Move to: [-35, -3]
2025-12-19 17:53:11,263 - nvd_autonomous - INFO - Move pan to: -35
2025-12-19 17:53:11,263 - nvd_autonomous - INFO - Move tilt to: -3
2025-12-19 17:53:12,872 - nvd_autonomous - INFO - No one talking
2025-12-19 17:53:13,676 - nvd_autonomous - INFO - Start Talking: 3
2025-12-19 17:53:13,676 - nvd_autonomous - INFO - Move to: [35, -3]
2025-12-19 17:53:13,877 - nvd_autonomous - INFO - Start Talking: 0
2025-12-19 17:53:13,877 - nvd_autonomous - INFO - Move to: [-35, -3]
2025-12-19 17:53:14,681 - nvd_autonomous - INFO - Move pan to: 35
2025-12-19 17:53:14,681 - nvd_autonomous - INFO - Move tilt to: -3
2025-12-19 17:53:16,289 - nvd_autonomous - INFO - Start Talking: 1
2025-12-19 17:53:16,289 - nvd_autonomous - INFO - Move to: [-35, -3]
2025-12-19 17:53:18,902 - nvd_autonomous - INFO - Move pan to: -35
2025-12-19 17:53:18,902 - nvd_autonomous - INFO - Move tilt to: -3
2025-12-19 17:53:18,902 - nvd_autonomous - INFO - Start Talking: 0
2025-12-19 17:53:18,902 - nvd_autonomous - INFO - Move to: [-35, -3]
2025-12-19 17:53:19,908 - nvd_autonomous - INFO - Start Talking: 1
2025-12-19 17:53:19,908 - nvd_autonomous - INFO - Move to: [-35, -3]
2025-12-19 17:53:26,945 - nvd_autonomous - INFO - Backchanneling to: [-35, -3]
2025-12-19 17:53:27,950 - nvd_autonomous - INFO - Start Talking: 0
2025-12-19 17:53:27,950 - nvd_autonomous - INFO - Move to: [-35, -3]
2025-12-19 17:53:28,754 - nvd_autonomous - INFO - No one talking
2025-12-19 17:53:29,558 - nvd_autonomous - INFO - Start Talking: 1
2025-12-19 17:53:29,558 - nvd_autonomous - INFO - Move to: [-35, -3]
2025-12-19 17:53:36,593 - nvd_autonomous - INFO - Backchanneling to: [-35, -3]
2025-12-19 17:53:43,630 - nvd_autonomous - INFO - Backchanneling to: [-35, -3]
2025-12-19 17:53:50,666 - nvd_autonomous - INFO - Backchanneling to: [-35, -3]
2025-12-19 17:53:54,887 - nvd_autonomous - INFO - No one talking
2025-12-19 17:53:55,691 - nvd_autonomous - INFO - Start Talking: 1
2025-12-19 17:53:55,691 - nvd_autonomous - INFO - Move to: [-35, -3]
2025-12-19 17:54:00,515 - nvd_autonomous - INFO - No one talking
2025-12-19 17:54:03,530 - nvd_autonomous - INFO - Start Talking: 1
2025-12-19 17:54:03,530 - nvd_autonomous - INFO - Move to: [-35, -3]
2025-12-19 17:54:07,148 - nvd_autonomous - INFO - Start Talking: 1
2025-12-19 17:54:07,148 - nvd_autonomous - INFO - Move to: [-35, -3]
2025-12-19 17:54:10,364 - nvd_autonomous - INFO - No one talking
2025-12-19 17:54:11,570 - nvd_autonomous - INFO - Start Talking: 1
2025-12-19 17:54:11,570 - nvd_autonomous - INFO - Move to: [-35, -3]
2025-12-19 17:54:12,977 - nvd_autonomous - INFO - No one talking
2025-12-19 17:54:13,580 - nvd_autonomous - INFO - Start Talking: 1
2025-12-19 17:54:13,580 - nvd_autonomous - INFO - Move to: [-35, -3]
2025-12-19 17:54:15,590 - nvd_autonomous - INFO - Start Talking: 1
2025-12-19 17:54:15,591 - nvd_autonomous - INFO - Move to: [-35, -3]
2025-12-19 17:54:15,993 - nvd_autonomous - INFO - No one talking
2025-12-19 17:54:16,596 - nvd_autonomous - INFO - Start Talking: 1
2025-12-19 17:54:16,596 - nvd_autonomous - INFO - Move to: [-35, -3]
2025-12-19 17:54:18,204 - nvd_autonomous - INFO - No one talking
2025-12-19 17:54:19,410 - nvd_autonomous - INFO - Start Talking: 1
2025-12-19 17:54:19,410 - nvd_autonomous - INFO - Move to: [-35, -3]
2025-12-19 17:54:20,416 - nvd_autonomous - INFO - No one talking
2025-12-19 17:54:21,220 - nvd_autonomous - INFO - Start Talking: 1
2025-12-19 17:54:21,220 - nvd_autonomous - INFO - Move to: [-35, -3]
2025-12-19 17:54:23,632 - nvd_autonomous - INFO - No one talking
2025-12-19 17:54:25,239 - nvd_autonomous - INFO - Start Talking: 1
2025-12-19 17:54:25,239 - nvd_autonomous - INFO - Move to: [-35, -3]
2025-12-19 17:54:29,057 - nvd_autonomous - INFO - No one talking
2025-12-19 17:54:33,680 - nvd_autonomous - INFO - Start Talking: 1
2025-12-19 17:54:33,680 - nvd_autonomous - INFO - Move to: [-35, -3]
2025-12-19 17:54:35,288 - nvd_autonomous - INFO - Start Talking: 1
2025-12-19 17:54:35,288 - nvd_autonomous - INFO - Move to: [-35, -3]
2025-12-19 17:54:37,701 - nvd_autonomous - INFO - Start Talking: 1
2025-12-19 17:54:37,701 - nvd_autonomous - INFO - Move to: [-35, -3]
2025-12-19 17:54:38,304 - nvd_autonomous - INFO - Start Talking: 1
2025-12-19 17:54:38,305 - nvd_autonomous - INFO - Move to: [-35, -3]
2025-12-19 17:54:38,707 - nvd_autonomous - INFO - No one talking
2025-12-19 17:54:39,511 - nvd_autonomous - INFO - Start Talking: 1
2025-12-19 17:54:39,511 - nvd_autonomous - INFO - Move to: [-35, -3]
2025-12-19 17:54:41,320 - nvd_autonomous - INFO - No one talking
2025-12-19 17:54:43,330 - nvd_autonomous - INFO - Start Talking: 1
2025-12-19 17:54:43,330 - nvd_autonomous - INFO - Move to: [-35, -3]
2025-12-19 17:54:43,933 - nvd_autonomous - INFO - No one talking
2025-12-19 17:54:44,335 - nvd_autonomous - INFO - Start Talking: 1
2025-12-19 17:54:44,335 - nvd_autonomous - INFO - Move to: [-35, -3]
2025-12-19 17:54:44,737 - nvd_autonomous - INFO - No one talking
2025-12-19 17:54:45,943 - nvd_autonomous - INFO - Start Talking: 1
2025-12-19 17:54:45,944 - nvd_autonomous - INFO - Move to: [-35, -3]
2025-12-19 17:54:48,758 - nvd_autonomous - INFO - No one talking
2025-12-19 17:54:53,983 - nvd_autonomous - INFO - Start Talking: 1
2025-12-19 17:54:53,984 - nvd_autonomous - INFO - Move to: [-35, -3]
2025-12-19 17:54:54,385 - nvd_autonomous - INFO - No one talking
2025-12-19 17:54:56,998 - nvd_autonomous - INFO - Start Talking: 1
2025-12-19 17:54:56,998 - nvd_autonomous - INFO - Move to: [-35, -3]
2025-12-19 17:54:58,406 - nvd_autonomous - INFO - No one talking
2025-12-19 17:55:00,014 - nvd_autonomous - INFO - Start Talking: 1
2025-12-19 17:55:00,015 - nvd_autonomous - INFO - Move to: [-35, -3]
2025-12-19 17:55:00,417 - nvd_autonomous - INFO - No one talking
2025-12-19 17:55:00,618 - nvd_autonomous - INFO - Start Talking: 1
2025-12-19 17:55:00,618 - nvd_autonomous - INFO - Move to: [-35, -3]
2025-12-19 17:55:01,020 - nvd_autonomous - INFO - No one talking
2025-12-19 17:55:02,226 - nvd_autonomous - INFO - Start Talking: 1
2025-12-19 17:55:02,226 - nvd_autonomous - INFO - Move to: [-35, -3]
2025-12-19 17:55:04,437 - nvd_autonomous - INFO - No one talking
2025-12-19 17:55:06,648 - nvd_autonomous - INFO - Start Talking: 1
2025-12-19 17:55:06,648 - nvd_autonomous - INFO - Move to: [-35, -3]
2025-12-19 17:55:09,262 - nvd_autonomous - INFO - Start Talking: 1
2025-12-19 17:55:09,262 - nvd_autonomous - INFO - Move to: [-35, -3]
2025-12-19 17:55:09,663 - nvd_autonomous - INFO - Start Talking: 1
2025-12-19 17:55:09,663 - nvd_autonomous - INFO - Move to: [-35, -3]
2025-12-19 17:55:10,065 - nvd_autonomous - INFO - Start Talking: 1
2025-12-19 17:55:10,065 - nvd_autonomous - INFO - Move to: [-35, -3]
2025-12-19 17:55:12,075 - nvd_autonomous - INFO - No one talking
2025-12-19 17:55:12,677 - nvd_autonomous - INFO - Start Talking: 3
2025-12-19 17:55:12,677 - nvd_autonomous - INFO - Move to: [35, -3]
2025-12-19 17:55:13,683 - nvd_autonomous - INFO - Start Talking: 1
2025-12-19 17:55:13,683 - nvd_autonomous - INFO - Move to: [-35, -3]
2025-12-19 17:55:15,694 - nvd_autonomous - INFO - No one talking
2025-12-19 17:55:16,497 - nvd_autonomous - INFO - Start Talking: 0
2025-12-19 17:55:16,497 - nvd_autonomous - INFO - Move to: [-35, -3]
2025-12-19 17:55:17,102 - nvd_autonomous - INFO - Start Talking: 0
2025-12-19 17:55:17,102 - nvd_autonomous - INFO - Move to: [-35, -3]
2025-12-19 17:55:18,910 - nvd_autonomous - INFO - No one talking
2025-12-19 17:55:20,317 - nvd_autonomous - INFO - Start Talking: 0
2025-12-19 17:55:20,318 - nvd_autonomous - INFO - Move to: [-35, -3]
2025-12-19 17:55:20,721 - nvd_autonomous - INFO - Move pan to: 35
2025-12-19 17:55:20,721 - nvd_autonomous - INFO - Move tilt to: -3
2025-12-19 17:55:20,922 - nvd_autonomous - INFO - Start Talking: 0
2025-12-19 17:55:20,922 - nvd_autonomous - INFO - Move to: [-35, -3]
2025-12-19 17:55:23,535 - nvd_autonomous - INFO - Move pan to: 35
2025-12-19 17:55:23,535 - nvd_autonomous - INFO - Move tilt to: -3
2025-12-19 17:55:24,341 - nvd_autonomous - INFO - No one talking
2025-12-19 17:55:25,145 - nvd_autonomous - INFO - Start Talking: 0
2025-12-19 17:55:25,145 - nvd_autonomous - INFO - Move to: [-35, -3]
2025-12-19 17:55:28,763 - nvd_autonomous - INFO - Move pan to: 35
2025-12-19 17:55:28,763 - nvd_autonomous - INFO - Move tilt to: -3
2025-12-19 17:55:29,768 - nvd_autonomous - INFO - No one talking
2025-12-19 17:55:33,788 - nvd_autonomous - INFO - Start Talking: 0
2025-12-19 17:55:33,788 - nvd_autonomous - INFO - Move to: [-35, -3]
2025-12-19 17:55:34,190 - nvd_autonomous - INFO - Move pan to: 35
2025-12-19 17:55:34,190 - nvd_autonomous - INFO - Move tilt to: -3
2025-12-19 17:55:34,592 - nvd_autonomous - INFO - Start Talking: 0
2025-12-19 17:55:34,592 - nvd_autonomous - INFO - Move to: [-35, -3]
2025-12-19 17:55:34,994 - nvd_autonomous - INFO - No one talking
2025-12-19 17:55:37,405 - nvd_autonomous - INFO - Start Talking: 3
2025-12-19 17:55:37,405 - nvd_autonomous - INFO - Move to: [35, -3]
2025-12-19 17:55:38,812 - nvd_autonomous - INFO - No one talking
2025-12-19 17:55:40,823 - nvd_autonomous - INFO - Start Talking: 3
2025-12-19 17:55:40,823 - nvd_autonomous - INFO - Move to: [35, -3]
2025-12-19 17:55:42,833 - nvd_autonomous - INFO - No one talking
2025-12-19 17:55:46,250 - nvd_autonomous - INFO - Start Talking: 3
2025-12-19 17:55:46,250 - nvd_autonomous - INFO - Move to: [35, -3]
2025-12-19 17:55:49,266 - nvd_autonomous - INFO - No one talking
2025-12-19 17:55:56,300 - nvd_autonomous - INFO - Start Talking: 3
2025-12-19 17:55:56,300 - nvd_autonomous - INFO - Move to: [35, -3]
2025-12-19 17:55:58,110 - nvd_autonomous - INFO - No one talking
2025-12-19 17:55:58,311 - nvd_autonomous - INFO - Start Talking: 3
2025-12-19 17:55:58,311 - nvd_autonomous - INFO - Move to: [35, -3]
2025-12-19 17:55:59,919 - nvd_autonomous - INFO - No one talking
2025-12-19 17:56:00,925 - nvd_autonomous - INFO - Start Talking: 3
2025-12-19 17:56:00,925 - nvd_autonomous - INFO - Move to: [35, -3]
2025-12-19 17:56:02,332 - nvd_autonomous - INFO - Robot start talking
2025-12-19 17:56:02,734 - nvd_autonomous - INFO - No one talking
2025-12-19 17:56:03,337 - nvd_autonomous - INFO - Start Talking: 3
2025-12-19 17:56:03,337 - nvd_autonomous - INFO - Move to: [35, -3]
2025-12-19 17:56:05,749 - nvd_autonomous - INFO - Start Talking: 1
2025-12-19 17:56:05,749 - nvd_autonomous - INFO - Move to: [-35, -3]
2025-12-19 17:56:06,151 - nvd_autonomous - INFO - No one talking
2025-12-19 17:56:06,352 - nvd_autonomous - INFO - Start Talking: 0
2025-12-19 17:56:06,352 - nvd_autonomous - INFO - Move to: [-35, -3]
2025-12-19 17:56:06,553 - nvd_autonomous - INFO - Start Talking: 3
2025-12-19 17:56:06,554 - nvd_autonomous - INFO - Move to: [35, -3]
2025-12-19 17:56:10,172 - nvd_autonomous - INFO - Start Talking: 3
2025-12-19 17:56:10,172 - nvd_autonomous - INFO - Move to: [35, -3]
2025-12-19 17:56:12,584 - nvd_autonomous - INFO - No one talking
2025-12-19 17:56:13,991 - nvd_autonomous - INFO - Start Talking: 3
2025-12-19 17:56:13,991 - nvd_autonomous - INFO - Move to: [35, -3]
2025-12-19 17:56:15,801 - nvd_autonomous - INFO - No one talking
2025-12-19 17:56:17,610 - nvd_autonomous - INFO - Start Talking: 3
2025-12-19 17:56:17,610 - nvd_autonomous - INFO - Move to: [35, -3]
2025-12-19 17:56:19,218 - nvd_autonomous - INFO - No one talking
2025-12-19 17:56:19,621 - nvd_autonomous - INFO - Start Talking: 3
2025-12-19 17:56:19,621 - nvd_autonomous - INFO - Move to: [35, -3]
2025-12-19 17:56:21,028 - nvd_autonomous - INFO - No one talking
2025-12-19 17:56:24,645 - nvd_autonomous - INFO - Start Talking: 0
2025-12-19 17:56:24,645 - nvd_autonomous - INFO - Move to: [-35, -3]
2025-12-19 17:56:25,248 - nvd_autonomous - INFO - No one talking
2025-12-19 17:56:27,660 - nvd_autonomous - INFO - Start Talking: 3
2025-12-19 17:56:27,660 - nvd_autonomous - INFO - Move to: [35, -3]
2025-12-19 17:56:28,866 - nvd_autonomous - INFO - No one talking
2025-12-19 17:56:29,469 - nvd_autonomous - INFO - Start Talking: 3
2025-12-19 17:56:29,469 - nvd_autonomous - INFO - Move to: [35, -3]
2025-12-19 17:56:30,071 - nvd_autonomous - INFO - Move pan to: 35
2025-12-19 17:56:30,071 - nvd_autonomous - INFO - Move tilt to: -3
2025-12-19 17:56:31,679 - nvd_autonomous - INFO - No one talking
2025-12-19 17:56:32,081 - nvd_autonomous - INFO - Start Talking: 3
2025-12-19 17:56:32,081 - nvd_autonomous - INFO - Move to: [35, -3]
2025-12-19 17:56:32,483 - nvd_autonomous - INFO - Start Talking: 3
2025-12-19 17:56:32,483 - nvd_autonomous - INFO - Move to: [35, -3]
2025-12-19 17:56:35,096 - nvd_autonomous - INFO - Start Talking: 3
2025-12-19 17:56:35,096 - nvd_autonomous - INFO - Move to: [35, -3]
2025-12-19 17:56:38,714 - nvd_autonomous - INFO - No one talking
2025-12-19 17:56:44,142 - nvd_autonomous - INFO - Start Talking: 0
2025-12-19 17:56:44,143 - nvd_autonomous - INFO - Move to: [-35, -3]
2025-12-19 17:56:45,550 - nvd_autonomous - INFO - No one talking
2025-12-19 17:56:46,555 - nvd_autonomous - INFO - Start Talking: 3
2025-12-19 17:56:46,555 - nvd_autonomous - INFO - Move to: [35, -3]
2025-12-19 17:56:46,957 - nvd_autonomous - INFO - No one talking
2025-12-19 17:56:47,560 - nvd_autonomous - INFO - Start Talking: 3
2025-12-19 17:56:47,560 - nvd_autonomous - INFO - Move to: [35, -3]
2025-12-19 17:56:48,364 - nvd_autonomous - INFO - Move pan to: 35
2025-12-19 17:56:48,364 - nvd_autonomous - INFO - Move tilt to: -3
2025-12-19 17:56:50,374 - nvd_autonomous - INFO - No one talking
2025-12-19 17:56:50,575 - nvd_autonomous - INFO - Start Talking: 3
2025-12-19 17:56:50,575 - nvd_autonomous - INFO - Move to: [35, -3]
2025-12-19 17:56:54,595 - nvd_autonomous - INFO - No one talking
2025-12-19 17:56:56,405 - nvd_autonomous - INFO - Start Talking: 3
2025-12-19 17:56:56,405 - nvd_autonomous - INFO - Move to: [35, -3]
2025-12-19 17:56:57,410 - nvd_autonomous - INFO - No one talking
2025-12-19 17:57:00,224 - nvd_autonomous - INFO - Start Talking: 3
2025-12-19 17:57:00,225 - nvd_autonomous - INFO - Move to: [35, -3]
2025-12-19 17:57:02,435 - nvd_autonomous - INFO - No one talking
2025-12-19 17:57:02,637 - nvd_autonomous - INFO - Start Talking: 3
2025-12-19 17:57:02,637 - nvd_autonomous - INFO - Move to: [35, -3]
2025-12-19 17:57:03,039 - nvd_autonomous - INFO - No one talking
2025-12-19 17:57:06,054 - nvd_autonomous - INFO - Start Talking: 3
2025-12-19 17:57:06,054 - nvd_autonomous - INFO - Move to: [35, -3]
2025-12-19 17:57:08,065 - nvd_autonomous - INFO - No one talking
2025-12-19 17:57:10,075 - nvd_autonomous - INFO - Start Talking: 3
2025-12-19 17:57:10,075 - nvd_autonomous - INFO - Move to: [35, -3]
2025-12-19 17:57:12,286 - nvd_autonomous - INFO - No one talking
2025-12-19 17:57:13,694 - nvd_autonomous - INFO - Start Talking: 3
2025-12-19 17:57:13,694 - nvd_autonomous - INFO - Move to: [35, -3]
2025-12-19 17:57:15,303 - nvd_autonomous - INFO - Start Talking: 3
2025-12-19 17:57:15,303 - nvd_autonomous - INFO - Move to: [35, -3]
2025-12-19 17:57:16,107 - nvd_autonomous - INFO - No one talking
2025-12-19 17:57:16,308 - nvd_autonomous - INFO - Start Talking: 3
2025-12-19 17:57:16,308 - nvd_autonomous - INFO - Move to: [35, -3]
2025-12-19 17:57:16,711 - nvd_autonomous - INFO - No one talking
2025-12-19 17:57:18,721 - nvd_autonomous - INFO - Start Talking: 3
2025-12-19 17:57:18,721 - nvd_autonomous - INFO - Move to: [35, -3]
2025-12-19 17:57:20,128 - nvd_autonomous - INFO - No one talking
2025-12-19 17:57:21,938 - nvd_autonomous - INFO - Start Talking: 3
2025-12-19 17:57:21,938 - nvd_autonomous - INFO - Move to: [35, -3]
2025-12-19 17:57:24,551 - nvd_autonomous - INFO - No one talking
2025-12-19 17:57:24,953 - nvd_autonomous - INFO - Start Talking: 3
2025-12-19 17:57:24,953 - nvd_autonomous - INFO - Move to: [35, -3]
2025-12-19 17:57:25,556 - nvd_autonomous - INFO - No one talking
2025-12-19 17:57:25,757 - nvd_autonomous - INFO - Start Talking: 0
2025-12-19 17:57:25,757 - nvd_autonomous - INFO - Move to: [-35, -3]
2025-12-19 17:57:25,958 - nvd_autonomous - INFO - Start Talking: 3
2025-12-19 17:57:25,958 - nvd_autonomous - INFO - Move to: [35, -3]
2025-12-19 17:57:32,993 - nvd_autonomous - INFO - Backchanneling to: [35, -3]
2025-12-19 17:57:36,008 - nvd_autonomous - INFO - No one talking
2025-12-19 17:57:38,219 - nvd_autonomous - INFO - Start Talking: 3
2025-12-19 17:57:38,219 - nvd_autonomous - INFO - Move to: [35, -3]
2025-12-19 17:57:38,420 - nvd_autonomous - INFO - Start Talking: 0
2025-12-19 17:57:38,420 - nvd_autonomous - INFO - Move to: [-35, -3]
2025-12-19 17:57:38,621 - nvd_autonomous - INFO - Start Talking: 3
2025-12-19 17:57:38,621 - nvd_autonomous - INFO - Move to: [35, -3]
2025-12-19 17:57:41,235 - nvd_autonomous - INFO - No one talking
2025-12-19 17:57:42,642 - nvd_autonomous - INFO - Start Talking: 3
2025-12-19 17:57:42,642 - nvd_autonomous - INFO - Move to: [35, -3]
2025-12-19 17:57:46,260 - nvd_autonomous - INFO - Robot start talking
2025-12-19 17:57:46,461 - nvd_autonomous - INFO - Start Talking: 3
2025-12-19 17:57:46,461 - nvd_autonomous - INFO - Move to: [35, -3]
2025-12-19 17:57:47,667 - nvd_autonomous - INFO - No one talking
2025-12-19 17:57:48,872 - nvd_autonomous - INFO - Start Talking: 3
2025-12-19 17:57:48,872 - nvd_autonomous - INFO - Move to: [35, -3]
2025-12-19 17:57:49,275 - nvd_autonomous - INFO - No one talking
2025-12-19 17:57:50,481 - nvd_autonomous - INFO - Start Talking: 3
2025-12-19 17:57:50,481 - nvd_autonomous - INFO - Move to: [35, -3]
2025-12-19 17:57:52,491 - nvd_autonomous - INFO - No one talking
2025-12-19 17:57:54,903 - nvd_autonomous - INFO - Start Talking: 3
2025-12-19 17:57:54,903 - nvd_autonomous - INFO - Move to: [35, -3]
2025-12-19 17:57:57,516 - nvd_autonomous - INFO - Start Talking: 0
2025-12-19 17:57:57,516 - nvd_autonomous - INFO - Move to: [-35, -3]
2025-12-19 17:57:58,119 - nvd_autonomous - INFO - Start Talking: 3
2025-12-19 17:57:58,119 - nvd_autonomous - INFO - Move to: [35, -3]
2025-12-19 17:58:01,537 - nvd_autonomous - INFO - No one talking
2025-12-19 17:58:02,140 - nvd_autonomous - INFO - Start Talking: 3
2025-12-19 17:58:02,140 - nvd_autonomous - INFO - Move to: [35, -3]
2025-12-19 17:58:02,542 - nvd_autonomous - INFO - Start Talking: 3
2025-12-19 17:58:02,542 - nvd_autonomous - INFO - Move to: [35, -3]
2025-12-19 17:58:09,578 - nvd_autonomous - INFO - Backchanneling to: [35, -3]
2025-12-19 17:58:09,980 - nvd_autonomous - INFO - Start Talking: 3
2025-12-19 17:58:09,980 - nvd_autonomous - INFO - Move to: [35, -3]
2025-12-19 17:58:11,588 - nvd_autonomous - INFO - No one talking
2025-12-19 17:58:13,196 - nvd_autonomous - INFO - Start Talking: 3
2025-12-19 17:58:13,196 - nvd_autonomous - INFO - Move to: [35, -3]
2025-12-19 17:58:15,406 - nvd_autonomous - INFO - Start Talking: 3
2025-12-19 17:58:15,407 - nvd_autonomous - INFO - Move to: [35, -3]
2025-12-19 17:58:17,015 - nvd_autonomous - INFO - Start Talking: 3
2025-12-19 17:58:17,016 - nvd_autonomous - INFO - Move to: [35, -3]
2025-12-19 17:58:17,418 - nvd_autonomous - INFO - Start Talking: 3
2025-12-19 17:58:17,418 - nvd_autonomous - INFO - Move to: [35, -3]
2025-12-19 17:58:20,032 - nvd_autonomous - INFO - No one talking
2025-12-19 17:58:22,644 - nvd_autonomous - INFO - Start Talking: 3
2025-12-19 17:58:22,644 - nvd_autonomous - INFO - Move to: [35, -3]
2025-12-19 17:58:23,448 - nvd_autonomous - INFO - Start Talking: 0
2025-12-19 17:58:23,448 - nvd_autonomous - INFO - Move to: [-35, -3]
2025-12-19 17:58:24,453 - nvd_autonomous - INFO - Start Talking: 3
2025-12-19 17:58:24,453 - nvd_autonomous - INFO - Move to: [35, -3]
2025-12-19 17:58:25,056 - nvd_autonomous - INFO - No one talking
2025-12-19 17:58:27,267 - nvd_autonomous - INFO - Start Talking: 3
2025-12-19 17:58:27,267 - nvd_autonomous - INFO - Move to: [35, -3]
2025-12-19 17:58:28,272 - nvd_autonomous - INFO - Move pan to: 35
2025-12-19 17:58:28,272 - nvd_autonomous - INFO - Move tilt to: -3
2025-12-19 17:58:34,100 - nvd_autonomous - INFO - No one talking
2025-12-19 17:58:37,517 - nvd_autonomous - INFO - Start Talking: 3
2025-12-19 17:58:37,518 - nvd_autonomous - INFO - Move to: [35, -3]
2025-12-19 17:58:39,931 - nvd_autonomous - INFO - No one talking
2025-12-19 17:58:41,942 - nvd_autonomous - INFO - Start Talking: 3
2025-12-19 17:58:41,942 - nvd_autonomous - INFO - Move to: [35, -3]
2025-12-19 17:58:43,550 - nvd_autonomous - INFO - No one talking
2025-12-19 17:58:43,952 - nvd_autonomous - INFO - Start Talking: 3
2025-12-19 17:58:43,952 - nvd_autonomous - INFO - Move to: [35, -3]
2025-12-19 17:58:47,771 - nvd_autonomous - INFO - No one talking
2025-12-19 17:58:48,576 - nvd_autonomous - INFO - Start Talking: 3
2025-12-19 17:58:48,576 - nvd_autonomous - INFO - Move to: [35, -3]
2025-12-19 17:58:49,179 - nvd_autonomous - INFO - Robot start talking
2025-12-19 17:58:49,581 - nvd_autonomous - INFO - No one talking
2025-12-19 17:58:51,189 - nvd_autonomous - INFO - Start Talking: 3
2025-12-19 17:58:51,189 - nvd_autonomous - INFO - Move to: [35, -3]
2025-12-19 17:58:53,802 - nvd_autonomous - INFO - No one talking
2025-12-19 17:58:55,410 - nvd_autonomous - INFO - Start Talking: 3
2025-12-19 17:58:55,410 - nvd_autonomous - INFO - Move to: [35, -3]
2025-12-19 17:58:56,012 - nvd_autonomous - INFO - No one talking
2025-12-19 17:58:56,414 - nvd_autonomous - INFO - Start Talking: 3
2025-12-19 17:58:56,414 - nvd_autonomous - INFO - Move to: [35, -3]
2025-12-19 17:58:57,017 - nvd_autonomous - INFO - Start Talking: 3
2025-12-19 17:58:57,018 - nvd_autonomous - INFO - Move to: [35, -3]
2025-12-19 17:58:57,420 - nvd_autonomous - INFO - No one talking
2025-12-19 17:58:59,028 - nvd_autonomous - INFO - Start Talking: 3
2025-12-19 17:58:59,028 - nvd_autonomous - INFO - Move to: [35, -3]
2025-12-19 17:59:00,235 - nvd_autonomous - INFO - No one talking
2025-12-19 17:59:00,838 - nvd_autonomous - INFO - Start Talking: 3
2025-12-19 17:59:00,839 - nvd_autonomous - INFO - Move to: [35, -3]
2025-12-19 17:59:02,849 - nvd_autonomous - INFO - Start Talking: 3
2025-12-19 17:59:02,849 - nvd_autonomous - INFO - Move to: [35, -3]
2025-12-19 17:59:04,257 - nvd_autonomous - INFO - No one talking
2025-12-19 17:59:05,664 - nvd_autonomous - INFO - Start Talking: 3
2025-12-19 17:59:05,664 - nvd_autonomous - INFO - Move to: [35, -3]
2025-12-19 17:59:06,870 - nvd_autonomous - INFO - No one talking
2025-12-19 17:59:07,272 - nvd_autonomous - INFO - Start Talking: 3
2025-12-19 17:59:07,272 - nvd_autonomous - INFO - Move to: [35, -3]
2025-12-19 17:59:09,282 - nvd_autonomous - INFO - No one talking
2025-12-19 17:59:09,885 - nvd_autonomous - INFO - Start Talking: 3
2025-12-19 17:59:09,885 - nvd_autonomous - INFO - Move to: [35, -3]
2025-12-19 17:59:11,493 - nvd_autonomous - INFO - No one talking
2025-12-19 17:59:12,499 - nvd_autonomous - INFO - Start Talking: 3
2025-12-19 17:59:12,499 - nvd_autonomous - INFO - Move to: [35, -3]
2025-12-19 17:59:18,931 - nvd_autonomous - INFO - No one talking
2025-12-19 17:59:20,137 - nvd_autonomous - INFO - Start Talking: 3
2025-12-19 17:59:20,137 - nvd_autonomous - INFO - Move to: [35, -3]
2025-12-19 17:59:21,142 - nvd_autonomous - INFO - No one talking
2025-12-19 17:59:21,947 - nvd_autonomous - INFO - Start Talking: 3
2025-12-19 17:59:21,947 - nvd_autonomous - INFO - Move to: [35, -3]
2025-12-19 17:59:28,581 - nvd_autonomous - INFO - No one talking
2025-12-19 17:59:31,797 - nvd_autonomous - INFO - Start Talking: 3
2025-12-19 17:59:31,797 - nvd_autonomous - INFO - Move to: [35, -3]
2025-12-19 17:59:34,410 - nvd_autonomous - INFO - No one talking
2025-12-19 17:59:35,415 - nvd_autonomous - INFO - Start Talking: 3
2025-12-19 17:59:35,415 - nvd_autonomous - INFO - Move to: [35, -3]
2025-12-19 17:59:38,028 - nvd_autonomous - INFO - No one talking
2025-12-19 17:59:38,833 - nvd_autonomous - INFO - Start Talking: 3
2025-12-19 17:59:38,833 - nvd_autonomous - INFO - Move to: [35, -3]
2025-12-19 17:59:40,843 - nvd_autonomous - INFO - No one talking
2025-12-19 17:59:41,045 - nvd_autonomous - INFO - Start Talking: 3
2025-12-19 17:59:41,045 - nvd_autonomous - INFO - Move to: [35, -3]
2025-12-19 17:59:41,246 - nvd_autonomous - INFO - Robot start talking
2025-12-19 17:59:41,649 - nvd_autonomous - INFO - Start Talking: 0
2025-12-19 17:59:41,649 - nvd_autonomous - INFO - Move to: [-35, -3]
2025-12-19 17:59:42,051 - nvd_autonomous - INFO - No one talking
2025-12-19 17:59:42,453 - nvd_autonomous - INFO - Start Talking: 3
2025-12-19 17:59:42,454 - nvd_autonomous - INFO - Move to: [35, -3]
2025-12-19 17:59:47,077 - nvd_autonomous - INFO - Start Talking: 3
2025-12-19 17:59:47,077 - nvd_autonomous - INFO - Move to: [35, -3]
2025-12-19 17:59:48,686 - nvd_autonomous - INFO - Move pan to: 35
2025-12-19 17:59:48,686 - nvd_autonomous - INFO - Move tilt to: -3
2025-12-19 17:59:50,093 - nvd_autonomous - INFO - No one talking
2025-12-19 17:59:52,103 - nvd_autonomous - INFO - Start Talking: 3
2025-12-19 17:59:52,103 - nvd_autonomous - INFO - Move to: [35, -3]
2025-12-19 17:59:53,510 - nvd_autonomous - INFO - No one talking
2025-12-19 17:59:54,313 - nvd_autonomous - INFO - Start Talking: 3
2025-12-19 17:59:54,314 - nvd_autonomous - INFO - Move to: [35, -3]
2025-12-19 17:59:55,521 - nvd_autonomous - INFO - No one talking
2025-12-19 17:59:56,927 - nvd_autonomous - INFO - Start Talking: 3
2025-12-19 17:59:56,927 - nvd_autonomous - INFO - Move to: [35, -3]
2025-12-19 17:59:57,732 - nvd_autonomous - INFO - Start Talking: 3
2025-12-19 17:59:57,732 - nvd_autonomous - INFO - Move to: [35, -3]
2025-12-19 18:00:00,949 - nvd_autonomous - INFO - No one talking
2025-12-19 18:00:02,155 - nvd_autonomous - INFO - Start Talking: 3
2025-12-19 18:00:02,155 - nvd_autonomous - INFO - Move to: [35, -3]
2025-12-19 18:00:02,557 - nvd_autonomous - INFO - No one talking
2025-12-19 18:00:05,572 - nvd_autonomous - INFO - Start Talking: 3
2025-12-19 18:00:05,573 - nvd_autonomous - INFO - Move to: [35, -3]
2025-12-19 18:00:06,980 - nvd_autonomous - INFO - No one talking
2025-12-19 18:00:07,784 - nvd_autonomous - INFO - Start Talking: 3
2025-12-19 18:00:07,784 - nvd_autonomous - INFO - Move to: [35, -3]
2025-12-19 18:00:10,407 - nvd_autonomous - INFO - Start Talking: 3
2025-12-19 18:00:10,407 - nvd_autonomous - INFO - Move to: [35, -3]
2025-12-19 18:00:10,809 - nvd_autonomous - INFO - No one talking
2025-12-19 18:00:11,010 - nvd_autonomous - INFO - Start Talking: 3
2025-12-19 18:00:11,010 - nvd_autonomous - INFO - Move to: [35, -3]
2025-12-19 18:00:11,211 - nvd_autonomous - INFO - Robot start talking
2025-12-19 18:00:11,412 - nvd_autonomous - INFO - Start Talking: 3
2025-12-19 18:00:11,413 - nvd_autonomous - INFO - Move to: [35, -3]
2025-12-19 18:00:14,026 - nvd_autonomous - INFO - No one talking
2025-12-19 18:00:14,428 - nvd_autonomous - INFO - Start Talking: 3
2025-12-19 18:00:14,428 - nvd_autonomous - INFO - Move to: [35, -3]
2025-12-19 18:00:14,830 - nvd_autonomous - INFO - Start Talking: 3
2025-12-19 18:00:14,830 - nvd_autonomous - INFO - Move to: [35, -3]
2025-12-19 18:00:15,434 - nvd_autonomous - INFO - No one talking
2025-12-19 18:00:18,249 - nvd_autonomous - INFO - Start Talking: 0
2025-12-19 18:00:18,249 - nvd_autonomous - INFO - Move to: [-35, -3]
2025-12-19 18:00:20,057 - nvd_autonomous - INFO - Move pan to: -35
2025-12-19 18:00:20,057 - nvd_autonomous - INFO - Move tilt to: -3
2025-12-19 18:00:20,661 - nvd_autonomous - INFO - Start Talking: 1
2025-12-19 18:00:20,661 - nvd_autonomous - INFO - Move to: [-35, -3]
2025-12-19 18:00:21,465 - nvd_autonomous - INFO - Start Talking: 1
2025-12-19 18:00:21,465 - nvd_autonomous - INFO - Move to: [-35, -3]
2025-12-19 18:00:22,068 - nvd_autonomous - INFO - No one talking
2025-12-19 18:00:22,269 - nvd_autonomous - INFO - Start Talking: 1
2025-12-19 18:00:22,269 - nvd_autonomous - INFO - Move to: [-35, -3]
2025-12-19 18:00:22,872 - nvd_autonomous - INFO - No one talking
2025-12-19 18:00:23,274 - nvd_autonomous - INFO - Start Talking: 1
2025-12-19 18:00:23,274 - nvd_autonomous - INFO - Move to: [-35, -3]
2025-12-19 18:00:23,676 - nvd_autonomous - INFO - No one talking
2025-12-19 18:00:28,902 - nvd_autonomous - INFO - Start Talking: 1
2025-12-19 18:00:28,902 - nvd_autonomous - INFO - Move to: [-35, -3]
2025-12-19 18:00:29,706 - nvd_autonomous - INFO - No one talking
2025-12-19 18:00:32,921 - nvd_autonomous - INFO - Start Talking: 1
2025-12-19 18:00:32,921 - nvd_autonomous - INFO - Move to: [-35, -3]
2025-12-19 18:00:33,927 - nvd_autonomous - INFO - No one talking
2025-12-19 18:00:35,334 - nvd_autonomous - INFO - Start Talking: 3
2025-12-19 18:00:35,334 - nvd_autonomous - INFO - Move to: [35, -3]
2025-12-19 18:00:35,736 - nvd_autonomous - INFO - No one talking
2025-12-19 18:00:35,937 - nvd_autonomous - INFO - Start Talking: 1
2025-12-19 18:00:35,937 - nvd_autonomous - INFO - Move to: [-35, -3]
2025-12-19 18:00:39,756 - nvd_autonomous - INFO - No one talking
2025-12-19 18:00:41,766 - nvd_autonomous - INFO - Start Talking: 1
2025-12-19 18:00:41,766 - nvd_autonomous - INFO - Move to: [-35, -3]
2025-12-19 18:00:42,570 - nvd_autonomous - INFO - No one talking
2025-12-19 18:00:42,771 - nvd_autonomous - INFO - Start Talking: 1
2025-12-19 18:00:42,771 - nvd_autonomous - INFO - Move to: [-35, -3]
2025-12-19 18:00:42,973 - nvd_autonomous - INFO - Start Talking: 0
2025-12-19 18:00:42,973 - nvd_autonomous - INFO - Move to: [-35, -3]
2025-12-19 18:00:43,374 - nvd_autonomous - INFO - No one talking
2025-12-19 18:00:45,586 - nvd_autonomous - INFO - Start Talking: 1
2025-12-19 18:00:45,586 - nvd_autonomous - INFO - Move to: [-35, -3]
2025-12-19 18:00:48,199 - nvd_autonomous - INFO - No one talking
2025-12-19 18:00:50,612 - nvd_autonomous - INFO - Start Talking: 1
2025-12-19 18:00:50,612 - nvd_autonomous - INFO - Move to: [-35, -3]
2025-12-19 18:00:56,844 - nvd_autonomous - INFO - Start Talking: 1
2025-12-19 18:00:56,844 - nvd_autonomous - INFO - Move to: [-35, -3]
2025-12-19 18:00:57,247 - nvd_autonomous - INFO - No one talking
2025-12-19 18:00:58,051 - nvd_autonomous - INFO - Start Talking: 1
2025-12-19 18:00:58,051 - nvd_autonomous - INFO - Move to: [-35, -3]
2025-12-19 18:00:58,855 - nvd_autonomous - INFO - No one talking
2025-12-19 18:01:00,262 - nvd_autonomous - INFO - Start Talking: 1
2025-12-19 18:01:00,262 - nvd_autonomous - INFO - Move to: [-35, -3]
2025-12-19 18:01:01,468 - nvd_autonomous - INFO - No one talking
2025-12-19 18:01:04,081 - nvd_autonomous - INFO - Start Talking: 1
2025-12-19 18:01:04,082 - nvd_autonomous - INFO - Move to: [-35, -3]
2025-12-19 18:01:05,891 - nvd_autonomous - INFO - No one talking
2025-12-19 18:01:06,494 - nvd_autonomous - INFO - Start Talking: 1
2025-12-19 18:01:06,494 - nvd_autonomous - INFO - Move to: [-35, -3]
2025-12-19 18:01:11,318 - nvd_autonomous - INFO - No one talking
2025-12-19 18:01:11,720 - nvd_autonomous - INFO - Start Talking: 0
2025-12-19 18:01:11,720 - nvd_autonomous - INFO - Move to: [-35, -3]
2025-12-19 18:01:13,126 - nvd_autonomous - INFO - Start Talking: 1
2025-12-19 18:01:13,126 - nvd_autonomous - INFO - Move to: [-35, -3]
2025-12-19 18:01:15,941 - nvd_autonomous - INFO - Start Talking: 1
2025-12-19 18:01:15,941 - nvd_autonomous - INFO - Move to: [-35, -3]
2025-12-19 18:01:18,353 - nvd_autonomous - INFO - No one talking
2025-12-19 18:01:20,364 - nvd_autonomous - INFO - Start Talking: 1
2025-12-19 18:01:20,364 - nvd_autonomous - INFO - Move to: [-35, -3]
2025-12-19 18:01:22,575 - nvd_autonomous - INFO - No one talking
2025-12-19 18:01:31,219 - nvd_autonomous - INFO - Start Talking: 1
2025-12-19 18:01:31,219 - nvd_autonomous - INFO - Move to: [-35, -3]
2025-12-19 18:01:31,620 - nvd_autonomous - INFO - Start Talking: 1
2025-12-19 18:01:31,620 - nvd_autonomous - INFO - Move to: [-35, -3]
2025-12-19 18:01:32,827 - nvd_autonomous - INFO - No one talking
2025-12-19 18:01:33,027 - nvd_autonomous - INFO - Start Talking: 1
2025-12-19 18:01:33,027 - nvd_autonomous - INFO - Move to: [-35, -3]
2025-12-19 18:01:34,636 - nvd_autonomous - INFO - No one talking
2025-12-19 18:01:38,254 - nvd_autonomous - INFO - Start Talking: 1
2025-12-19 18:01:38,254 - nvd_autonomous - INFO - Move to: [-35, -3]
2025-12-19 18:01:38,656 - nvd_autonomous - INFO - No one talking
2025-12-19 18:01:38,857 - nvd_autonomous - INFO - Start Talking: 1
2025-12-19 18:01:38,857 - nvd_autonomous - INFO - Move to: [-35, -3]
2025-12-19 18:01:39,259 - nvd_autonomous - INFO - No one talking
2025-12-19 18:01:45,088 - nvd_autonomous - INFO - Start Talking: 1
2025-12-19 18:01:45,088 - nvd_autonomous - INFO - Move to: [-35, -3]
2025-12-19 18:01:48,507 - nvd_autonomous - INFO - Start Talking: 1
2025-12-19 18:01:48,507 - nvd_autonomous - INFO - Move to: [-35, -3]
2025-12-19 18:01:49,513 - nvd_autonomous - INFO - Start Talking: 1
2025-12-19 18:01:49,513 - nvd_autonomous - INFO - Move to: [-35, -3]
2025-12-19 18:01:51,724 - nvd_autonomous - INFO - No one talking
2025-12-19 18:01:52,326 - nvd_autonomous - INFO - Start Talking: 1
2025-12-19 18:01:52,327 - nvd_autonomous - INFO - Move to: [-35, -3]
2025-12-19 18:01:55,744 - nvd_autonomous - INFO - No one talking
2025-12-19 18:01:56,749 - nvd_autonomous - INFO - Start Talking: 1
2025-12-19 18:01:56,749 - nvd_autonomous - INFO - Move to: [-35, -3]
2025-12-19 18:01:58,558 - nvd_autonomous - INFO - No one talking
2025-12-19 18:01:59,362 - nvd_autonomous - INFO - Start Talking: 1
2025-12-19 18:01:59,362 - nvd_autonomous - INFO - Move to: [-35, -3]
2025-12-19 18:02:02,377 - nvd_autonomous - INFO - No one talking
2025-12-19 18:02:04,789 - nvd_autonomous - INFO - Start Talking: 1
2025-12-19 18:02:04,789 - nvd_autonomous - INFO - Move to: [-35, -3]
2025-12-19 18:02:06,398 - nvd_autonomous - INFO - No one talking
2025-12-19 18:02:10,417 - nvd_autonomous - INFO - Start Talking: 1
2025-12-19 18:02:10,418 - nvd_autonomous - INFO - Move to: [-35, -3]
2025-12-19 18:02:12,428 - nvd_autonomous - INFO - No one talking
2025-12-19 18:02:12,629 - nvd_autonomous - INFO - Start Talking: 1
2025-12-19 18:02:12,629 - nvd_autonomous - INFO - Move to: [-35, -3]
2025-12-19 18:02:15,645 - nvd_autonomous - INFO - No one talking
2025-12-19 18:02:18,459 - nvd_autonomous - INFO - Start Talking: 1
2025-12-19 18:02:18,459 - nvd_autonomous - INFO - Move to: [-35, -3]
2025-12-19 18:02:25,496 - nvd_autonomous - INFO - Backchanneling to: [-35, -3]
2025-12-19 18:02:26,703 - nvd_autonomous - INFO - No one talking
2025-12-19 18:02:26,904 - nvd_autonomous - INFO - Start Talking: 1
2025-12-19 18:02:26,904 - nvd_autonomous - INFO - Move to: [-35, -3]
2025-12-19 18:02:28,914 - nvd_autonomous - INFO - Start Talking: 1
2025-12-19 18:02:28,914 - nvd_autonomous - INFO - Move to: [-35, -3]
2025-12-19 18:02:35,950 - nvd_autonomous - INFO - Backchanneling to: [-35, -3]
2025-12-19 18:02:42,986 - nvd_autonomous - INFO - Backchanneling to: [-35, -3]
2025-12-19 18:02:45,800 - nvd_autonomous - INFO - Start Talking: 0
2025-12-19 18:02:45,800 - nvd_autonomous - INFO - Move to: [-35, -3]
2025-12-19 18:02:47,810 - nvd_autonomous - INFO - No one talking
2025-12-19 18:02:48,614 - nvd_autonomous - INFO - Start Talking: 3
2025-12-19 18:02:48,614 - nvd_autonomous - INFO - Move to: [35, -3]
2025-12-19 18:02:49,016 - nvd_autonomous - INFO - Move pan to: 35
2025-12-19 18:02:49,016 - nvd_autonomous - INFO - Move tilt to: -3
2025-12-19 18:02:55,247 - nvd_autonomous - INFO - Robot start talking
2025-12-19 18:02:55,448 - nvd_autonomous - INFO - Start Talking: 3
2025-12-19 18:02:55,448 - nvd_autonomous - INFO - Move to: [35, -3]
2025-12-19 18:02:58,464 - nvd_autonomous - INFO - No one talking
2025-12-19 18:02:59,269 - nvd_autonomous - INFO - Start Talking: 3
2025-12-19 18:02:59,269 - nvd_autonomous - INFO - Move to: [35, -3]
2025-12-19 18:03:03,490 - nvd_autonomous - INFO - No one talking
2025-12-19 18:03:04,696 - nvd_autonomous - INFO - Start Talking: 3
2025-12-19 18:03:04,696 - nvd_autonomous - INFO - Move to: [35, -3]
2025-12-19 18:03:10,324 - nvd_autonomous - INFO - No one talking
2025-12-19 18:03:16,957 - nvd_autonomous - INFO - Start Talking: 3
2025-12-19 18:03:16,957 - nvd_autonomous - INFO - Move to: [35, -3]
2025-12-19 18:03:20,977 - nvd_autonomous - INFO - No one talking
2025-12-19 18:03:21,781 - nvd_autonomous - INFO - Start Talking: 3
2025-12-19 18:03:21,781 - nvd_autonomous - INFO - Move to: [35, -3]
2025-12-19 18:03:23,188 - nvd_autonomous - INFO - No one talking
2025-12-19 18:03:24,193 - nvd_autonomous - INFO - Start Talking: 3
2025-12-19 18:03:24,193 - nvd_autonomous - INFO - Move to: [35, -3]
2025-12-19 18:03:24,796 - nvd_autonomous - INFO - Start Talking: 3
2025-12-19 18:03:24,796 - nvd_autonomous - INFO - Move to: [35, -3]
2025-12-19 18:03:25,198 - nvd_autonomous - INFO - No one talking
2025-12-19 18:03:26,404 - nvd_autonomous - INFO - Start Talking: 3
2025-12-19 18:03:26,404 - nvd_autonomous - INFO - Move to: [35, -3]
2025-12-19 18:03:27,812 - nvd_autonomous - INFO - No one talking
2025-12-19 18:03:29,622 - nvd_autonomous - INFO - Start Talking: 3
2025-12-19 18:03:29,622 - nvd_autonomous - INFO - Move to: [35, -3]
2025-12-19 18:03:33,040 - nvd_autonomous - INFO - No one talking
2025-12-19 18:03:33,643 - nvd_autonomous - INFO - Start Talking: 3
2025-12-19 18:03:33,643 - nvd_autonomous - INFO - Move to: [35, -3]
2025-12-19 18:03:38,065 - nvd_autonomous - INFO - Start Talking: 3
2025-12-19 18:03:38,065 - nvd_autonomous - INFO - Move to: [35, -3]
2025-12-19 18:03:45,100 - nvd_autonomous - INFO - Backchanneling to: [35, -3]
2025-12-19 18:03:52,136 - nvd_autonomous - INFO - Backchanneling to: [35, -3]
2025-12-19 18:03:59,171 - nvd_autonomous - INFO - Backchanneling to: [35, -3]
2025-12-19 18:04:05,202 - nvd_autonomous - INFO - Start Talking: 3
2025-12-19 18:04:05,202 - nvd_autonomous - INFO - Move to: [35, -3]
2025-12-19 18:04:05,805 - nvd_autonomous - INFO - No one talking
2025-12-19 18:04:11,434 - nvd_autonomous - INFO - Start Talking: 3
2025-12-19 18:04:11,434 - nvd_autonomous - INFO - Move to: [35, -3]
2025-12-19 18:04:11,836 - nvd_autonomous - INFO - Start Talking: 0
2025-12-19 18:04:11,836 - nvd_autonomous - INFO - Move to: [-35, -3]
2025-12-19 18:04:12,238 - nvd_autonomous - INFO - No one talking
2025-12-19 18:04:12,640 - nvd_autonomous - INFO - Start Talking: 3
2025-12-19 18:04:12,640 - nvd_autonomous - INFO - Move to: [35, -3]
2025-12-19 18:04:15,654 - nvd_autonomous - INFO - No one talking
2025-12-19 18:04:19,273 - nvd_autonomous - INFO - Robot start talking
2025-12-19 18:04:19,675 - nvd_autonomous - INFO - Move pan to: 35
2025-12-19 18:04:19,675 - nvd_autonomous - INFO - Move tilt to: -3
2025-12-19 18:04:19,676 - nvd_autonomous - INFO - No one talking
2025-12-19 18:04:20,279 - nvd_autonomous - INFO - Start Talking: 3
2025-12-19 18:04:20,279 - nvd_autonomous - INFO - Move to: [35, -3]
2025-12-19 18:04:20,681 - nvd_autonomous - INFO - Start Talking: 3
2025-12-19 18:04:20,682 - nvd_autonomous - INFO - Move to: [35, -3]
2025-12-19 18:04:23,296 - nvd_autonomous - INFO - No one talking
2025-12-19 18:04:23,498 - nvd_autonomous - INFO - Start Talking: 3
2025-12-19 18:04:23,498 - nvd_autonomous - INFO - Move to: [35, -3]
2025-12-19 18:04:25,107 - nvd_autonomous - INFO - No one talking
2025-12-19 18:04:28,725 - nvd_autonomous - INFO - Start Talking: 3
2025-12-19 18:04:28,726 - nvd_autonomous - INFO - Move to: [35, -3]
2025-12-19 18:04:29,128 - nvd_autonomous - INFO - Set image to: star.png
2025-12-19 18:04:32,545 - nvd_autonomous - INFO - Set image to: blink.gif
2025-12-19 18:04:32,746 - nvd_autonomous - INFO - No one talking
2025-12-19 18:04:34,153 - nvd_autonomous - INFO - Start Talking: 3
2025-12-19 18:04:34,153 - nvd_autonomous - INFO - Move to: [35, -3]
2025-12-19 18:04:36,365 - nvd_autonomous - INFO - Start Talking: 0
2025-12-19 18:04:36,365 - nvd_autonomous - INFO - Move to: [-35, -3]
2025-12-19 18:04:36,767 - nvd_autonomous - INFO - Start Talking: 3
2025-12-19 18:04:36,767 - nvd_autonomous - INFO - Move to: [35, -3]
2025-12-19 18:04:37,169 - nvd_autonomous - INFO - Start Talking: 0
2025-12-19 18:04:37,169 - nvd_autonomous - INFO - Move to: [-35, -3]
2025-12-19 18:04:37,370 - nvd_autonomous - INFO - Start Talking: 3
2025-12-19 18:04:37,371 - nvd_autonomous - INFO - Move to: [35, -3]
2025-12-19 18:04:44,405 - nvd_autonomous - INFO - Backchanneling to: [35, -3]
2025-12-19 18:04:50,837 - nvd_autonomous - INFO - No one talking
2025-12-19 18:04:54,454 - nvd_autonomous - INFO - Start Talking: 3
2025-12-19 18:04:54,454 - nvd_autonomous - INFO - Move to: [35, -3]
2025-12-19 18:04:54,857 - nvd_autonomous - INFO - No one talking
2025-12-19 18:04:55,259 - nvd_autonomous - INFO - Robot start talking
2025-12-19 18:04:55,460 - nvd_autonomous - INFO - Start Talking: 3
2025-12-19 18:04:55,460 - nvd_autonomous - INFO - Move to: [35, -3]
2025-12-19 18:04:57,469 - nvd_autonomous - INFO - Backchanneling
2025-12-19 18:04:58,072 - nvd_autonomous - INFO - No one talking
2025-12-19 18:04:58,876 - nvd_autonomous - INFO - Start Talking: 3
2025-12-19 18:04:58,876 - nvd_autonomous - INFO - Move to: [35, -3]
2025-12-19 18:05:05,910 - nvd_autonomous - INFO - Backchanneling to: [35, -3]
2025-12-19 18:05:13,148 - nvd_autonomous - INFO - Start Talking: 3
2025-12-19 18:05:13,148 - nvd_autonomous - INFO - Move to: [35, -3]
2025-12-19 18:05:14,355 - nvd_autonomous - INFO - No one talking
2025-12-19 18:05:14,958 - nvd_autonomous - INFO - Start Talking: 3
2025-12-19 18:05:14,958 - nvd_autonomous - INFO - Move to: [35, -3]
2025-12-19 18:05:16,365 - nvd_autonomous - INFO - No one talking
2025-12-19 18:05:17,370 - nvd_autonomous - INFO - Start Talking: 3
2025-12-19 18:05:17,370 - nvd_autonomous - INFO - Move to: [35, -3]
2025-12-19 18:05:22,798 - nvd_autonomous - INFO - No one talking
2025-12-19 18:05:24,407 - nvd_autonomous - INFO - Start Talking: 1
2025-12-19 18:05:24,407 - nvd_autonomous - INFO - Move to: [-35, -3]
2025-12-19 18:05:25,211 - nvd_autonomous - INFO - Start Talking: 1
2025-12-19 18:05:25,211 - nvd_autonomous - INFO - Move to: [-35, -3]
2025-12-19 18:05:25,814 - nvd_autonomous - INFO - No one talking
2025-12-19 18:05:26,216 - nvd_autonomous - INFO - Start Talking: 1
2025-12-19 18:05:26,216 - nvd_autonomous - INFO - Move to: [-35, -3]
2025-12-19 18:05:26,618 - nvd_autonomous - INFO - No one talking
2025-12-19 18:05:28,025 - nvd_autonomous - INFO - Start Talking: 1
2025-12-19 18:05:28,025 - nvd_autonomous - INFO - Move to: [-35, -3]
2025-12-19 18:05:28,427 - nvd_autonomous - INFO - No one talking
2025-12-19 18:05:29,633 - nvd_autonomous - INFO - Start Talking: 1
2025-12-19 18:05:29,633 - nvd_autonomous - INFO - Move to: [-35, -3]
2025-12-19 18:05:30,437 - nvd_autonomous - INFO - Start Talking: 1
2025-12-19 18:05:30,437 - nvd_autonomous - INFO - Move to: [-35, -3]
2025-12-19 18:05:36,669 - nvd_autonomous - INFO - Start Talking: 1
2025-12-19 18:05:36,669 - nvd_autonomous - INFO - Move to: [-35, -3]
2025-12-19 18:05:38,277 - nvd_autonomous - INFO - No one talking
2025-12-19 18:05:41,092 - nvd_autonomous - INFO - Start Talking: 1
2025-12-19 18:05:41,092 - nvd_autonomous - INFO - Move to: [-35, -3]
2025-12-19 18:05:48,129 - nvd_autonomous - INFO - Backchanneling to: [-35, -3]
2025-12-19 18:05:49,737 - nvd_autonomous - INFO - Start Talking: 1
2025-12-19 18:05:49,737 - nvd_autonomous - INFO - Move to: [-35, -3]
2025-12-19 18:05:56,772 - nvd_autonomous - INFO - Backchanneling to: [-35, -3]
2025-12-19 18:06:03,807 - nvd_autonomous - INFO - Backchanneling to: [-35, -3]
2025-12-19 18:06:05,214 - nvd_autonomous - INFO - Start Talking: 3
2025-12-19 18:06:05,214 - nvd_autonomous - INFO - Move to: [35, -3]
2025-12-19 18:06:06,018 - nvd_autonomous - INFO - Start Talking: 1
2025-12-19 18:06:06,018 - nvd_autonomous - INFO - Move to: [-35, -3]
2025-12-19 18:06:11,445 - nvd_autonomous - INFO - Move pan to: -35
2025-12-19 18:06:11,445 - nvd_autonomous - INFO - Move tilt to: -3
2025-12-19 18:06:11,446 - nvd_autonomous - INFO - Start Talking: 3
2025-12-19 18:06:11,447 - nvd_autonomous - INFO - Move to: [35, -3]
2025-12-19 18:06:14,059 - nvd_autonomous - INFO - Move pan to: 35
2025-12-19 18:06:14,059 - nvd_autonomous - INFO - Move tilt to: -3
2025-12-19 18:06:15,467 - nvd_autonomous - INFO - No one talking
2025-12-19 18:06:16,070 - nvd_autonomous - INFO - Start Talking: 3
2025-12-19 18:06:16,070 - nvd_autonomous - INFO - Move to: [35, -3]
2025-12-19 18:06:18,484 - nvd_autonomous - INFO - Start Talking: 0
2025-12-19 18:06:18,484 - nvd_autonomous - INFO - Move to: [-35, -3]
2025-12-19 18:06:19,087 - nvd_autonomous - INFO - Start Talking: 3
2025-12-19 18:06:19,088 - nvd_autonomous - INFO - Move to: [35, -3]
2025-12-19 18:06:21,902 - nvd_autonomous - INFO - Move pan to: 35
2025-12-19 18:06:21,903 - nvd_autonomous - INFO - Move tilt to: -3
2025-12-19 18:06:26,125 - nvd_autonomous - INFO - Backchanneling to: [35, -3]
2025-12-19 18:06:29,945 - nvd_autonomous - INFO - Start Talking: 3
2025-12-19 18:06:29,946 - nvd_autonomous - INFO - Move to: [35, -3]
2025-12-19 18:06:32,760 - nvd_autonomous - INFO - Move pan to: -35
2025-12-19 18:06:32,760 - nvd_autonomous - INFO - Move tilt to: -3
2025-12-19 18:06:32,962 - nvd_autonomous - INFO - Start Talking: 1
2025-12-19 18:06:32,962 - nvd_autonomous - INFO - Move to: [-35, -3]
2025-12-19 18:06:33,967 - nvd_autonomous - INFO - No one talking
2025-12-19 18:06:34,571 - nvd_autonomous - INFO - Start Talking: 3
2025-12-19 18:06:34,571 - nvd_autonomous - INFO - Move to: [35, -3]
2025-12-19 18:06:35,376 - nvd_autonomous - INFO - Move pan to: -35
2025-12-19 18:06:35,376 - nvd_autonomous - INFO - Move tilt to: -3
2025-12-19 18:06:35,577 - nvd_autonomous - INFO - Start Talking: 1
2025-12-19 18:06:35,577 - nvd_autonomous - INFO - Move to: [-35, -3]
2025-12-19 18:06:36,180 - nvd_autonomous - INFO - No one talking
2025-12-19 18:06:38,593 - nvd_autonomous - INFO - Start Talking: 0
2025-12-19 18:06:38,593 - nvd_autonomous - INFO - Move to: [-35, -3]
2025-12-19 18:06:39,397 - nvd_autonomous - INFO - Start Talking: 0
2025-12-19 18:06:39,398 - nvd_autonomous - INFO - Move to: [-35, -3]
2025-12-19 18:06:40,201 - nvd_autonomous - INFO - Start Talking: 0
2025-12-19 18:06:40,201 - nvd_autonomous - INFO - Move to: [-35, -3]
2025-12-19 18:06:41,206 - nvd_autonomous - INFO - Start Talking: 0
2025-12-19 18:06:41,206 - nvd_autonomous - INFO - Move to: [-35, -3]
2025-12-19 18:06:41,608 - nvd_autonomous - INFO - Start Talking: 3
2025-12-19 18:06:41,609 - nvd_autonomous - INFO - Move to: [35, -3]
2025-12-19 18:06:42,011 - nvd_autonomous - INFO - No one talking
2025-12-19 18:06:43,217 - nvd_autonomous - INFO - Move pan to: -35
2025-12-19 18:06:43,217 - nvd_autonomous - INFO - Move tilt to: -3
2025-12-19 18:06:44,424 - nvd_autonomous - INFO - Start Talking: 0
2025-12-19 18:06:44,424 - nvd_autonomous - INFO - Move to: [-35, -3]
2025-12-19 18:06:47,841 - nvd_autonomous - INFO - No one talking
2025-12-19 18:06:48,846 - nvd_autonomous - INFO - Start Talking: 0
2025-12-19 18:06:48,846 - nvd_autonomous - INFO - Move to: [-35, -3]
2025-12-19 18:06:49,851 - nvd_autonomous - INFO - Robot start talking
2025-12-19 18:06:50,052 - nvd_autonomous - INFO - Robot start talking
2025-12-19 18:06:50,254 - nvd_autonomous - INFO - Robot start talking
2025-12-19 18:06:50,455 - nvd_autonomous - INFO - Robot start talking
2025-12-19 18:06:50,655 - nvd_autonomous - INFO - Robot start talking
2025-12-19 18:06:50,857 - nvd_autonomous - INFO - Robot start talking
2025-12-19 18:06:51,058 - nvd_autonomous - INFO - Robot start talking
2025-12-19 18:06:51,259 - nvd_autonomous - INFO - Robot start talking
2025-12-19 18:06:51,460 - nvd_autonomous - INFO - Robot start talking
2025-12-19 18:06:51,661 - nvd_autonomous - INFO - Robot start talking
2025-12-19 18:06:51,862 - nvd_autonomous - INFO - Robot start talking
2025-12-19 18:06:52,063 - nvd_autonomous - INFO - Robot start talking
2025-12-19 18:06:52,264 - nvd_autonomous - INFO - Robot start talking
2025-12-19 18:06:52,465 - nvd_autonomous - INFO - Robot start talking
2025-12-19 18:06:52,666 - nvd_autonomous - INFO - Robot start talking
2025-12-19 18:06:52,867 - nvd_autonomous - INFO - Robot start talking
2025-12-19 18:06:53,068 - nvd_autonomous - INFO - Robot start talking
2025-12-19 18:06:53,269 - nvd_autonomous - INFO - Robot start talking
2025-12-19 18:06:53,470 - nvd_autonomous - INFO - Robot start talking
2025-12-19 18:06:53,671 - nvd_autonomous - INFO - Robot start talking
2025-12-19 18:06:53,873 - nvd_autonomous - INFO - Robot start talking
2025-12-19 18:06:54,073 - nvd_autonomous - INFO - Robot start talking
2025-12-19 18:06:54,275 - nvd_autonomous - INFO - Robot start talking
2025-12-19 18:06:54,477 - nvd_autonomous - INFO - Robot start talking
2025-12-19 18:06:54,678 - nvd_autonomous - INFO - Robot start talking
2025-12-19 18:06:54,878 - nvd_autonomous - INFO - Robot start talking
2025-12-19 18:06:55,079 - nvd_autonomous - INFO - Robot start talking
2025-12-19 18:06:55,280 - nvd_autonomous - INFO - Robot start talking
2025-12-19 18:06:55,482 - nvd_autonomous - INFO - Robot start talking
2025-12-19 18:06:55,683 - nvd_autonomous - INFO - Robot start talking
2025-12-19 18:06:55,883 - nvd_autonomous - INFO - Robot start talking
2025-12-19 18:06:56,084 - nvd_autonomous - INFO - Robot start talking
2025-12-19 18:06:56,286 - nvd_autonomous - INFO - Robot start talking
2025-12-19 18:06:56,487 - nvd_autonomous - INFO - Robot start talking
2025-12-19 18:06:56,688 - nvd_autonomous - INFO - Robot start talking
2025-12-19 18:06:56,889 - nvd_autonomous - INFO - Robot start talking
2025-12-19 18:06:57,090 - nvd_autonomous - INFO - Robot start talking
2025-12-19 18:06:57,292 - nvd_autonomous - INFO - Robot start talking
2025-12-19 18:06:57,694 - nvd_autonomous - INFO - No one talking
2025-12-19 18:06:57,895 - nvd_autonomous - INFO - Robot start talking
2025-12-19 18:06:58,096 - nvd_autonomous - INFO - Robot start talking
2025-12-19 18:06:58,297 - nvd_autonomous - INFO - Robot start talking
2025-12-19 18:06:58,499 - nvd_autonomous - INFO - Robot start talking
2025-12-19 18:06:58,700 - nvd_autonomous - INFO - Robot start talking
2025-12-19 18:06:58,901 - nvd_autonomous - INFO - Robot start talking
2025-12-19 18:06:59,102 - nvd_autonomous - INFO - Robot start talking
2025-12-19 18:06:59,303 - nvd_autonomous - INFO - Robot start talking
2025-12-19 18:06:59,504 - nvd_autonomous - INFO - Robot start talking
2025-12-19 18:06:59,705 - nvd_autonomous - INFO - Robot start talking
2025-12-19 18:06:59,906 - nvd_autonomous - INFO - Robot start talking
2025-12-19 18:07:00,107 - nvd_autonomous - INFO - Robot start talking
2025-12-19 18:07:00,308 - nvd_autonomous - INFO - Robot start talking
2025-12-19 18:07:00,509 - nvd_autonomous - INFO - Robot start talking
2025-12-19 18:07:00,710 - nvd_autonomous - INFO - Robot start talking
2025-12-19 18:07:00,911 - nvd_autonomous - INFO - Robot start talking
2025-12-19 18:07:01,112 - nvd_autonomous - INFO - Robot start talking
2025-12-19 18:07:01,313 - nvd_autonomous - INFO - Robot start talking
2025-12-19 18:07:01,514 - nvd_autonomous - INFO - Robot start talking
2025-12-19 18:07:01,715 - nvd_autonomous - INFO - Robot start talking
2025-12-19 18:07:01,916 - nvd_autonomous - INFO - Robot start talking
2025-12-19 18:07:02,117 - nvd_autonomous - INFO - Robot start talking
2025-12-19 18:07:02,318 - nvd_autonomous - INFO - Robot start talking
2025-12-19 18:07:02,519 - nvd_autonomous - INFO - Robot start talking
2025-12-19 18:07:02,720 - nvd_autonomous - INFO - Robot start talking
2025-12-19 18:07:02,921 - nvd_autonomous - INFO - Robot start talking
2025-12-19 18:07:03,123 - nvd_autonomous - INFO - Robot start talking
2025-12-19 18:07:03,323 - nvd_autonomous - INFO - Robot start talking
2025-12-19 18:07:03,524 - nvd_autonomous - INFO - Robot start talking
2025-12-19 18:07:03,725 - nvd_autonomous - INFO - Robot start talking
2025-12-19 18:07:03,926 - nvd_autonomous - INFO - Robot start talking
2025-12-19 18:07:04,127 - nvd_autonomous - INFO - Robot start talking
2025-12-19 18:07:04,329 - nvd_autonomous - INFO - Robot start talking
2025-12-19 18:07:04,530 - nvd_autonomous - INFO - Robot start talking
2025-12-19 18:07:04,731 - nvd_autonomous - INFO - Robot start talking
2025-12-19 18:07:04,931 - nvd_autonomous - INFO - Robot start talking
2025-12-19 18:07:05,133 - nvd_autonomous - INFO - Robot start talking
2025-12-19 18:07:05,334 - nvd_autonomous - INFO - Robot start talking
2025-12-19 18:07:05,535 - nvd_autonomous - INFO - Robot start talking
2025-12-19 18:07:05,737 - nvd_autonomous - INFO - Robot start talking
2025-12-19 18:07:05,938 - nvd_autonomous - INFO - Robot start talking
2025-12-19 18:07:06,139 - nvd_autonomous - INFO - Robot start talking
2025-12-19 18:07:06,340 - nvd_autonomous - INFO - Robot start talking
2025-12-19 18:07:06,541 - nvd_autonomous - INFO - Robot start talking
2025-12-19 18:07:06,742 - nvd_autonomous - INFO - Robot start talking
2025-12-19 18:07:06,943 - nvd_autonomous - INFO - Robot start talking
2025-12-19 18:07:07,145 - nvd_autonomous - INFO - Robot start talking
2025-12-19 18:07:07,346 - nvd_autonomous - INFO - Robot start talking
2025-12-19 18:07:07,748 - nvd_autonomous - INFO - No one talking
2025-12-19 18:07:08,151 - nvd_autonomous - INFO - Robot start talking
2025-12-19 18:07:08,352 - nvd_autonomous - INFO - Robot start talking
2025-12-19 18:07:08,553 - nvd_autonomous - INFO - Robot start talking
2025-12-19 18:07:08,754 - nvd_autonomous - INFO - Robot start talking
2025-12-19 18:07:08,954 - nvd_autonomous - INFO - Robot start talking
2025-12-19 18:07:09,155 - nvd_autonomous - INFO - Robot start talking
2025-12-19 18:07:09,357 - nvd_autonomous - INFO - Robot start talking
2025-12-19 18:07:09,558 - nvd_autonomous - INFO - Robot start talking
2025-12-19 18:07:09,760 - nvd_autonomous - INFO - Robot start talking
2025-12-19 18:07:09,983 - nvd_autonomous - INFO - Robot start talking
2025-12-19 18:07:10,184 - nvd_autonomous - INFO - Robot start talking
2025-12-19 18:07:10,385 - nvd_autonomous - INFO - Robot start talking
2025-12-19 18:07:10,586 - nvd_autonomous - INFO - Robot start talking
2025-12-19 18:07:10,787 - nvd_autonomous - INFO - Robot start talking
2025-12-19 18:07:10,988 - nvd_autonomous - INFO - Robot start talking
2025-12-19 18:07:11,190 - nvd_autonomous - INFO - Robot start talking
2025-12-19 18:07:11,391 - nvd_autonomous - INFO - Robot start talking
2025-12-19 18:07:11,592 - nvd_autonomous - INFO - Robot start talking
2025-12-19 18:07:11,793 - nvd_autonomous - INFO - Robot start talking
2025-12-19 18:07:11,993 - nvd_autonomous - INFO - Robot start talking
2025-12-19 18:07:12,196 - nvd_autonomous - INFO - Robot start talking
2025-12-19 18:07:12,397 - nvd_autonomous - INFO - Robot start talking
2025-12-19 18:07:12,598 - nvd_autonomous - INFO - Robot start talking
2025-12-19 18:07:12,799 - nvd_autonomous - INFO - Robot start talking
2025-12-19 18:07:13,000 - nvd_autonomous - INFO - Robot start talking
2025-12-19 18:07:13,201 - nvd_autonomous - INFO - Robot start talking
2025-12-19 18:07:13,402 - nvd_autonomous - INFO - Robot start talking
2025-12-19 18:07:13,603 - nvd_autonomous - INFO - Robot start talking
2025-12-19 18:07:13,804 - nvd_autonomous - INFO - Robot start talking
2025-12-19 18:07:14,005 - nvd_autonomous - INFO - Robot start talking
2025-12-19 18:07:14,206 - nvd_autonomous - INFO - Robot start talking
2025-12-19 18:07:14,407 - nvd_autonomous - INFO - Robot start talking
2025-12-19 18:07:14,608 - nvd_autonomous - INFO - Robot start talking
2025-12-19 18:07:14,809 - nvd_autonomous - INFO - Robot start talking
2025-12-19 18:07:15,010 - nvd_autonomous - INFO - Robot start talking
2025-12-19 18:07:15,212 - nvd_autonomous - INFO - Robot start talking
2025-12-19 18:07:15,436 - nvd_autonomous - INFO - Robot start talking
2025-12-19 18:07:15,637 - nvd_autonomous - INFO - Robot start talking
2025-12-19 18:07:15,838 - nvd_autonomous - INFO - Robot start talking
2025-12-19 18:07:16,039 - nvd_autonomous - INFO - Robot start talking
2025-12-19 18:07:16,240 - nvd_autonomous - INFO - Robot start talking
2025-12-19 18:07:16,441 - nvd_autonomous - INFO - Robot start talking
2025-12-19 18:07:16,642 - nvd_autonomous - INFO - Robot start talking
2025-12-19 18:07:16,843 - nvd_autonomous - INFO - Robot start talking
2025-12-19 18:07:17,245 - nvd_autonomous - INFO - No one talking
2025-12-19 18:07:19,256 - nvd_autonomous - INFO - Robot start talking
2025-12-19 18:07:19,457 - nvd_autonomous - INFO - Robot start talking
2025-12-19 18:07:19,658 - nvd_autonomous - INFO - Start Talking: 3
2025-12-19 18:07:19,658 - nvd_autonomous - INFO - Move to: [35, -3]
2025-12-19 18:07:22,071 - nvd_autonomous - INFO - Move pan to: 35
2025-12-19 18:07:22,071 - nvd_autonomous - INFO - Move tilt to: -3
2025-12-19 18:07:24,082 - nvd_autonomous - INFO - Robot start talking
2025-12-19 18:07:24,283 - nvd_autonomous - INFO - Robot start talking
2025-12-19 18:07:24,484 - nvd_autonomous - INFO - Robot start talking
2025-12-19 18:07:24,685 - nvd_autonomous - INFO - Robot start talking
2025-12-19 18:07:24,886 - nvd_autonomous - INFO - Robot start talking
2025-12-19 18:07:25,087 - nvd_autonomous - INFO - Robot start talking
2025-12-19 18:07:25,288 - nvd_autonomous - INFO - Robot start talking
2025-12-19 18:07:25,489 - nvd_autonomous - INFO - Robot start talking
2025-12-19 18:07:25,690 - nvd_autonomous - INFO - Robot start talking
2025-12-19 18:07:25,891 - nvd_autonomous - INFO - Robot start talking
2025-12-19 18:07:26,092 - nvd_autonomous - INFO - Robot start talking
2025-12-19 18:07:26,293 - nvd_autonomous - INFO - Robot start talking
2025-12-19 18:07:26,494 - nvd_autonomous - INFO - Robot start talking
2025-12-19 18:07:26,696 - nvd_autonomous - INFO - Robot start talking
2025-12-19 18:07:26,897 - nvd_autonomous - INFO - Robot start talking
2025-12-19 18:07:27,098 - nvd_autonomous - INFO - Robot start talking
2025-12-19 18:07:27,299 - nvd_autonomous - INFO - Robot start talking
2025-12-19 18:07:27,500 - nvd_autonomous - INFO - Robot start talking
2025-12-19 18:07:27,725 - nvd_autonomous - INFO - Robot start talking
2025-12-19 18:07:27,926 - nvd_autonomous - INFO - Robot start talking
2025-12-19 18:07:28,127 - nvd_autonomous - INFO - Robot start talking
2025-12-19 18:07:28,328 - nvd_autonomous - INFO - Robot start talking
2025-12-19 18:07:28,529 - nvd_autonomous - INFO - Robot start talking
2025-12-19 18:07:28,730 - nvd_autonomous - INFO - Robot start talking
2025-12-19 18:07:28,931 - nvd_autonomous - INFO - Robot start talking
2025-12-19 18:07:29,132 - nvd_autonomous - INFO - Robot start talking
2025-12-19 18:07:29,333 - nvd_autonomous - INFO - Robot start talking
2025-12-19 18:07:29,534 - nvd_autonomous - INFO - Robot start talking
2025-12-19 18:07:29,735 - nvd_autonomous - INFO - Robot start talking
2025-12-19 18:07:29,936 - nvd_autonomous - INFO - Robot start talking
2025-12-19 18:07:30,137 - nvd_autonomous - INFO - Robot start talking
2025-12-19 18:07:30,338 - nvd_autonomous - INFO - Robot start talking
2025-12-19 18:07:30,539 - nvd_autonomous - INFO - Robot start talking
2025-12-19 18:07:30,740 - nvd_autonomous - INFO - Robot start talking
2025-12-19 18:07:30,941 - nvd_autonomous - INFO - Robot start talking
2025-12-19 18:07:31,142 - nvd_autonomous - INFO - Robot start talking
2025-12-19 18:07:31,343 - nvd_autonomous - INFO - Robot start talking
2025-12-19 18:07:31,544 - nvd_autonomous - INFO - Robot start talking
2025-12-19 18:07:31,745 - nvd_autonomous - INFO - Robot start talking
2025-12-19 18:07:31,946 - nvd_autonomous - INFO - Robot start talking
2025-12-19 18:07:32,147 - nvd_autonomous - INFO - Robot start talking
2025-12-19 18:07:32,348 - nvd_autonomous - INFO - Robot start talking
2025-12-19 18:07:32,549 - nvd_autonomous - INFO - Robot start talking
2025-12-19 18:07:32,750 - nvd_autonomous - INFO - Robot start talking
2025-12-19 18:07:32,951 - nvd_autonomous - INFO - Move pan to: 0
2025-12-19 18:07:32,951 - nvd_autonomous - INFO - Move tilt to: -3
2025-12-19 18:07:32,952 - nvd_autonomous - INFO - Robot start talking
2025-12-19 18:07:33,153 - nvd_autonomous - INFO - Robot start talking
2025-12-19 18:07:33,355 - nvd_autonomous - INFO - Robot start talking
2025-12-19 18:07:33,556 - nvd_autonomous - INFO - Robot start talking
2025-12-19 18:07:33,757 - nvd_autonomous - INFO - Robot start talking
2025-12-19 18:07:34,159 - nvd_autonomous - INFO - No one talking
2025-12-19 18:07:34,762 - nvd_autonomous - INFO - Start Talking: 1
2025-12-19 18:07:34,762 - nvd_autonomous - INFO - Move to: [-35, -3]
2025-12-19 18:07:35,164 - nvd_autonomous - INFO - No one talking
2025-12-19 18:07:36,572 - nvd_autonomous - INFO - Start Talking: 3
2025-12-19 18:07:36,572 - nvd_autonomous - INFO - Move to: [35, -3]
2025-12-19 18:07:39,588 - nvd_autonomous - INFO - Start Talking: 1
2025-12-19 18:07:39,588 - nvd_autonomous - INFO - Move to: [-35, -3]
2025-12-19 18:07:39,788 - nvd_autonomous - INFO - Start Talking: 3
2025-12-19 18:07:39,788 - nvd_autonomous - INFO - Move to: [35, -3]
2025-12-19 18:07:39,989 - nvd_autonomous - INFO - Start Talking: 0
2025-12-19 18:07:39,989 - nvd_autonomous - INFO - Move to: [-35, -3]
2025-12-19 18:07:40,592 - nvd_autonomous - INFO - Start Talking: 1
2025-12-19 18:07:40,592 - nvd_autonomous - INFO - Move to: [-35, -3]
2025-12-19 18:07:44,814 - nvd_autonomous - INFO - No one talking
2025-12-19 18:07:46,020 - nvd_autonomous - INFO - Start Talking: 0
2025-12-19 18:07:46,020 - nvd_autonomous - INFO - Move to: [-35, -3]
2025-12-19 18:07:47,427 - nvd_autonomous - INFO - No one talking
2025-12-19 18:07:51,245 - nvd_autonomous - INFO - Start Talking: 0
2025-12-19 18:07:51,245 - nvd_autonomous - INFO - Move to: [-35, -3]
2025-12-19 18:07:52,250 - nvd_autonomous - INFO - Move pan to: 35
2025-12-19 18:07:52,250 - nvd_autonomous - INFO - Move tilt to: -3
2025-12-19 18:07:54,663 - nvd_autonomous - INFO - Start Talking: 0
2025-12-19 18:07:54,663 - nvd_autonomous - INFO - Move to: [-35, -3]
2025-12-19 18:07:56,272 - nvd_autonomous - INFO - Start Talking: 0
2025-12-19 18:07:56,272 - nvd_autonomous - INFO - Move to: [-35, -3]
2025-12-19 18:07:58,081 - nvd_autonomous - INFO - Start Talking: 0
2025-12-19 18:07:58,081 - nvd_autonomous - INFO - Move to: [-35, -3]
2025-12-19 18:07:58,483 - nvd_autonomous - INFO - No one talking
2025-12-19 18:07:59,286 - nvd_autonomous - INFO - Move pan to: 35
2025-12-19 18:07:59,286 - nvd_autonomous - INFO - Move tilt to: -3
2025-12-19 18:08:02,102 - nvd_autonomous - INFO - Start Talking: 0
2025-12-19 18:08:02,102 - nvd_autonomous - INFO - Move to: [-35, -3]
2025-12-19 18:08:03,508 - nvd_autonomous - INFO - Start Talking: 3
2025-12-19 18:08:03,508 - nvd_autonomous - INFO - Move to: [35, -3]
2025-12-19 18:08:06,523 - nvd_autonomous - INFO - No one talking
2025-12-19 18:08:07,930 - nvd_autonomous - INFO - Start Talking: 3
2025-12-19 18:08:07,931 - nvd_autonomous - INFO - Move to: [35, -3]
2025-12-19 18:08:11,551 - nvd_autonomous - INFO - No one talking
2025-12-19 18:08:15,169 - nvd_autonomous - INFO - Start Talking: 3
2025-12-19 18:08:15,169 - nvd_autonomous - INFO - Move to: [35, -3]
2025-12-19 18:08:19,993 - nvd_autonomous - INFO - No one talking
2025-12-19 18:08:20,596 - nvd_autonomous - INFO - Start Talking: 3
2025-12-19 18:08:20,596 - nvd_autonomous - INFO - Move to: [35, -3]
2025-12-19 18:08:21,400 - nvd_autonomous - INFO - No one talking
2025-12-19 18:08:23,410 - nvd_autonomous - INFO - Start Talking: 3
2025-12-19 18:08:23,410 - nvd_autonomous - INFO - Move to: [35, -3]
2025-12-19 18:08:29,239 - nvd_autonomous - INFO - No one talking
2025-12-19 18:08:29,842 - nvd_autonomous - INFO - Start Talking: 3
2025-12-19 18:08:29,842 - nvd_autonomous - INFO - Move to: [35, -3]
2025-12-19 18:08:31,048 - nvd_autonomous - INFO - No one talking
2025-12-19 18:08:31,652 - nvd_autonomous - INFO - Start Talking: 3
2025-12-19 18:08:31,652 - nvd_autonomous - INFO - Move to: [35, -3]
2025-12-19 18:08:34,064 - nvd_autonomous - INFO - No one talking
2025-12-19 18:08:34,868 - nvd_autonomous - INFO - Start Talking: 3
2025-12-19 18:08:34,869 - nvd_autonomous - INFO - Move to: [35, -3]
2025-12-19 18:08:35,472 - nvd_autonomous - INFO - Start Talking: 3
2025-12-19 18:08:35,472 - nvd_autonomous - INFO - Move to: [35, -3]
2025-12-19 18:08:35,874 - nvd_autonomous - INFO - No one talking
2025-12-19 18:08:36,276 - nvd_autonomous - INFO - Start Talking: 3
2025-12-19 18:08:36,276 - nvd_autonomous - INFO - Move to: [35, -3]
2025-12-19 18:08:37,482 - nvd_autonomous - INFO - No one talking
2025-12-19 18:08:39,292 - nvd_autonomous - INFO - Start Talking: 3
2025-12-19 18:08:39,292 - nvd_autonomous - INFO - Move to: [35, -3]
2025-12-19 18:08:40,498 - nvd_autonomous - INFO - No one talking
2025-12-19 18:08:41,906 - nvd_autonomous - INFO - Start Talking: 3
2025-12-19 18:08:41,906 - nvd_autonomous - INFO - Move to: [35, -3]
2025-12-19 18:08:43,916 - nvd_autonomous - INFO - No one talking
2025-12-19 18:08:46,529 - nvd_autonomous - INFO - Start Talking: 3
2025-12-19 18:08:46,529 - nvd_autonomous - INFO - Move to: [35, -3]
2025-12-19 18:08:46,931 - nvd_autonomous - INFO - Start Talking: 3
2025-12-19 18:08:46,931 - nvd_autonomous - INFO - Move to: [35, -3]
2025-12-19 18:08:48,137 - nvd_autonomous - INFO - No one talking
2025-12-19 18:08:51,755 - nvd_autonomous - INFO - Start Talking: 3
2025-12-19 18:08:51,755 - nvd_autonomous - INFO - Move to: [35, -3]
2025-12-19 18:08:53,765 - nvd_autonomous - INFO - Robot start talking
2025-12-19 18:08:53,966 - nvd_autonomous - INFO - Start Talking: 3
2025-12-19 18:08:53,966 - nvd_autonomous - INFO - Move to: [35, -3]
2025-12-19 18:08:56,980 - nvd_autonomous - INFO - No one talking
2025-12-19 18:08:57,181 - nvd_autonomous - INFO - Start Talking: 3
2025-12-19 18:08:57,181 - nvd_autonomous - INFO - Move to: [35, -3]
2025-12-19 18:08:57,584 - nvd_autonomous - INFO - No one talking
2025-12-19 18:08:58,188 - nvd_autonomous - INFO - Start Talking: 3
2025-12-19 18:08:58,188 - nvd_autonomous - INFO - Move to: [35, -3]
2025-12-19 18:08:59,394 - nvd_autonomous - INFO - No one talking
2025-12-19 18:09:01,606 - nvd_autonomous - INFO - Start Talking: 3
2025-12-19 18:09:01,606 - nvd_autonomous - INFO - Move to: [35, -3]
2025-12-19 18:09:04,218 - nvd_autonomous - INFO - No one talking
2025-12-19 18:09:04,621 - nvd_autonomous - INFO - Start Talking: 3
2025-12-19 18:09:04,621 - nvd_autonomous - INFO - Move to: [35, -3]
2025-12-19 18:09:09,445 - nvd_autonomous - INFO - Start Talking: 3
2025-12-19 18:09:09,445 - nvd_autonomous - INFO - Move to: [35, -3]
2025-12-19 18:09:16,279 - nvd_autonomous - INFO - No one talking
2025-12-19 18:09:18,088 - nvd_autonomous - INFO - Start Talking: 0
2025-12-19 18:09:18,088 - nvd_autonomous - INFO - Move to: [-35, -3]
2025-12-19 18:09:18,490 - nvd_autonomous - INFO - No one talking
2025-12-19 18:09:19,294 - nvd_autonomous - INFO - Start Talking: 3
2025-12-19 18:09:19,295 - nvd_autonomous - INFO - Move to: [35, -3]
2025-12-19 18:09:20,299 - nvd_autonomous - INFO - No one talking
2025-12-19 18:09:21,907 - nvd_autonomous - INFO - Move pan to: 35
2025-12-19 18:09:21,907 - nvd_autonomous - INFO - Move tilt to: -3
2025-12-19 18:09:21,908 - nvd_autonomous - INFO - Start Talking: 3
2025-12-19 18:09:21,908 - nvd_autonomous - INFO - Move to: [35, -3]
2025-12-19 18:09:25,526 - nvd_autonomous - INFO - No one talking
2025-12-19 18:09:25,727 - nvd_autonomous - INFO - Start Talking: 3
2025-12-19 18:09:25,727 - nvd_autonomous - INFO - Move to: [35, -3]
2025-12-19 18:09:26,129 - nvd_autonomous - INFO - No one talking
2025-12-19 18:09:29,345 - nvd_autonomous - INFO - Start Talking: 1
2025-12-19 18:09:29,345 - nvd_autonomous - INFO - Move to: [-35, -3]
2025-12-19 18:09:31,355 - nvd_autonomous - INFO - No one talking
2025-12-19 18:09:36,984 - nvd_autonomous - INFO - Start Talking: 1
2025-12-19 18:09:36,984 - nvd_autonomous - INFO - Move to: [-35, -3]
2025-12-19 18:09:40,000 - nvd_autonomous - INFO - No one talking
2025-12-19 18:09:40,402 - nvd_autonomous - INFO - Start Talking: 1
2025-12-19 18:09:40,402 - nvd_autonomous - INFO - Move to: [-35, -3]
2025-12-19 18:09:41,005 - nvd_autonomous - INFO - No one talking
2025-12-19 18:09:42,814 - nvd_autonomous - INFO - Start Talking: 1
2025-12-19 18:09:42,814 - nvd_autonomous - INFO - Move to: [-35, -3]
2025-12-19 18:09:43,418 - nvd_autonomous - INFO - No one talking
2025-12-19 18:09:44,021 - nvd_autonomous - INFO - Start Talking: 1
2025-12-19 18:09:44,021 - nvd_autonomous - INFO - Move to: [-35, -3]
2025-12-19 18:09:45,629 - nvd_autonomous - INFO - No one talking
2025-12-19 18:09:48,443 - nvd_autonomous - INFO - Start Talking: 1
2025-12-19 18:09:48,444 - nvd_autonomous - INFO - Move to: [-35, -3]
2025-12-19 18:09:48,846 - nvd_autonomous - INFO - No one talking
2025-12-19 18:09:51,459 - nvd_autonomous - INFO - Start Talking: 1
2025-12-19 18:09:51,459 - nvd_autonomous - INFO - Move to: [-35, -3]
2025-12-19 18:09:53,268 - nvd_autonomous - INFO - Start Talking: 1
2025-12-19 18:09:53,268 - nvd_autonomous - INFO - Move to: [-35, -3]
2025-12-19 18:09:55,279 - nvd_autonomous - INFO - No one talking
2025-12-19 18:09:56,484 - nvd_autonomous - INFO - Start Talking: 1
2025-12-19 18:09:56,484 - nvd_autonomous - INFO - Move to: [-35, -3]
2025-12-19 18:09:57,087 - nvd_autonomous - INFO - No one talking
2025-12-19 18:09:57,489 - nvd_autonomous - INFO - Start Talking: 1
2025-12-19 18:09:57,489 - nvd_autonomous - INFO - Move to: [-35, -3]
2025-12-19 18:09:57,891 - nvd_autonomous - INFO - No one talking
2025-12-19 18:09:58,897 - nvd_autonomous - INFO - Start Talking: 1
2025-12-19 18:09:58,897 - nvd_autonomous - INFO - Move to: [-35, -3]
2025-12-19 18:09:59,299 - nvd_autonomous - INFO - No one talking
2025-12-19 18:10:00,906 - nvd_autonomous - INFO - Start Talking: 1
2025-12-19 18:10:00,906 - nvd_autonomous - INFO - Move to: [-35, -3]
2025-12-19 18:10:02,313 - nvd_autonomous - INFO - No one talking
2025-12-19 18:10:05,931 - nvd_autonomous - INFO - Start Talking: 1
2025-12-19 18:10:05,931 - nvd_autonomous - INFO - Move to: [-35, -3]
2025-12-19 18:10:07,338 - nvd_autonomous - INFO - No one talking
2025-12-19 18:10:09,550 - nvd_autonomous - INFO - Start Talking: 1
2025-12-19 18:10:09,551 - nvd_autonomous - INFO - Move to: [-35, -3]
2025-12-19 18:10:10,355 - nvd_autonomous - INFO - Start Talking: 1
2025-12-19 18:10:10,355 - nvd_autonomous - INFO - Move to: [-35, -3]
2025-12-19 18:10:11,159 - nvd_autonomous - INFO - Start Talking: 1
2025-12-19 18:10:11,159 - nvd_autonomous - INFO - Move to: [-35, -3]
2025-12-19 18:10:14,980 - nvd_autonomous - INFO - No one talking
2025-12-19 18:10:16,186 - nvd_autonomous - INFO - Start Talking: 1
2025-12-19 18:10:16,187 - nvd_autonomous - INFO - Move to: [-35, -3]
2025-12-19 18:10:16,790 - nvd_autonomous - INFO - Start Talking: 1
2025-12-19 18:10:16,790 - nvd_autonomous - INFO - Move to: [-35, -3]
2025-12-19 18:10:19,806 - nvd_autonomous - INFO - Move pan to: 0
2025-12-19 18:10:19,806 - nvd_autonomous - INFO - Move tilt to: -3
2025-12-19 18:10:19,807 - nvd_autonomous - INFO - Set image to: blink.gif
2025-12-19 18:10:19,809 - nvd_autonomous - INFO - Set icon to: black.png
2025-12-19 18:10:20,011 - nvd_autonomous - INFO - No one talking
2025-12-19 18:10:20,413 - nvd_autonomous - INFO - Start Talking: 1
2025-12-19 18:10:20,413 - nvd_autonomous - INFO - Move to: [-35, -3]
2025-12-19 18:10:21,016 - nvd_autonomous - INFO - No one talking
2025-12-19 18:10:22,423 - nvd_autonomous - INFO - Start Talking: 1
2025-12-19 18:10:22,423 - nvd_autonomous - INFO - Move to: [-35, -3]
2025-12-19 18:10:24,233 - nvd_autonomous - INFO - No one talking
2025-12-19 18:10:24,434 - nvd_autonomous - INFO - Start Talking: 1
2025-12-19 18:10:24,434 - nvd_autonomous - INFO - Move to: [-35, -3]
2025-12-19 18:10:24,837 - nvd_autonomous - INFO - Start Talking: 1
2025-12-19 18:10:24,838 - nvd_autonomous - INFO - Move to: [-35, -3]
2025-12-19 18:10:30,870 - nvd_autonomous - INFO - No one talking
2025-12-19 18:10:31,071 - nvd_autonomous - INFO - Start Talking: 1
2025-12-19 18:10:31,071 - nvd_autonomous - INFO - Move to: [-35, -3]
2025-12-19 18:10:34,087 - nvd_autonomous - INFO - Start Talking: 1
2025-12-19 18:10:34,087 - nvd_autonomous - INFO - Move to: [-35, -3]
2025-12-19 18:10:34,489 - nvd_autonomous - INFO - No one talking
2025-12-19 18:10:35,494 - nvd_autonomous - INFO - Start Talking: 1
2025-12-19 18:10:35,494 - nvd_autonomous - INFO - Move to: [-35, -3]
2025-12-19 18:10:35,896 - nvd_autonomous - INFO - No one talking
2025-12-19 18:10:36,901 - nvd_autonomous - INFO - Start Talking: 1
2025-12-19 18:10:36,901 - nvd_autonomous - INFO - Move to: [-35, -3]
2025-12-19 18:10:39,313 - nvd_autonomous - INFO - No one talking
2025-12-19 18:10:39,916 - nvd_autonomous - INFO - Start Talking: 1
2025-12-19 18:10:39,916 - nvd_autonomous - INFO - Move to: [-35, -3]
2025-12-19 18:10:40,318 - nvd_autonomous - INFO - No one talking
2025-12-19 18:10:43,333 - nvd_autonomous - INFO - Start Talking: 1
2025-12-19 18:10:43,333 - nvd_autonomous - INFO - Move to: [-35, -3]
2025-12-19 18:10:47,554 - nvd_autonomous - INFO - No one talking
2025-12-19 18:10:48,962 - nvd_autonomous - INFO - Start Talking: 1
2025-12-19 18:10:48,962 - nvd_autonomous - INFO - Move to: [-35, -3]
2025-12-19 18:10:50,572 - nvd_autonomous - INFO - Start Talking: 1
2025-12-19 18:10:50,572 - nvd_autonomous - INFO - Move to: [-35, -3]
2025-12-19 18:10:50,973 - nvd_autonomous - INFO - No one talking
2025-12-19 18:10:54,792 - nvd_autonomous - INFO - Start Talking: 1
2025-12-19 18:10:54,792 - nvd_autonomous - INFO - Move to: [-35, -3]
2025-12-19 18:10:58,811 - nvd_autonomous - INFO - No one talking
2025-12-19 18:10:59,816 - nvd_autonomous - INFO - Start Talking: 1
2025-12-19 18:10:59,816 - nvd_autonomous - INFO - Move to: [-35, -3]
2025-12-19 18:11:01,826 - nvd_autonomous - INFO - No one talking
2025-12-19 18:11:02,027 - nvd_autonomous - INFO - Start Talking: 1
2025-12-19 18:11:02,027 - nvd_autonomous - INFO - Move to: [-35, -3]
2025-12-19 18:11:05,243 - nvd_autonomous - INFO - No one talking
2025-12-19 18:11:05,444 - nvd_autonomous - INFO - Start Talking: 1
2025-12-19 18:11:05,444 - nvd_autonomous - INFO - Move to: [-35, -3]
2025-12-19 18:11:05,847 - nvd_autonomous - INFO - No one talking
2025-12-19 18:11:06,249 - nvd_autonomous - INFO - Start Talking: 1
2025-12-19 18:11:06,250 - nvd_autonomous - INFO - Move to: [-35, -3]
2025-12-19 18:11:08,461 - nvd_autonomous - INFO - No one talking
2025-12-19 18:11:09,064 - nvd_autonomous - INFO - Start Talking: 1
2025-12-19 18:11:09,064 - nvd_autonomous - INFO - Move to: [-35, -3]
2025-12-19 18:11:10,472 - nvd_autonomous - INFO - Start Talking: 1
2025-12-19 18:11:10,472 - nvd_autonomous - INFO - Move to: [-35, -3]
2025-12-19 18:11:10,874 - nvd_autonomous - INFO - No one talking
2025-12-19 18:11:11,075 - nvd_autonomous - INFO - Start Talking: 1
2025-12-19 18:11:11,075 - nvd_autonomous - INFO - Move to: [-35, -3]
2025-12-19 18:11:18,109 - nvd_autonomous - INFO - Backchanneling to: [-35, -3]
2025-12-19 18:11:22,331 - nvd_autonomous - INFO - Start Talking: 3
2025-12-19 18:11:22,332 - nvd_autonomous - INFO - Move to: [35, -3]
2025-12-19 18:11:26,353 - nvd_autonomous - INFO - Start Talking: 1
2025-12-19 18:11:26,353 - nvd_autonomous - INFO - Move to: [-35, -3]
2025-12-19 18:11:27,961 - nvd_autonomous - INFO - Start Talking: 3
2025-12-19 18:11:27,961 - nvd_autonomous - INFO - Move to: [35, -3]
2025-12-19 18:11:31,980 - nvd_autonomous - INFO - Move pan to: 35
2025-12-19 18:11:31,980 - nvd_autonomous - INFO - Move tilt to: -3
2025-12-19 18:11:32,786 - nvd_autonomous - INFO - Start Talking: 1
2025-12-19 18:11:32,786 - nvd_autonomous - INFO - Move to: [-35, -3]
2025-12-19 18:11:36,405 - nvd_autonomous - INFO - No one talking
2025-12-19 18:11:38,415 - nvd_autonomous - INFO - Start Talking: 1
2025-12-19 18:11:38,415 - nvd_autonomous - INFO - Move to: [-35, -3]
2025-12-19 18:11:42,033 - nvd_autonomous - INFO - Start Talking: 1
2025-12-19 18:11:42,033 - nvd_autonomous - INFO - Move to: [-35, -3]
2025-12-19 18:11:49,069 - nvd_autonomous - INFO - Backchanneling to: [-35, -3]
2025-12-19 18:11:56,105 - nvd_autonomous - INFO - Backchanneling to: [-35, -3]
2025-12-19 18:12:03,140 - nvd_autonomous - INFO - Backchanneling to: [-35, -3]
2025-12-19 18:12:06,558 - nvd_autonomous - INFO - No one talking
2025-12-19 18:12:07,362 - nvd_autonomous - INFO - Start Talking: 1
2025-12-19 18:12:07,362 - nvd_autonomous - INFO - Move to: [-35, -3]
2025-12-19 18:12:09,773 - nvd_autonomous - INFO - No one talking
2025-12-19 18:12:11,984 - nvd_autonomous - INFO - Start Talking: 3
2025-12-19 18:12:11,985 - nvd_autonomous - INFO - Move to: [35, -3]
2025-12-19 18:12:12,990 - nvd_autonomous - INFO - Start Talking: 0
2025-12-19 18:12:12,990 - nvd_autonomous - INFO - Move to: [-35, -3]
2025-12-19 18:12:13,794 - nvd_autonomous - INFO - Start Talking: 1
2025-12-19 18:12:13,795 - nvd_autonomous - INFO - Move to: [-35, -3]
2025-12-19 18:12:14,197 - nvd_autonomous - INFO - Move pan to: 35
2025-12-19 18:12:14,197 - nvd_autonomous - INFO - Move tilt to: -3
2025-12-19 18:12:15,805 - nvd_autonomous - INFO - No one talking
2025-12-19 18:12:17,814 - nvd_autonomous - INFO - Start Talking: 0
2025-12-19 18:12:17,814 - nvd_autonomous - INFO - Move to: [-35, -3]
2025-12-19 18:12:21,434 - nvd_autonomous - INFO - No one talking
2025-12-19 18:12:23,243 - nvd_autonomous - INFO - Start Talking: 0
2025-12-19 18:12:23,243 - nvd_autonomous - INFO - Move to: [-35, -3]
2025-12-19 18:12:23,845 - nvd_autonomous - INFO - No one talking
2025-12-19 18:12:24,046 - nvd_autonomous - INFO - Start Talking: 0
2025-12-19 18:12:24,046 - nvd_autonomous - INFO - Move to: [-35, -3]
2025-12-19 18:12:24,850 - nvd_autonomous - INFO - No one talking
2025-12-19 18:12:25,453 - nvd_autonomous - INFO - Start Talking: 0
2025-12-19 18:12:25,453 - nvd_autonomous - INFO - Move to: [-35, -3]
2025-12-19 18:12:25,855 - nvd_autonomous - INFO - No one talking
2025-12-19 18:12:26,056 - nvd_autonomous - INFO - Start Talking: 0
2025-12-19 18:12:26,057 - nvd_autonomous - INFO - Move to: [-35, -3]
2025-12-19 18:12:28,468 - nvd_autonomous - INFO - Start Talking: 0
2025-12-19 18:12:28,468 - nvd_autonomous - INFO - Move to: [-35, -3]
2025-12-19 18:12:29,876 - nvd_autonomous - INFO - Start Talking: 0
2025-12-19 18:12:29,876 - nvd_autonomous - INFO - Move to: [-35, -3]
2025-12-19 18:12:30,279 - nvd_autonomous - INFO - No one talking
2025-12-19 18:12:38,520 - nvd_autonomous - INFO - Robot start talking
2025-12-19 18:12:38,722 - nvd_autonomous - INFO - Robot start talking
2025-12-19 18:12:38,923 - nvd_autonomous - INFO - Robot start talking
2025-12-19 18:12:39,124 - nvd_autonomous - INFO - Robot start talking
2025-12-19 18:12:39,325 - nvd_autonomous - INFO - Robot start talking
2025-12-19 18:12:39,728 - nvd_autonomous - INFO - No one talking
2025-12-19 18:12:40,532 - nvd_autonomous - INFO - Robot start talking
2025-12-19 18:12:40,733 - nvd_autonomous - INFO - Robot start talking
2025-12-19 18:12:40,934 - nvd_autonomous - INFO - Robot start talking
2025-12-19 18:12:41,135 - nvd_autonomous - INFO - Robot start talking
2025-12-19 18:12:41,337 - nvd_autonomous - INFO - Robot start talking
2025-12-19 18:12:41,538 - nvd_autonomous - INFO - Robot start talking
2025-12-19 18:12:41,739 - nvd_autonomous - INFO - Robot start talking
2025-12-19 18:12:41,940 - nvd_autonomous - INFO - Robot start talking
2025-12-19 18:12:42,141 - nvd_autonomous - INFO - Robot start talking
2025-12-19 18:12:42,342 - nvd_autonomous - INFO - Robot start talking
2025-12-19 18:12:42,543 - nvd_autonomous - INFO - Robot start talking
2025-12-19 18:12:42,744 - nvd_autonomous - INFO - Robot start talking
2025-12-19 18:12:42,945 - nvd_autonomous - INFO - Robot start talking
2025-12-19 18:12:43,146 - nvd_autonomous - INFO - Robot start talking
2025-12-19 18:12:43,347 - nvd_autonomous - INFO - Robot start talking
2025-12-19 18:12:43,548 - nvd_autonomous - INFO - Robot start talking
2025-12-19 18:12:43,749 - nvd_autonomous - INFO - Robot start talking
2025-12-19 18:12:43,950 - nvd_autonomous - INFO - Robot start talking
2025-12-19 18:12:44,152 - nvd_autonomous - INFO - Robot start talking
2025-12-19 18:12:44,353 - nvd_autonomous - INFO - Robot start talking
2025-12-19 18:12:44,555 - nvd_autonomous - INFO - Robot start talking
2025-12-19 18:12:44,756 - nvd_autonomous - INFO - Robot start talking
2025-12-19 18:12:44,957 - nvd_autonomous - INFO - Robot start talking
2025-12-19 18:12:45,158 - nvd_autonomous - INFO - Robot start talking
2025-12-19 18:12:45,359 - nvd_autonomous - INFO - Robot start talking
2025-12-19 18:12:45,560 - nvd_autonomous - INFO - Robot start talking
2025-12-19 18:12:45,761 - nvd_autonomous - INFO - Robot start talking
2025-12-19 18:12:45,962 - nvd_autonomous - INFO - Robot start talking
2025-12-19 18:12:46,163 - nvd_autonomous - INFO - Robot start talking
2025-12-19 18:12:46,364 - nvd_autonomous - INFO - Robot start talking
2025-12-19 18:12:46,566 - nvd_autonomous - INFO - Robot start talking
2025-12-19 18:12:46,767 - nvd_autonomous - INFO - Robot start talking
2025-12-19 18:12:46,968 - nvd_autonomous - INFO - Robot start talking
2025-12-19 18:12:47,169 - nvd_autonomous - INFO - Robot start talking
2025-12-19 18:12:47,370 - nvd_autonomous - INFO - Robot start talking
2025-12-19 18:12:47,571 - nvd_autonomous - INFO - Robot start talking
2025-12-19 18:12:47,772 - nvd_autonomous - INFO - Robot start talking
2025-12-19 18:12:47,973 - nvd_autonomous - INFO - Robot start talking
2025-12-19 18:12:48,174 - nvd_autonomous - INFO - Robot start talking
2025-12-19 18:12:48,375 - nvd_autonomous - INFO - Robot start talking
2025-12-19 18:12:48,576 - nvd_autonomous - INFO - Robot start talking
2025-12-19 18:12:48,777 - nvd_autonomous - INFO - Robot start talking
2025-12-19 18:12:48,978 - nvd_autonomous - INFO - Robot start talking
2025-12-19 18:12:49,179 - nvd_autonomous - INFO - Robot start talking
2025-12-19 18:12:49,380 - nvd_autonomous - INFO - Robot start talking
2025-12-19 18:12:49,581 - nvd_autonomous - INFO - Robot start talking
2025-12-19 18:12:49,782 - nvd_autonomous - INFO - Robot start talking
2025-12-19 18:12:49,984 - nvd_autonomous - INFO - Robot start talking
2025-12-19 18:12:50,185 - nvd_autonomous - INFO - Robot start talking
2025-12-19 18:12:50,386 - nvd_autonomous - INFO - Robot start talking
2025-12-19 18:12:50,587 - nvd_autonomous - INFO - Robot start talking
2025-12-19 18:12:50,788 - nvd_autonomous - INFO - Robot start talking
2025-12-19 18:12:50,989 - nvd_autonomous - INFO - Robot start talking
2025-12-19 18:12:51,190 - nvd_autonomous - INFO - Robot start talking
2025-12-19 18:12:51,392 - nvd_autonomous - INFO - Robot start talking
2025-12-19 18:12:51,593 - nvd_autonomous - INFO - Robot start talking
2025-12-19 18:12:51,794 - nvd_autonomous - INFO - Robot start talking
2025-12-19 18:12:51,995 - nvd_autonomous - INFO - Robot start talking
2025-12-19 18:12:52,196 - nvd_autonomous - INFO - Robot start talking
2025-12-19 18:12:52,397 - nvd_autonomous - INFO - Robot start talking
2025-12-19 18:12:52,598 - nvd_autonomous - INFO - Robot start talking
2025-12-19 18:12:52,799 - nvd_autonomous - INFO - Robot start talking
2025-12-19 18:12:53,000 - nvd_autonomous - INFO - Robot start talking
2025-12-19 18:12:53,201 - nvd_autonomous - INFO - Robot start talking
2025-12-19 18:12:53,403 - nvd_autonomous - INFO - Robot start talking
2025-12-19 18:12:53,604 - nvd_autonomous - INFO - Robot start talking
2025-12-19 18:12:53,805 - nvd_autonomous - INFO - Robot start talking
2025-12-19 18:12:54,006 - nvd_autonomous - INFO - Robot start talking
2025-12-19 18:12:54,207 - nvd_autonomous - INFO - Robot start talking
2025-12-19 18:12:54,408 - nvd_autonomous - INFO - Robot start talking
2025-12-19 18:12:54,609 - nvd_autonomous - INFO - Robot start talking
2025-12-19 18:12:54,810 - nvd_autonomous - INFO - Robot start talking
2025-12-19 18:12:55,011 - nvd_autonomous - INFO - Robot start talking
2025-12-19 18:12:55,212 - nvd_autonomous - INFO - Robot start talking
2025-12-19 18:12:55,413 - nvd_autonomous - INFO - Robot start talking
2025-12-19 18:12:55,614 - nvd_autonomous - INFO - Robot start talking
2025-12-19 18:12:55,815 - nvd_autonomous - INFO - Robot start talking
2025-12-19 18:12:56,016 - nvd_autonomous - INFO - Robot start talking
2025-12-19 18:12:56,218 - nvd_autonomous - INFO - Robot start talking
2025-12-19 18:12:56,419 - nvd_autonomous - INFO - Robot start talking
2025-12-19 18:12:56,620 - nvd_autonomous - INFO - Robot start talking
2025-12-19 18:12:56,821 - nvd_autonomous - INFO - Robot start talking
2025-12-19 18:12:57,022 - nvd_autonomous - INFO - Robot start talking
2025-12-19 18:12:57,224 - nvd_autonomous - INFO - Robot start talking
2025-12-19 18:12:57,425 - nvd_autonomous - INFO - Robot start talking
2025-12-19 18:12:57,626 - nvd_autonomous - INFO - Robot start talking
2025-12-19 18:12:57,827 - nvd_autonomous - INFO - Robot start talking
2025-12-19 18:12:58,028 - nvd_autonomous - INFO - Robot start talking
2025-12-19 18:12:58,229 - nvd_autonomous - INFO - Robot start talking
2025-12-19 18:12:58,430 - nvd_autonomous - INFO - Robot start talking
2025-12-19 18:12:58,631 - nvd_autonomous - INFO - Robot start talking
2025-12-19 18:12:58,832 - nvd_autonomous - INFO - Robot start talking
2025-12-19 18:12:59,034 - nvd_autonomous - INFO - Robot start talking
2025-12-19 18:12:59,234 - nvd_autonomous - INFO - Robot start talking
2025-12-19 18:12:59,436 - nvd_autonomous - INFO - Robot start talking
2025-12-19 18:12:59,636 - nvd_autonomous - INFO - Robot start talking
2025-12-19 18:12:59,837 - nvd_autonomous - INFO - Robot start talking
2025-12-19 18:13:00,038 - nvd_autonomous - INFO - Robot start talking
2025-12-19 18:13:00,239 - nvd_autonomous - INFO - Robot start talking
2025-12-19 18:13:00,440 - nvd_autonomous - INFO - Robot start talking
2025-12-19 18:13:00,642 - nvd_autonomous - INFO - Robot start talking
2025-12-19 18:13:00,843 - nvd_autonomous - INFO - Robot start talking
2025-12-19 18:13:01,044 - nvd_autonomous - INFO - Robot start talking
2025-12-19 18:13:01,245 - nvd_autonomous - INFO - Robot start talking
2025-12-19 18:13:01,446 - nvd_autonomous - INFO - Robot start talking
2025-12-19 18:13:01,647 - nvd_autonomous - INFO - Robot start talking
2025-12-19 18:13:01,848 - nvd_autonomous - INFO - Start Talking: 1
2025-12-19 18:13:01,849 - nvd_autonomous - INFO - Move to: [-35, -3]
2025-12-19 18:13:02,050 - nvd_autonomous - INFO - Robot start talking
2025-12-19 18:13:02,251 - nvd_autonomous - INFO - Robot start talking
2025-12-19 18:13:02,452 - nvd_autonomous - INFO - Robot start talking
2025-12-19 18:13:02,653 - nvd_autonomous - INFO - Robot start talking
2025-12-19 18:13:02,855 - nvd_autonomous - INFO - Robot start talking
2025-12-19 18:13:03,056 - nvd_autonomous - INFO - Robot start talking
2025-12-19 18:13:03,257 - nvd_autonomous - INFO - Robot start talking
2025-12-19 18:13:03,458 - nvd_autonomous - INFO - Robot start talking
2025-12-19 18:13:03,860 - nvd_autonomous - INFO - No one talking
2025-12-19 18:13:08,081 - nvd_autonomous - INFO - Start Talking: 1
2025-12-19 18:13:08,081 - nvd_autonomous - INFO - Move to: [-35, -3]
2025-12-19 18:13:11,901 - nvd_autonomous - INFO - Start Talking: 3
2025-12-19 18:13:11,901 - nvd_autonomous - INFO - Move to: [35, -3]
2025-12-19 18:13:12,906 - nvd_autonomous - INFO - Start Talking: 1
2025-12-19 18:13:12,906 - nvd_autonomous - INFO - Move to: [-35, -3]
2025-12-19 18:13:15,520 - nvd_autonomous - INFO - Start Talking: 0
2025-12-19 18:13:15,520 - nvd_autonomous - INFO - Move to: [-35, -3]
2025-12-19 18:13:17,128 - nvd_autonomous - INFO - Start Talking: 1
2025-12-19 18:13:17,128 - nvd_autonomous - INFO - Move to: [-35, -3]
2025-12-19 18:13:21,550 - nvd_autonomous - INFO - No one talking
2025-12-19 18:13:23,158 - nvd_autonomous - INFO - Start Talking: 1
2025-12-19 18:13:23,158 - nvd_autonomous - INFO - Move to: [-35, -3]
2025-12-19 18:13:25,569 - nvd_autonomous - INFO - Start Talking: 1
2025-12-19 18:13:25,569 - nvd_autonomous - INFO - Move to: [-35, -3]
2025-12-19 18:13:25,971 - nvd_autonomous - INFO - No one talking
2025-12-19 18:13:27,581 - nvd_autonomous - INFO - Start Talking: 0
2025-12-19 18:13:27,581 - nvd_autonomous - INFO - Move to: [-35, -3]
2025-12-19 18:13:27,983 - nvd_autonomous - INFO - Start Talking: 3
2025-12-19 18:13:27,983 - nvd_autonomous - INFO - Move to: [35, -3]
2025-12-19 18:13:31,601 - nvd_autonomous - INFO - Start Talking: 1
2025-12-19 18:13:31,602 - nvd_autonomous - INFO - Move to: [-35, -3]
2025-12-19 18:13:31,803 - nvd_autonomous - INFO - Start Talking: 3
2025-12-19 18:13:31,803 - nvd_autonomous - INFO - Move to: [35, -3]
2025-12-19 18:13:32,004 - nvd_autonomous - INFO - Start Talking: 1
2025-12-19 18:13:32,004 - nvd_autonomous - INFO - Move to: [-35, -3]
2025-12-19 18:13:34,819 - nvd_autonomous - INFO - No one talking
2025-12-19 18:13:36,026 - nvd_autonomous - INFO - Start Talking: 1
2025-12-19 18:13:36,026 - nvd_autonomous - INFO - Move to: [-35, -3]
2025-12-19 18:13:37,032 - nvd_autonomous - INFO - Start Talking: 1
2025-12-19 18:13:37,032 - nvd_autonomous - INFO - Move to: [-35, -3]
2025-12-19 18:13:37,434 - nvd_autonomous - INFO - No one talking
2025-12-19 18:13:38,037 - nvd_autonomous - INFO - Start Talking: 1
2025-12-19 18:13:38,037 - nvd_autonomous - INFO - Move to: [-35, -3]
2025-12-19 18:13:38,439 - nvd_autonomous - INFO - No one talking
2025-12-19 18:13:42,863 - nvd_autonomous - INFO - Start Talking: 1
2025-12-19 18:13:42,863 - nvd_autonomous - INFO - Move to: [-35, -3]
2025-12-19 18:13:43,466 - nvd_autonomous - INFO - Start Talking: 1
2025-12-19 18:13:43,466 - nvd_autonomous - INFO - Move to: [-35, -3]
2025-12-19 18:13:44,069 - nvd_autonomous - INFO - No one talking
2025-12-19 18:13:57,938 - nvd_autonomous - INFO - Robot start talking
2025-12-19 18:13:58,139 - nvd_autonomous - INFO - Robot start talking
2025-12-19 18:13:58,340 - nvd_autonomous - INFO - Robot start talking
2025-12-19 18:13:58,542 - nvd_autonomous - INFO - Robot start talking
2025-12-19 18:13:58,743 - nvd_autonomous - INFO - Robot start talking
2025-12-19 18:13:58,945 - nvd_autonomous - INFO - Robot start talking
2025-12-19 18:13:59,146 - nvd_autonomous - INFO - Robot start talking
2025-12-19 18:13:59,347 - nvd_autonomous - INFO - Robot start talking
2025-12-19 18:13:59,548 - nvd_autonomous - INFO - Robot start talking
2025-12-19 18:13:59,749 - nvd_autonomous - INFO - Robot start talking
2025-12-19 18:13:59,950 - nvd_autonomous - INFO - Robot start talking
2025-12-19 18:14:00,151 - nvd_autonomous - INFO - Robot start talking
2025-12-19 18:14:00,352 - nvd_autonomous - INFO - Robot start talking
2025-12-19 18:14:00,554 - nvd_autonomous - INFO - Robot start talking
2025-12-19 18:14:00,755 - nvd_autonomous - INFO - Robot start talking
2025-12-19 18:14:00,956 - nvd_autonomous - INFO - Robot start talking
2025-12-19 18:14:01,157 - nvd_autonomous - INFO - Robot start talking
2025-12-19 18:14:01,358 - nvd_autonomous - INFO - Robot start talking
2025-12-19 18:14:01,559 - nvd_autonomous - INFO - Robot start talking
2025-12-19 18:14:01,760 - nvd_autonomous - INFO - Robot start talking
2025-12-19 18:14:01,961 - nvd_autonomous - INFO - Robot start talking
2025-12-19 18:14:02,162 - nvd_autonomous - INFO - Start Talking: 0
2025-12-19 18:14:02,162 - nvd_autonomous - INFO - Move to: [-35, -3]
2025-12-19 18:14:02,363 - nvd_autonomous - INFO - Robot start talking
2025-12-19 18:14:02,565 - nvd_autonomous - INFO - Robot start talking
2025-12-19 18:14:02,766 - nvd_autonomous - INFO - Robot start talking
2025-12-19 18:14:02,967 - nvd_autonomous - INFO - Robot start talking
2025-12-19 18:14:03,168 - nvd_autonomous - INFO - Robot start talking
2025-12-19 18:14:03,369 - nvd_autonomous - INFO - Robot start talking
2025-12-19 18:14:03,570 - nvd_autonomous - INFO - Robot start talking
2025-12-19 18:14:03,771 - nvd_autonomous - INFO - Robot start talking
2025-12-19 18:14:03,972 - nvd_autonomous - INFO - Robot start talking
2025-12-19 18:14:04,173 - nvd_autonomous - INFO - Robot start talking
2025-12-19 18:14:04,374 - nvd_autonomous - INFO - Robot start talking
2025-12-19 18:14:04,576 - nvd_autonomous - INFO - Robot start talking
2025-12-19 18:14:04,777 - nvd_autonomous - INFO - Robot start talking
2025-12-19 18:14:04,978 - nvd_autonomous - INFO - Robot start talking
2025-12-19 18:14:05,179 - nvd_autonomous - INFO - Robot start talking
2025-12-19 18:14:05,380 - nvd_autonomous - INFO - Robot start talking
2025-12-19 18:14:05,581 - nvd_autonomous - INFO - Robot start talking
2025-12-19 18:14:05,782 - nvd_autonomous - INFO - Robot start talking
2025-12-19 18:14:05,983 - nvd_autonomous - INFO - Robot start talking
2025-12-19 18:14:06,185 - nvd_autonomous - INFO - Robot start talking
2025-12-19 18:14:06,386 - nvd_autonomous - INFO - Robot start talking
2025-12-19 18:14:06,587 - nvd_autonomous - INFO - Robot start talking
2025-12-19 18:14:06,789 - nvd_autonomous - INFO - Robot start talking
2025-12-19 18:14:06,990 - nvd_autonomous - INFO - Robot start talking
2025-12-19 18:14:07,191 - nvd_autonomous - INFO - Robot start talking
2025-12-19 18:14:07,392 - nvd_autonomous - INFO - Robot start talking
2025-12-19 18:14:07,593 - nvd_autonomous - INFO - Robot start talking
2025-12-19 18:14:07,794 - nvd_autonomous - INFO - Robot start talking
2025-12-19 18:14:07,995 - nvd_autonomous - INFO - Robot start talking
2025-12-19 18:14:08,196 - nvd_autonomous - INFO - Robot start talking
2025-12-19 18:14:08,398 - nvd_autonomous - INFO - Robot start talking
2025-12-19 18:14:08,599 - nvd_autonomous - INFO - Robot start talking
2025-12-19 18:14:08,800 - nvd_autonomous - INFO - Robot start talking
2025-12-19 18:14:09,001 - nvd_autonomous - INFO - Robot start talking
2025-12-19 18:14:09,201 - nvd_autonomous - INFO - Robot start talking
2025-12-19 18:14:09,402 - nvd_autonomous - INFO - Robot start talking
2025-12-19 18:14:09,603 - nvd_autonomous - INFO - Robot start talking
2025-12-19 18:14:09,805 - nvd_autonomous - INFO - Robot start talking
2025-12-19 18:14:10,006 - nvd_autonomous - INFO - Robot start talking
2025-12-19 18:14:10,207 - nvd_autonomous - INFO - Robot start talking
2025-12-19 18:14:10,408 - nvd_autonomous - INFO - Robot start talking
2025-12-19 18:14:10,609 - nvd_autonomous - INFO - Robot start talking
2025-12-19 18:14:10,810 - nvd_autonomous - INFO - Robot start talking
2025-12-19 18:14:11,011 - nvd_autonomous - INFO - Robot start talking
2025-12-19 18:14:11,212 - nvd_autonomous - INFO - Robot start talking
2025-12-19 18:14:11,413 - nvd_autonomous - INFO - Robot start talking
2025-12-19 18:14:11,614 - nvd_autonomous - INFO - Robot start talking
2025-12-19 18:14:11,815 - nvd_autonomous - INFO - Robot start talking
2025-12-19 18:14:12,016 - nvd_autonomous - INFO - Robot start talking
2025-12-19 18:14:12,217 - nvd_autonomous - INFO - Robot start talking
2025-12-19 18:14:12,418 - nvd_autonomous - INFO - Robot start talking
2025-12-19 18:14:12,619 - nvd_autonomous - INFO - Robot start talking
2025-12-19 18:14:12,820 - nvd_autonomous - INFO - Robot start talking
2025-12-19 18:14:13,021 - nvd_autonomous - INFO - Robot start talking
2025-12-19 18:14:13,222 - nvd_autonomous - INFO - Robot start talking
2025-12-19 18:14:13,423 - nvd_autonomous - INFO - Robot start talking
2025-12-19 18:14:13,624 - nvd_autonomous - INFO - Robot start talking
2025-12-19 18:14:13,825 - nvd_autonomous - INFO - Robot start talking
2025-12-19 18:14:14,026 - nvd_autonomous - INFO - Robot start talking
2025-12-19 18:14:14,227 - nvd_autonomous - INFO - Robot start talking
2025-12-19 18:14:14,428 - nvd_autonomous - INFO - Robot start talking
2025-12-19 18:14:14,629 - nvd_autonomous - INFO - Robot start talking
2025-12-19 18:14:14,830 - nvd_autonomous - INFO - Robot start talking
2025-12-19 18:14:15,031 - nvd_autonomous - INFO - Robot start talking
2025-12-19 18:14:15,232 - nvd_autonomous - INFO - Robot start talking
2025-12-19 18:14:15,433 - nvd_autonomous - INFO - Robot start talking
2025-12-19 18:14:15,634 - nvd_autonomous - INFO - Robot start talking
2025-12-19 18:14:15,835 - nvd_autonomous - INFO - Robot start talking
2025-12-19 18:14:16,036 - nvd_autonomous - INFO - Robot start talking
2025-12-19 18:14:16,237 - nvd_autonomous - INFO - Robot start talking
2025-12-19 18:14:16,438 - nvd_autonomous - INFO - Robot start talking
2025-12-19 18:14:16,640 - nvd_autonomous - INFO - Robot start talking
2025-12-19 18:14:16,840 - nvd_autonomous - INFO - Robot start talking
2025-12-19 18:14:17,041 - nvd_autonomous - INFO - Robot start talking
2025-12-19 18:14:17,242 - nvd_autonomous - INFO - Robot start talking
2025-12-19 18:14:17,645 - nvd_autonomous - INFO - No one talking
2025-12-19 18:14:18,850 - nvd_autonomous - INFO - Start Talking: 1
2025-12-19 18:14:18,850 - nvd_autonomous - INFO - Move to: [-35, -3]
2025-12-19 18:14:20,659 - nvd_autonomous - INFO - Robot start talking
2025-12-19 18:14:20,860 - nvd_autonomous - INFO - Robot start talking
2025-12-19 18:14:21,061 - nvd_autonomous - INFO - Robot start talking
2025-12-19 18:14:21,262 - nvd_autonomous - INFO - Robot start talking
2025-12-19 18:14:21,463 - nvd_autonomous - INFO - Robot start talking
2025-12-19 18:14:21,664 - nvd_autonomous - INFO - Robot start talking
2025-12-19 18:14:21,865 - nvd_autonomous - INFO - Robot start talking
2025-12-19 18:14:22,066 - nvd_autonomous - INFO - Robot start talking
2025-12-19 18:14:22,267 - nvd_autonomous - INFO - Robot start talking
2025-12-19 18:14:22,468 - nvd_autonomous - INFO - Robot start talking
2025-12-19 18:14:22,669 - nvd_autonomous - INFO - Robot start talking
2025-12-19 18:14:22,870 - nvd_autonomous - INFO - Robot start talking
2025-12-19 18:14:23,072 - nvd_autonomous - INFO - Robot start talking
2025-12-19 18:14:23,273 - nvd_autonomous - INFO - Start Talking: 3
2025-12-19 18:14:23,273 - nvd_autonomous - INFO - Move to: [35, -3]
2025-12-19 18:14:23,475 - nvd_autonomous - INFO - Robot start talking
2025-12-19 18:14:23,675 - nvd_autonomous - INFO - Robot start talking
2025-12-19 18:14:23,876 - nvd_autonomous - INFO - Robot start talking
2025-12-19 18:14:24,077 - nvd_autonomous - INFO - Robot start talking
2025-12-19 18:14:24,279 - nvd_autonomous - INFO - Robot start talking
2025-12-19 18:14:24,479 - nvd_autonomous - INFO - Robot start talking
2025-12-19 18:14:24,680 - nvd_autonomous - INFO - Robot start talking
2025-12-19 18:14:24,882 - nvd_autonomous - INFO - Robot start talking
2025-12-19 18:14:25,083 - nvd_autonomous - INFO - Robot start talking
2025-12-19 18:14:25,284 - nvd_autonomous - INFO - Robot start talking
2025-12-19 18:14:25,485 - nvd_autonomous - INFO - Start Talking: 3
2025-12-19 18:14:25,486 - nvd_autonomous - INFO - Move to: [35, -3]
2025-12-19 18:14:26,491 - nvd_autonomous - INFO - No one talking
2025-12-19 18:14:31,317 - nvd_autonomous - INFO - Robot start talking
2025-12-19 18:14:31,519 - nvd_autonomous - INFO - Robot start talking
2025-12-19 18:14:31,720 - nvd_autonomous - INFO - Robot start talking
2025-12-19 18:14:31,921 - nvd_autonomous - INFO - Robot start talking
2025-12-19 18:14:32,323 - nvd_autonomous - INFO - No one talking
2025-12-19 18:14:33,127 - nvd_autonomous - INFO - Robot start talking
2025-12-19 18:14:33,328 - nvd_autonomous - INFO - Robot start talking
2025-12-19 18:14:33,529 - nvd_autonomous - INFO - Robot start talking
2025-12-19 18:14:33,730 - nvd_autonomous - INFO - Robot start talking
2025-12-19 18:14:33,931 - nvd_autonomous - INFO - Robot start talking
2025-12-19 18:14:34,132 - nvd_autonomous - INFO - Robot start talking
2025-12-19 18:14:34,333 - nvd_autonomous - INFO - Robot start talking
2025-12-19 18:14:34,534 - nvd_autonomous - INFO - Robot start talking
2025-12-19 18:14:34,736 - nvd_autonomous - INFO - Robot start talking
2025-12-19 18:14:34,937 - nvd_autonomous - INFO - Robot start talking
2025-12-19 18:14:35,138 - nvd_autonomous - INFO - Robot start talking
2025-12-19 18:14:35,339 - nvd_autonomous - INFO - Robot start talking
2025-12-19 18:14:35,540 - nvd_autonomous - INFO - Robot start talking
2025-12-19 18:14:35,741 - nvd_autonomous - INFO - Robot start talking
2025-12-19 18:14:35,942 - nvd_autonomous - INFO - Robot start talking
2025-12-19 18:14:36,144 - nvd_autonomous - INFO - Robot start talking
2025-12-19 18:14:36,345 - nvd_autonomous - INFO - Robot start talking
2025-12-19 18:14:36,546 - nvd_autonomous - INFO - Robot start talking
2025-12-19 18:14:36,747 - nvd_autonomous - INFO - Robot start talking
2025-12-19 18:14:36,948 - nvd_autonomous - INFO - Robot start talking
2025-12-19 18:14:37,149 - nvd_autonomous - INFO - Robot start talking
2025-12-19 18:14:37,350 - nvd_autonomous - INFO - Robot start talking
2025-12-19 18:14:37,551 - nvd_autonomous - INFO - Robot start talking
2025-12-19 18:14:37,752 - nvd_autonomous - INFO - Robot start talking
2025-12-19 18:14:37,953 - nvd_autonomous - INFO - Robot start talking
2025-12-19 18:14:38,154 - nvd_autonomous - INFO - Robot start talking
2025-12-19 18:14:38,355 - nvd_autonomous - INFO - Robot start talking
2025-12-19 18:14:38,557 - nvd_autonomous - INFO - Robot start talking
2025-12-19 18:14:38,758 - nvd_autonomous - INFO - Start Talking: 1
2025-12-19 18:14:38,758 - nvd_autonomous - INFO - Move to: [-35, -3]
2025-12-19 18:14:39,160 - nvd_autonomous - INFO - Robot start talking
2025-12-19 18:14:39,361 - nvd_autonomous - INFO - Robot start talking
2025-12-19 18:14:39,562 - nvd_autonomous - INFO - Robot start talking
2025-12-19 18:14:39,763 - nvd_autonomous - INFO - Robot start talking
2025-12-19 18:14:39,964 - nvd_autonomous - INFO - Robot start talking
2025-12-19 18:14:40,165 - nvd_autonomous - INFO - Robot start talking
2025-12-19 18:14:40,366 - nvd_autonomous - INFO - Robot start talking
2025-12-19 18:14:40,567 - nvd_autonomous - INFO - Robot start talking
2025-12-19 18:14:40,768 - nvd_autonomous - INFO - Robot start talking
2025-12-19 18:14:40,969 - nvd_autonomous - INFO - Robot start talking
2025-12-19 18:14:41,171 - nvd_autonomous - INFO - Start Talking: 1
2025-12-19 18:14:41,171 - nvd_autonomous - INFO - Move to: [-35, -3]
2025-12-19 18:14:41,573 - nvd_autonomous - INFO - Start Talking: 0
2025-12-19 18:14:41,573 - nvd_autonomous - INFO - Move to: [-35, -3]
2025-12-19 18:14:41,975 - nvd_autonomous - INFO - Robot start talking
2025-12-19 18:14:42,176 - nvd_autonomous - INFO - Robot start talking
2025-12-19 18:14:42,377 - nvd_autonomous - INFO - Robot start talking
2025-12-19 18:14:42,578 - nvd_autonomous - INFO - Robot start talking
2025-12-19 18:14:42,779 - nvd_autonomous - INFO - Robot start talking
2025-12-19 18:14:42,980 - nvd_autonomous - INFO - Robot start talking
2025-12-19 18:14:43,181 - nvd_autonomous - INFO - Robot start talking
2025-12-19 18:14:43,382 - nvd_autonomous - INFO - Robot start talking
2025-12-19 18:14:43,583 - nvd_autonomous - INFO - Robot start talking
2025-12-19 18:14:43,785 - nvd_autonomous - INFO - Robot start talking
2025-12-19 18:14:43,986 - nvd_autonomous - INFO - Robot start talking
2025-12-19 18:14:44,188 - nvd_autonomous - INFO - Robot start talking
2025-12-19 18:14:44,389 - nvd_autonomous - INFO - Robot start talking
2025-12-19 18:14:44,590 - nvd_autonomous - INFO - Start Talking: 1
2025-12-19 18:14:44,590 - nvd_autonomous - INFO - Move to: [-35, -3]
2025-12-19 18:14:44,993 - nvd_autonomous - INFO - Start Talking: 3
2025-12-19 18:14:44,993 - nvd_autonomous - INFO - Move to: [35, -3]
2025-12-19 18:14:45,998 - nvd_autonomous - INFO - Start Talking: 1
2025-12-19 18:14:45,998 - nvd_autonomous - INFO - Move to: [-35, -3]
2025-12-19 18:14:47,405 - nvd_autonomous - INFO - Robot start talking
2025-12-19 18:14:47,606 - nvd_autonomous - INFO - Robot start talking
2025-12-19 18:14:48,009 - nvd_autonomous - INFO - No one talking
2025-12-19 18:14:50,019 - nvd_autonomous - INFO - Start Talking: 1
2025-12-19 18:14:50,019 - nvd_autonomous - INFO - Move to: [-35, -3]
2025-12-19 18:14:50,824 - nvd_autonomous - INFO - No one talking
2025-12-19 18:14:57,256 - nvd_autonomous - INFO - Start Talking: 0
2025-12-19 18:14:57,256 - nvd_autonomous - INFO - Move to: [-35, -3]
2025-12-19 18:14:58,864 - nvd_autonomous - INFO - Start Talking: 1
2025-12-19 18:14:58,864 - nvd_autonomous - INFO - Move to: [-35, -3]
2025-12-19 18:15:00,875 - nvd_autonomous - INFO - No one talking
2025-12-19 18:15:02,484 - nvd_autonomous - INFO - Start Talking: 0
2025-12-19 18:15:02,484 - nvd_autonomous - INFO - Move to: [-35, -3]
2025-12-19 18:15:02,887 - nvd_autonomous - INFO - Start Talking: 0
2025-12-19 18:15:02,887 - nvd_autonomous - INFO - Move to: [-35, -3]
2025-12-19 18:15:03,692 - nvd_autonomous - INFO - Robot start talking
2025-12-19 18:15:03,892 - nvd_autonomous - INFO - Robot start talking
2025-12-19 18:15:04,093 - nvd_autonomous - INFO - Start Talking: 0
2025-12-19 18:15:04,093 - nvd_autonomous - INFO - Move to: [-35, -3]
2025-12-19 18:15:04,898 - nvd_autonomous - INFO - Robot start talking
2025-12-19 18:15:05,099 - nvd_autonomous - INFO - Robot start talking
2025-12-19 18:15:05,300 - nvd_autonomous - INFO - Robot start talking
2025-12-19 18:15:05,501 - nvd_autonomous - INFO - Robot start talking
2025-12-19 18:15:05,702 - nvd_autonomous - INFO - Robot start talking
2025-12-19 18:15:05,904 - nvd_autonomous - INFO - Robot start talking
2025-12-19 18:15:06,105 - nvd_autonomous - INFO - Robot start talking
2025-12-19 18:15:06,306 - nvd_autonomous - INFO - Robot start talking
2025-12-19 18:15:06,507 - nvd_autonomous - INFO - Robot start talking
2025-12-19 18:15:06,708 - nvd_autonomous - INFO - Robot start talking
2025-12-19 18:15:06,910 - nvd_autonomous - INFO - Robot start talking
2025-12-19 18:15:07,111 - nvd_autonomous - INFO - Robot start talking
2025-12-19 18:15:07,312 - nvd_autonomous - INFO - Robot start talking
2025-12-19 18:15:07,513 - nvd_autonomous - INFO - Start Talking: 3
2025-12-19 18:15:07,513 - nvd_autonomous - INFO - Move to: [35, -3]
2025-12-19 18:15:07,714 - nvd_autonomous - INFO - Robot start talking
2025-12-19 18:15:07,915 - nvd_autonomous - INFO - Robot start talking
2025-12-19 18:15:08,116 - nvd_autonomous - INFO - Start Talking: 3
2025-12-19 18:15:08,116 - nvd_autonomous - INFO - Move to: [35, -3]
2025-12-19 18:15:09,724 - nvd_autonomous - INFO - Robot start talking
2025-12-19 18:15:09,925 - nvd_autonomous - INFO - Robot start talking
2025-12-19 18:15:10,126 - nvd_autonomous - INFO - Robot start talking
2025-12-19 18:15:10,327 - nvd_autonomous - INFO - Robot start talking
2025-12-19 18:15:10,528 - nvd_autonomous - INFO - Robot start talking
2025-12-19 18:15:10,729 - nvd_autonomous - INFO - Robot start talking
2025-12-19 18:15:10,930 - nvd_autonomous - INFO - Robot start talking
2025-12-19 18:15:11,132 - nvd_autonomous - INFO - Robot start talking
2025-12-19 18:15:11,333 - nvd_autonomous - INFO - Robot start talking
2025-12-19 18:15:11,534 - nvd_autonomous - INFO - Robot start talking
2025-12-19 18:15:11,735 - nvd_autonomous - INFO - Start Talking: 1
2025-12-19 18:15:11,735 - nvd_autonomous - INFO - Move to: [-35, -3]
2025-12-19 18:15:17,364 - nvd_autonomous - INFO - No one talking
2025-12-19 18:15:19,776 - nvd_autonomous - INFO - Start Talking: 1
2025-12-19 18:15:19,776 - nvd_autonomous - INFO - Move to: [-35, -3]
2025-12-19 18:15:19,977 - nvd_autonomous - INFO - Start Talking: 0
2025-12-19 18:15:19,977 - nvd_autonomous - INFO - Move to: [-35, -3]
2025-12-19 18:15:20,781 - nvd_autonomous - INFO - No one talking
2025-12-19 18:15:21,586 - nvd_autonomous - INFO - Start Talking: 0
2025-12-19 18:15:21,586 - nvd_autonomous - INFO - Move to: [-35, -3]
2025-12-19 18:15:22,792 - nvd_autonomous - INFO - No one talking
2025-12-19 18:15:25,003 - nvd_autonomous - INFO - Robot start talking
2025-12-19 18:15:25,204 - nvd_autonomous - INFO - Robot start talking
2025-12-19 18:15:25,405 - nvd_autonomous - INFO - Robot start talking
2025-12-19 18:15:25,808 - nvd_autonomous - INFO - No one talking
2025-12-19 18:15:27,616 - nvd_autonomous - INFO - Start Talking: 1
2025-12-19 18:15:27,616 - nvd_autonomous - INFO - Move to: [-35, -3]
2025-12-19 18:15:28,822 - nvd_autonomous - INFO - No one talking
2025-12-19 18:15:32,842 - nvd_autonomous - INFO - Start Talking: 1
2025-12-19 18:15:32,842 - nvd_autonomous - INFO - Move to: [-35, -3]
2025-12-19 18:15:33,847 - nvd_autonomous - INFO - No one talking
2025-12-19 18:15:34,651 - nvd_autonomous - INFO - Start Talking: 1
2025-12-19 18:15:34,651 - nvd_autonomous - INFO - Move to: [-35, -3]
2025-12-19 18:15:35,856 - nvd_autonomous - INFO - No one talking
2025-12-19 18:15:37,866 - nvd_autonomous - INFO - Start Talking: 1
2025-12-19 18:15:37,866 - nvd_autonomous - INFO - Move to: [-35, -3]
2025-12-19 18:15:38,871 - nvd_autonomous - INFO - No one talking
2025-12-19 18:15:40,277 - nvd_autonomous - INFO - Start Talking: 1
2025-12-19 18:15:40,277 - nvd_autonomous - INFO - Move to: [-35, -3]
2025-12-19 18:15:40,880 - nvd_autonomous - INFO - No one talking
2025-12-19 18:15:43,093 - nvd_autonomous - INFO - Start Talking: 1
2025-12-19 18:15:43,093 - nvd_autonomous - INFO - Move to: [-35, -3]
2025-12-19 18:15:45,103 - nvd_autonomous - INFO - Robot start talking
2025-12-19 18:15:45,504 - nvd_autonomous - INFO - No one talking
2025-12-19 18:15:45,907 - nvd_autonomous - INFO - Start Talking: 1
2025-12-19 18:15:45,907 - nvd_autonomous - INFO - Move to: [-35, -3]
2025-12-19 18:15:46,309 - nvd_autonomous - INFO - No one talking
2025-12-19 18:15:48,118 - nvd_autonomous - INFO - Start Talking: 1
2025-12-19 18:15:48,118 - nvd_autonomous - INFO - Move to: [-35, -3]
2025-12-19 18:15:51,737 - nvd_autonomous - INFO - No one talking
2025-12-19 18:15:52,340 - nvd_autonomous - INFO - Start Talking: 1
2025-12-19 18:15:52,340 - nvd_autonomous - INFO - Move to: [-35, -3]
2025-12-19 18:15:54,150 - nvd_autonomous - INFO - No one talking
2025-12-19 18:15:55,958 - nvd_autonomous - INFO - Start Talking: 3
2025-12-19 18:15:55,958 - nvd_autonomous - INFO - Move to: [35, -3]
2025-12-19 18:15:56,561 - nvd_autonomous - INFO - Start Talking: 1
2025-12-19 18:15:56,561 - nvd_autonomous - INFO - Move to: [-35, -3]
2025-12-19 18:15:58,572 - nvd_autonomous - INFO - Start Talking: 0
2025-12-19 18:15:58,572 - nvd_autonomous - INFO - Move to: [-35, -3]
2025-12-19 18:15:59,376 - nvd_autonomous - INFO - No one talking
2025-12-19 18:16:05,405 - nvd_autonomous - INFO - Start Talking: 1
2025-12-19 18:16:05,405 - nvd_autonomous - INFO - Move to: [-35, -3]
2025-12-19 18:16:06,411 - nvd_autonomous - INFO - No one talking
2025-12-19 18:16:07,818 - nvd_autonomous - INFO - Start Talking: 1
2025-12-19 18:16:07,818 - nvd_autonomous - INFO - Move to: [-35, -3]
2025-12-19 18:16:10,230 - nvd_autonomous - INFO - No one talking
2025-12-19 18:16:11,235 - nvd_autonomous - INFO - Start Talking: 1
2025-12-19 18:16:11,235 - nvd_autonomous - INFO - Move to: [-35, -3]
2025-12-19 18:16:11,637 - nvd_autonomous - INFO - No one talking
2025-12-19 18:16:12,843 - nvd_autonomous - INFO - Start Talking: 1
2025-12-19 18:16:12,843 - nvd_autonomous - INFO - Move to: [-35, -3]
2025-12-19 18:16:13,648 - nvd_autonomous - INFO - No one talking
2025-12-19 18:16:18,271 - nvd_autonomous - INFO - Start Talking: 1
2025-12-19 18:16:18,272 - nvd_autonomous - INFO - Move to: [-35, -3]
2025-12-19 18:16:19,277 - nvd_autonomous - INFO - No one talking
2025-12-19 18:16:31,538 - nvd_autonomous - INFO - Robot start talking
2025-12-19 18:16:31,739 - nvd_autonomous - INFO - Robot start talking
2025-12-19 18:16:31,940 - nvd_autonomous - INFO - Robot start talking
2025-12-19 18:16:32,141 - nvd_autonomous - INFO - Robot start talking
2025-12-19 18:16:32,342 - nvd_autonomous - INFO - Robot start talking
2025-12-19 18:16:32,543 - nvd_autonomous - INFO - Robot start talking
2025-12-19 18:16:32,744 - nvd_autonomous - INFO - Robot start talking
2025-12-19 18:16:32,945 - nvd_autonomous - INFO - Robot start talking
2025-12-19 18:16:33,146 - nvd_autonomous - INFO - Robot start talking
2025-12-19 18:16:33,347 - nvd_autonomous - INFO - Robot start talking
2025-12-19 18:16:33,548 - nvd_autonomous - INFO - Robot start talking
2025-12-19 18:16:33,749 - nvd_autonomous - INFO - Robot start talking
2025-12-19 18:16:33,950 - nvd_autonomous - INFO - Robot start talking
2025-12-19 18:16:34,151 - nvd_autonomous - INFO - Robot start talking
2025-12-19 18:16:34,352 - nvd_autonomous - INFO - Robot start talking
2025-12-19 18:16:34,553 - nvd_autonomous - INFO - Robot start talking
2025-12-19 18:16:34,754 - nvd_autonomous - INFO - Robot start talking
2025-12-19 18:16:34,955 - nvd_autonomous - INFO - Robot start talking
2025-12-19 18:16:35,156 - nvd_autonomous - INFO - Robot start talking
2025-12-19 18:16:35,357 - nvd_autonomous - INFO - Robot start talking
2025-12-19 18:16:35,558 - nvd_autonomous - INFO - Robot start talking
2025-12-19 18:16:35,759 - nvd_autonomous - INFO - Robot start talking
2025-12-19 18:16:35,960 - nvd_autonomous - INFO - Robot start talking
2025-12-19 18:16:36,161 - nvd_autonomous - INFO - Robot start talking
2025-12-19 18:16:36,362 - nvd_autonomous - INFO - Robot start talking
2025-12-19 18:16:36,563 - nvd_autonomous - INFO - Robot start talking
2025-12-19 18:16:36,764 - nvd_autonomous - INFO - Robot start talking
2025-12-19 18:16:36,965 - nvd_autonomous - INFO - Robot start talking
2025-12-19 18:16:37,166 - nvd_autonomous - INFO - Robot start talking
2025-12-19 18:16:37,367 - nvd_autonomous - INFO - Robot start talking
2025-12-19 18:16:37,568 - nvd_autonomous - INFO - Robot start talking
2025-12-19 18:16:37,769 - nvd_autonomous - INFO - Robot start talking
2025-12-19 18:16:37,970 - nvd_autonomous - INFO - Robot start talking
2025-12-19 18:16:38,171 - nvd_autonomous - INFO - Robot start talking
2025-12-19 18:16:38,372 - nvd_autonomous - INFO - Robot start talking
2025-12-19 18:16:38,573 - nvd_autonomous - INFO - Robot start talking
2025-12-19 18:16:38,774 - nvd_autonomous - INFO - Robot start talking
2025-12-19 18:16:38,975 - nvd_autonomous - INFO - Robot start talking
2025-12-19 18:16:39,176 - nvd_autonomous - INFO - Robot start talking
2025-12-19 18:16:39,377 - nvd_autonomous - INFO - Robot start talking
2025-12-19 18:16:39,578 - nvd_autonomous - INFO - Robot start talking
2025-12-19 18:16:39,779 - nvd_autonomous - INFO - Robot start talking
2025-12-19 18:16:39,980 - nvd_autonomous - INFO - Robot start talking
2025-12-19 18:16:40,182 - nvd_autonomous - INFO - Robot start talking
2025-12-19 18:16:40,383 - nvd_autonomous - INFO - Robot start talking
2025-12-19 18:16:40,584 - nvd_autonomous - INFO - Robot start talking
2025-12-19 18:16:40,785 - nvd_autonomous - INFO - Robot start talking
2025-12-19 18:16:40,986 - nvd_autonomous - INFO - Robot start talking
2025-12-19 18:16:41,187 - nvd_autonomous - INFO - Robot start talking
2025-12-19 18:16:41,388 - nvd_autonomous - INFO - Robot start talking
2025-12-19 18:16:41,589 - nvd_autonomous - INFO - Robot start talking
2025-12-19 18:16:41,790 - nvd_autonomous - INFO - Robot start talking
2025-12-19 18:16:41,991 - nvd_autonomous - INFO - Robot start talking
2025-12-19 18:16:42,192 - nvd_autonomous - INFO - Robot start talking
2025-12-19 18:16:42,393 - nvd_autonomous - INFO - Robot start talking
2025-12-19 18:16:42,594 - nvd_autonomous - INFO - Robot start talking
2025-12-19 18:16:42,795 - nvd_autonomous - INFO - Robot start talking
2025-12-19 18:16:42,996 - nvd_autonomous - INFO - Robot start talking
2025-12-19 18:16:43,197 - nvd_autonomous - INFO - Robot start talking
2025-12-19 18:16:43,398 - nvd_autonomous - INFO - Robot start talking
2025-12-19 18:16:43,599 - nvd_autonomous - INFO - Robot start talking
2025-12-19 18:16:43,801 - nvd_autonomous - INFO - Robot start talking
2025-12-19 18:16:44,002 - nvd_autonomous - INFO - Robot start talking
2025-12-19 18:16:44,204 - nvd_autonomous - INFO - Robot start talking
2025-12-19 18:16:44,405 - nvd_autonomous - INFO - Robot start talking
2025-12-19 18:16:44,606 - nvd_autonomous - INFO - Robot start talking
2025-12-19 18:16:44,807 - nvd_autonomous - INFO - Robot start talking
2025-12-19 18:16:45,008 - nvd_autonomous - INFO - Robot start talking
2025-12-19 18:16:45,209 - nvd_autonomous - INFO - Robot start talking
2025-12-19 18:16:45,410 - nvd_autonomous - INFO - Robot start talking
2025-12-19 18:16:45,611 - nvd_autonomous - INFO - Robot start talking
2025-12-19 18:16:45,812 - nvd_autonomous - INFO - Robot start talking
2025-12-19 18:16:46,013 - nvd_autonomous - INFO - Robot start talking
2025-12-19 18:16:46,416 - nvd_autonomous - INFO - Robot start talking
2025-12-19 18:16:46,617 - nvd_autonomous - INFO - Robot start talking
2025-12-19 18:16:46,818 - nvd_autonomous - INFO - Robot start talking
2025-12-19 18:16:47,220 - nvd_autonomous - INFO - Robot start talking
2025-12-19 18:16:47,422 - nvd_autonomous - INFO - Robot start talking
2025-12-19 18:16:47,623 - nvd_autonomous - INFO - Robot start talking
2025-12-19 18:16:47,824 - nvd_autonomous - INFO - Robot start talking
2025-12-19 18:16:48,025 - nvd_autonomous - INFO - Robot start talking
2025-12-19 18:16:48,226 - nvd_autonomous - INFO - Robot start talking
2025-12-19 18:16:48,428 - nvd_autonomous - INFO - Robot start talking
2025-12-19 18:16:48,629 - nvd_autonomous - INFO - Robot start talking
2025-12-19 18:16:48,830 - nvd_autonomous - INFO - Robot start talking
2025-12-19 18:16:49,031 - nvd_autonomous - INFO - Robot start talking
2025-12-19 18:16:49,232 - nvd_autonomous - INFO - Robot start talking
2025-12-19 18:16:49,433 - nvd_autonomous - INFO - Robot start talking
2025-12-19 18:16:49,634 - nvd_autonomous - INFO - Robot start talking
2025-12-19 18:16:49,836 - nvd_autonomous - INFO - Robot start talking
2025-12-19 18:16:50,037 - nvd_autonomous - INFO - Robot start talking
2025-12-19 18:16:50,238 - nvd_autonomous - INFO - Robot start talking
2025-12-19 18:16:50,439 - nvd_autonomous - INFO - Robot start talking
2025-12-19 18:16:50,841 - nvd_autonomous - INFO - No one talking
2025-12-19 18:16:56,871 - nvd_autonomous - INFO - Robot start talking
2025-12-19 18:16:57,273 - nvd_autonomous - INFO - No one talking
2025-12-19 18:17:01,293 - nvd_autonomous - INFO - Start Talking: 0
2025-12-19 18:17:01,293 - nvd_autonomous - INFO - Move to: [-35, -3]
2025-12-19 18:17:03,102 - nvd_autonomous - INFO - No one talking
2025-12-19 18:17:06,519 - nvd_autonomous - INFO - Start Talking: 0
2025-12-19 18:17:06,520 - nvd_autonomous - INFO - Move to: [-35, -3]
2025-12-19 18:17:13,555 - nvd_autonomous - INFO - Backchanneling to: [-35, -3]
2025-12-19 18:17:17,978 - nvd_autonomous - INFO - Start Talking: 0
2025-12-19 18:17:17,978 - nvd_autonomous - INFO - Move to: [-35, -3]
2025-12-19 18:17:18,380 - nvd_autonomous - INFO - No one talking
2025-12-19 18:17:23,004 - nvd_autonomous - INFO - Robot start talking
2025-12-19 18:17:23,205 - nvd_autonomous - INFO - Robot start talking
2025-12-19 18:17:23,406 - nvd_autonomous - INFO - Robot start talking
2025-12-19 18:17:23,607 - nvd_autonomous - INFO - Robot start talking
2025-12-19 18:17:23,808 - nvd_autonomous - INFO - Robot start talking
2025-12-19 18:17:24,009 - nvd_autonomous - INFO - Robot start talking
2025-12-19 18:17:24,210 - nvd_autonomous - INFO - Robot start talking
2025-12-19 18:17:24,411 - nvd_autonomous - INFO - Robot start talking
2025-12-19 18:17:24,612 - nvd_autonomous - INFO - Robot start talking
2025-12-19 18:17:24,813 - nvd_autonomous - INFO - Start Talking: 0
2025-12-19 18:17:24,813 - nvd_autonomous - INFO - Move to: [-35, -3]
2025-12-19 18:17:25,015 - nvd_autonomous - INFO - Robot start talking
2025-12-19 18:17:25,216 - nvd_autonomous - INFO - Robot start talking
2025-12-19 18:17:25,417 - nvd_autonomous - INFO - Robot start talking
2025-12-19 18:17:25,618 - nvd_autonomous - INFO - Robot start talking
2025-12-19 18:17:25,819 - nvd_autonomous - INFO - Robot start talking
2025-12-19 18:17:26,020 - nvd_autonomous - INFO - Robot start talking
2025-12-19 18:17:26,221 - nvd_autonomous - INFO - Robot start talking
2025-12-19 18:17:26,422 - nvd_autonomous - INFO - Robot start talking
2025-12-19 18:17:26,623 - nvd_autonomous - INFO - Robot start talking
2025-12-19 18:17:26,824 - nvd_autonomous - INFO - Robot start talking
2025-12-19 18:17:27,025 - nvd_autonomous - INFO - Robot start talking
2025-12-19 18:17:27,226 - nvd_autonomous - INFO - Robot start talking
2025-12-19 18:17:27,427 - nvd_autonomous - INFO - Robot start talking
2025-12-19 18:17:27,629 - nvd_autonomous - INFO - Robot start talking
2025-12-19 18:17:27,830 - nvd_autonomous - INFO - Robot start talking
2025-12-19 18:17:28,031 - nvd_autonomous - INFO - Robot start talking
2025-12-19 18:17:28,232 - nvd_autonomous - INFO - Robot start talking
2025-12-19 18:17:28,433 - nvd_autonomous - INFO - Robot start talking
2025-12-19 18:17:28,634 - nvd_autonomous - INFO - Robot start talking
2025-12-19 18:17:28,835 - nvd_autonomous - INFO - Robot start talking
2025-12-19 18:17:29,036 - nvd_autonomous - INFO - Robot start talking
2025-12-19 18:17:29,237 - nvd_autonomous - INFO - Robot start talking
2025-12-19 18:17:29,438 - nvd_autonomous - INFO - Robot start talking
2025-12-19 18:17:29,639 - nvd_autonomous - INFO - Robot start talking
2025-12-19 18:17:29,840 - nvd_autonomous - INFO - Robot start talking
2025-12-19 18:17:30,041 - nvd_autonomous - INFO - Robot start talking
2025-12-19 18:17:30,242 - nvd_autonomous - INFO - Robot start talking
2025-12-19 18:17:30,443 - nvd_autonomous - INFO - Robot start talking
2025-12-19 18:17:30,644 - nvd_autonomous - INFO - Robot start talking
2025-12-19 18:17:30,845 - nvd_autonomous - INFO - Robot start talking
2025-12-19 18:17:31,046 - nvd_autonomous - INFO - Robot start talking
2025-12-19 18:17:31,247 - nvd_autonomous - INFO - Robot start talking
2025-12-19 18:17:31,448 - nvd_autonomous - INFO - Robot start talking
2025-12-19 18:17:31,649 - nvd_autonomous - INFO - Robot start talking
2025-12-19 18:17:31,850 - nvd_autonomous - INFO - Robot start talking
2025-12-19 18:17:32,051 - nvd_autonomous - INFO - Robot start talking
2025-12-19 18:17:32,252 - nvd_autonomous - INFO - Robot start talking
2025-12-19 18:17:32,453 - nvd_autonomous - INFO - Robot start talking
2025-12-19 18:17:32,654 - nvd_autonomous - INFO - Robot start talking
2025-12-19 18:17:32,855 - nvd_autonomous - INFO - Robot start talking
2025-12-19 18:17:33,056 - nvd_autonomous - INFO - Robot start talking
2025-12-19 18:17:33,257 - nvd_autonomous - INFO - Robot start talking
2025-12-19 18:17:33,458 - nvd_autonomous - INFO - Robot start talking
2025-12-19 18:17:33,659 - nvd_autonomous - INFO - Robot start talking
2025-12-19 18:17:33,860 - nvd_autonomous - INFO - Robot start talking
2025-12-19 18:17:34,061 - nvd_autonomous - INFO - Robot start talking
2025-12-19 18:17:34,262 - nvd_autonomous - INFO - Robot start talking
2025-12-19 18:17:34,463 - nvd_autonomous - INFO - Robot start talking
2025-12-19 18:17:34,664 - nvd_autonomous - INFO - Robot start talking
2025-12-19 18:17:34,865 - nvd_autonomous - INFO - Robot start talking
2025-12-19 18:17:35,066 - nvd_autonomous - INFO - Robot start talking
2025-12-19 18:17:35,267 - nvd_autonomous - INFO - Robot start talking
2025-12-19 18:17:35,468 - nvd_autonomous - INFO - Robot start talking
2025-12-19 18:17:35,669 - nvd_autonomous - INFO - Robot start talking
2025-12-19 18:17:35,870 - nvd_autonomous - INFO - Robot start talking
2025-12-19 18:17:36,071 - nvd_autonomous - INFO - Robot start talking
2025-12-19 18:17:36,272 - nvd_autonomous - INFO - Robot start talking
2025-12-19 18:17:36,473 - nvd_autonomous - INFO - Robot start talking
2025-12-19 18:17:36,675 - nvd_autonomous - INFO - Robot start talking
2025-12-19 18:17:36,876 - nvd_autonomous - INFO - Robot start talking
2025-12-19 18:17:37,077 - nvd_autonomous - INFO - Robot start talking
2025-12-19 18:17:37,278 - nvd_autonomous - INFO - Robot start talking
2025-12-19 18:17:37,479 - nvd_autonomous - INFO - Robot start talking
2025-12-19 18:17:37,680 - nvd_autonomous - INFO - Robot start talking
2025-12-19 18:17:37,881 - nvd_autonomous - INFO - Robot start talking
2025-12-19 18:17:38,082 - nvd_autonomous - INFO - Robot start talking
2025-12-19 18:17:38,283 - nvd_autonomous - INFO - Robot start talking
2025-12-19 18:17:38,484 - nvd_autonomous - INFO - Robot start talking
2025-12-19 18:17:38,685 - nvd_autonomous - INFO - Robot start talking
2025-12-19 18:17:38,886 - nvd_autonomous - INFO - Robot start talking
2025-12-19 18:17:39,087 - nvd_autonomous - INFO - Robot start talking
2025-12-19 18:17:39,288 - nvd_autonomous - INFO - Robot start talking
2025-12-19 18:17:39,489 - nvd_autonomous - INFO - Robot start talking
2025-12-19 18:17:39,690 - nvd_autonomous - INFO - Robot start talking
2025-12-19 18:17:39,891 - nvd_autonomous - INFO - Robot start talking
2025-12-19 18:17:40,092 - nvd_autonomous - INFO - Robot start talking
2025-12-19 18:17:40,293 - nvd_autonomous - INFO - Robot start talking
2025-12-19 18:17:40,494 - nvd_autonomous - INFO - Robot start talking
2025-12-19 18:17:40,695 - nvd_autonomous - INFO - Robot start talking
2025-12-19 18:17:40,896 - nvd_autonomous - INFO - Robot start talking
2025-12-19 18:17:41,097 - nvd_autonomous - INFO - Robot start talking
2025-12-19 18:17:41,298 - nvd_autonomous - INFO - Robot start talking
2025-12-19 18:17:41,499 - nvd_autonomous - INFO - Robot start talking
2025-12-19 18:17:41,700 - nvd_autonomous - INFO - Robot start talking
2025-12-19 18:17:41,901 - nvd_autonomous - INFO - Robot start talking
2025-12-19 18:17:42,102 - nvd_autonomous - INFO - Robot start talking
2025-12-19 18:17:42,303 - nvd_autonomous - INFO - Robot start talking
2025-12-19 18:17:42,504 - nvd_autonomous - INFO - Robot start talking
2025-12-19 18:17:42,705 - nvd_autonomous - INFO - Robot start talking
2025-12-19 18:17:42,906 - nvd_autonomous - INFO - Robot start talking
2025-12-19 18:17:43,308 - nvd_autonomous - INFO - No one talking
2025-12-19 18:17:44,313 - nvd_autonomous - INFO - Robot start talking
2025-12-19 18:17:44,514 - nvd_autonomous - INFO - Robot start talking
2025-12-19 18:17:44,715 - nvd_autonomous - INFO - Robot start talking
2025-12-19 18:17:44,916 - nvd_autonomous - INFO - Robot start talking
2025-12-19 18:17:45,117 - nvd_autonomous - INFO - Robot start talking
2025-12-19 18:17:45,318 - nvd_autonomous - INFO - Robot start talking
2025-12-19 18:17:45,519 - nvd_autonomous - INFO - Robot start talking
2025-12-19 18:17:45,720 - nvd_autonomous - INFO - Robot start talking
2025-12-19 18:17:45,921 - nvd_autonomous - INFO - Robot start talking
2025-12-19 18:17:46,123 - nvd_autonomous - INFO - Robot start talking
2025-12-19 18:17:46,324 - nvd_autonomous - INFO - Robot start talking
2025-12-19 18:17:46,525 - nvd_autonomous - INFO - Robot start talking
2025-12-19 18:17:46,726 - nvd_autonomous - INFO - Robot start talking
2025-12-19 18:17:46,927 - nvd_autonomous - INFO - Robot start talking
2025-12-19 18:17:47,128 - nvd_autonomous - INFO - Robot start talking
2025-12-19 18:17:47,329 - nvd_autonomous - INFO - Robot start talking
2025-12-19 18:17:47,530 - nvd_autonomous - INFO - Robot start talking
2025-12-19 18:17:47,731 - nvd_autonomous - INFO - Robot start talking
2025-12-19 18:17:47,932 - nvd_autonomous - INFO - Robot start talking
2025-12-19 18:17:48,134 - nvd_autonomous - INFO - Robot start talking
2025-12-19 18:17:48,335 - nvd_autonomous - INFO - Robot start talking
2025-12-19 18:17:48,536 - nvd_autonomous - INFO - Robot start talking
2025-12-19 18:17:48,737 - nvd_autonomous - INFO - Robot start talking
2025-12-19 18:17:48,938 - nvd_autonomous - INFO - Start Talking: 0
2025-12-19 18:17:48,939 - nvd_autonomous - INFO - Move to: [-35, -3]
2025-12-19 18:17:49,341 - nvd_autonomous - INFO - Move pan to: 0
2025-12-19 18:17:49,341 - nvd_autonomous - INFO - Move tilt to: -3
2025-12-19 18:17:50,748 - nvd_autonomous - INFO - No one talking
2025-12-19 18:17:50,949 - nvd_autonomous - INFO - Start Talking: 3
2025-12-19 18:17:50,949 - nvd_autonomous - INFO - Move to: [35, -3]
2025-12-19 18:17:51,352 - nvd_autonomous - INFO - Robot start talking
2025-12-19 18:17:51,552 - nvd_autonomous - INFO - Robot start talking
2025-12-19 18:17:51,955 - nvd_autonomous - INFO - No one talking
2025-12-19 18:17:52,558 - nvd_autonomous - INFO - Move pan to: 0
2025-12-19 18:17:52,558 - nvd_autonomous - INFO - Move tilt to: -3
2025-12-19 18:17:53,161 - nvd_autonomous - INFO - Start Talking: 0
2025-12-19 18:17:53,162 - nvd_autonomous - INFO - Move to: [-35, -3]
2025-12-19 18:17:53,764 - nvd_autonomous - INFO - No one talking
2025-12-19 18:17:53,965 - nvd_autonomous - INFO - Robot start talking
2025-12-19 18:17:54,166 - nvd_autonomous - INFO - Start Talking: 0
2025-12-19 18:17:54,166 - nvd_autonomous - INFO - Move to: [-35, -3]
2025-12-19 18:17:54,569 - nvd_autonomous - INFO - No one talking
2025-12-19 18:17:59,393 - nvd_autonomous - INFO - Start Talking: 0
2025-12-19 18:17:59,394 - nvd_autonomous - INFO - Move to: [-35, -3]
2025-12-19 18:18:01,203 - nvd_autonomous - INFO - No one talking
2025-12-19 18:18:02,208 - nvd_autonomous - INFO - Start Talking: 0
2025-12-19 18:18:02,208 - nvd_autonomous - INFO - Move to: [-35, -3]
2025-12-19 18:18:03,414 - nvd_autonomous - INFO - No one talking
2025-12-19 18:18:06,429 - nvd_autonomous - INFO - Start Talking: 0
2025-12-19 18:18:06,429 - nvd_autonomous - INFO - Move to: [-35, -3]
2025-12-19 18:18:13,464 - nvd_autonomous - INFO - Backchanneling to: [-35, -3]
2025-12-19 18:18:15,273 - nvd_autonomous - INFO - No one talking
2025-12-19 18:18:15,675 - nvd_autonomous - INFO - Start Talking: 0
2025-12-19 18:18:15,675 - nvd_autonomous - INFO - Move to: [-35, -3]
2025-12-19 18:18:16,077 - nvd_autonomous - INFO - Start Talking: 0
2025-12-19 18:18:16,077 - nvd_autonomous - INFO - Move to: [-35, -3]
2025-12-19 18:18:20,499 - nvd_autonomous - INFO - No one talking
2025-12-19 18:18:29,143 - nvd_autonomous - INFO - Start Talking: 3
2025-12-19 18:18:29,143 - nvd_autonomous - INFO - Move to: [35, -3]
2025-12-19 18:18:29,545 - nvd_autonomous - INFO - Start Talking: 3
2025-12-19 18:18:29,545 - nvd_autonomous - INFO - Move to: [35, -3]
2025-12-19 18:18:29,947 - nvd_autonomous - INFO - No one talking
2025-12-19 18:18:33,163 - nvd_autonomous - INFO - Start Talking: 1
2025-12-19 18:18:33,163 - nvd_autonomous - INFO - Move to: [-35, -3]
2025-12-19 18:18:33,565 - nvd_autonomous - INFO - Robot start talking
2025-12-19 18:18:33,967 - nvd_autonomous - INFO - No one talking
2025-12-19 18:18:35,374 - nvd_autonomous - INFO - Start Talking: 0
2025-12-19 18:18:35,374 - nvd_autonomous - INFO - Move to: [-35, -3]
2025-12-19 18:18:36,580 - nvd_autonomous - INFO - Robot start talking
2025-12-19 18:18:36,781 - nvd_autonomous - INFO - Robot start talking
2025-12-19 18:18:36,982 - nvd_autonomous - INFO - Robot start talking
2025-12-19 18:18:37,183 - nvd_autonomous - INFO - Robot start talking
2025-12-19 18:18:37,385 - nvd_autonomous - INFO - Robot start talking
2025-12-19 18:18:37,787 - nvd_autonomous - INFO - No one talking
2025-12-19 18:18:40,803 - nvd_autonomous - INFO - Robot start talking
2025-12-19 18:18:41,205 - nvd_autonomous - INFO - No one talking
2025-12-19 18:18:42,209 - nvd_autonomous - INFO - Robot start talking
2025-12-19 18:18:42,410 - nvd_autonomous - INFO - Robot start talking
2025-12-19 18:18:42,612 - nvd_autonomous - INFO - Robot start talking
2025-12-19 18:18:42,813 - nvd_autonomous - INFO - Robot start talking
2025-12-19 18:18:43,014 - nvd_autonomous - INFO - Robot start talking
2025-12-19 18:18:43,215 - nvd_autonomous - INFO - Robot start talking
2025-12-19 18:18:43,416 - nvd_autonomous - INFO - Robot start talking
2025-12-19 18:18:43,617 - nvd_autonomous - INFO - Robot start talking
2025-12-19 18:18:43,818 - nvd_autonomous - INFO - Robot start talking
2025-12-19 18:18:44,221 - nvd_autonomous - INFO - No one talking
2025-12-19 18:18:46,029 - nvd_autonomous - INFO - Robot start talking
2025-12-19 18:18:46,230 - nvd_autonomous - INFO - Robot start talking
2025-12-19 18:18:46,431 - nvd_autonomous - INFO - Robot start talking
2025-12-19 18:18:46,632 - nvd_autonomous - INFO - Robot start talking
2025-12-19 18:18:46,833 - nvd_autonomous - INFO - Robot start talking
2025-12-19 18:18:47,034 - nvd_autonomous - INFO - Robot start talking
2025-12-19 18:18:47,235 - nvd_autonomous - INFO - Robot start talking
2025-12-19 18:18:47,437 - nvd_autonomous - INFO - Robot start talking
2025-12-19 18:18:47,638 - nvd_autonomous - INFO - Start Talking: 0
2025-12-19 18:18:47,638 - nvd_autonomous - INFO - Move to: [-35, -3]
2025-12-19 18:18:48,040 - nvd_autonomous - INFO - Robot start talking
2025-12-19 18:18:48,241 - nvd_autonomous - INFO - Robot start talking
2025-12-19 18:18:48,442 - nvd_autonomous - INFO - Start Talking: 0
2025-12-19 18:18:48,442 - nvd_autonomous - INFO - Move to: [-35, -3]
2025-12-19 18:18:48,643 - nvd_autonomous - INFO - Robot start talking
2025-12-19 18:18:48,844 - nvd_autonomous - INFO - Robot start talking
2025-12-19 18:18:49,045 - nvd_autonomous - INFO - Robot start talking
2025-12-19 18:18:49,246 - nvd_autonomous - INFO - Robot start talking
2025-12-19 18:18:49,448 - nvd_autonomous - INFO - Start Talking: 1
2025-12-19 18:18:49,449 - nvd_autonomous - INFO - Move to: [-35, -3]
2025-12-19 18:18:49,851 - nvd_autonomous - INFO - No one talking
2025-12-19 18:18:50,856 - nvd_autonomous - INFO - Robot start talking
2025-12-19 18:18:51,057 - nvd_autonomous - INFO - Robot start talking
2025-12-19 18:18:51,258 - nvd_autonomous - INFO - Start Talking: 0
2025-12-19 18:18:51,258 - nvd_autonomous - INFO - Move to: [-35, -3]
2025-12-19 18:18:52,464 - nvd_autonomous - INFO - Robot start talking
2025-12-19 18:18:52,665 - nvd_autonomous - INFO - Robot start talking
2025-12-19 18:18:52,866 - nvd_autonomous - INFO - Robot start talking
2025-12-19 18:18:53,067 - nvd_autonomous - INFO - Robot start talking
2025-12-19 18:18:53,268 - nvd_autonomous - INFO - Robot start talking
2025-12-19 18:18:53,469 - nvd_autonomous - INFO - Robot start talking
2025-12-19 18:18:53,670 - nvd_autonomous - INFO - Robot start talking
2025-12-19 18:18:54,072 - nvd_autonomous - INFO - No one talking
2025-12-19 18:18:55,479 - nvd_autonomous - INFO - Robot start talking
2025-12-19 18:18:55,680 - nvd_autonomous - INFO - Robot start talking
2025-12-19 18:18:55,882 - nvd_autonomous - INFO - Robot start talking
2025-12-19 18:18:56,092 - nvd_autonomous - INFO - Robot start talking
2025-12-19 18:18:56,495 - nvd_autonomous - INFO - No one talking
2025-12-19 18:18:58,504 - nvd_autonomous - INFO - Start Talking: 0
2025-12-19 18:18:58,504 - nvd_autonomous - INFO - Move to: [-35, -3]
2025-12-19 18:18:59,308 - nvd_autonomous - INFO - No one talking
2025-12-19 18:19:00,313 - nvd_autonomous - INFO - Robot start talking
2025-12-19 18:19:00,514 - nvd_autonomous - INFO - Start Talking: 0
2025-12-19 18:19:00,514 - nvd_autonomous - INFO - Move to: [-35, -3]
2025-12-19 18:19:00,715 - nvd_autonomous - INFO - Start Talking: 1
2025-12-19 18:19:00,716 - nvd_autonomous - INFO - Move to: [-35, -3]
2025-12-19 18:19:01,319 - nvd_autonomous - INFO - Start Talking: 0
2025-12-19 18:19:01,319 - nvd_autonomous - INFO - Move to: [-35, -3]
2025-12-19 18:19:01,922 - nvd_autonomous - INFO - No one talking
2025-12-19 18:19:04,737 - nvd_autonomous - INFO - Robot start talking
2025-12-19 18:19:04,938 - nvd_autonomous - INFO - Robot start talking
2025-12-19 18:19:05,139 - nvd_autonomous - INFO - Robot start talking
2025-12-19 18:19:05,340 - nvd_autonomous - INFO - Robot start talking
2025-12-19 18:19:05,541 - nvd_autonomous - INFO - Robot start talking
2025-12-19 18:19:05,742 - nvd_autonomous - INFO - Robot start talking
2025-12-19 18:19:05,943 - nvd_autonomous - INFO - Robot start talking
2025-12-19 18:19:06,144 - nvd_autonomous - INFO - Start Talking: 1
2025-12-19 18:19:06,145 - nvd_autonomous - INFO - Move to: [-35, -3]
2025-12-19 18:19:06,949 - nvd_autonomous - INFO - No one talking
2025-12-19 18:19:10,367 - nvd_autonomous - INFO - Robot start talking
2025-12-19 18:19:10,568 - nvd_autonomous - INFO - Start Talking: 1
2025-12-19 18:19:10,568 - nvd_autonomous - INFO - Move to: [-35, -3]
2025-12-19 18:19:10,969 - nvd_autonomous - INFO - No one talking
2025-12-19 18:19:11,371 - nvd_autonomous - INFO - Start Talking: 1
2025-12-19 18:19:11,371 - nvd_autonomous - INFO - Move to: [-35, -3]
2025-12-19 18:19:11,774 - nvd_autonomous - INFO - No one talking
2025-12-19 18:19:13,382 - nvd_autonomous - INFO - Robot start talking
2025-12-19 18:19:13,583 - nvd_autonomous - INFO - Robot start talking
2025-12-19 18:19:13,784 - nvd_autonomous - INFO - Robot start talking
2025-12-19 18:19:13,985 - nvd_autonomous - INFO - Robot start talking
2025-12-19 18:19:14,387 - nvd_autonomous - INFO - No one talking
2025-12-19 18:19:18,206 - nvd_autonomous - INFO - Start Talking: 1
2025-12-19 18:19:18,207 - nvd_autonomous - INFO - Move to: [-35, -3]
2025-12-19 18:19:18,609 - nvd_autonomous - INFO - No one talking
