2025-10-31 15:08:46,724 - nvd_autonomous - INFO - Autonomous control initialized
2025-10-31 15:08:51,736 - nvd_autonomous - INFO - Start Talking: 1
2025-10-31 15:08:51,737 - nvd_autonomous - INFO - Move to: [-35, -15]
2025-10-31 15:08:52,549 - nvd_autonomous - INFO - No one talking
2025-10-31 15:08:52,980 - nvd_autonomous - INFO - Start Talking: 3
2025-10-31 15:08:52,980 - nvd_autonomous - INFO - Move to: [35, -15]
2025-10-31 15:08:53,413 - nvd_autonomous - INFO - No one talking
2025-10-31 15:08:53,628 - nvd_autonomous - INFO - Start Talking: 3
2025-10-31 15:08:53,628 - nvd_autonomous - INFO - Move to: [35, -15]
2025-10-31 15:08:55,579 - nvd_autonomous - INFO - Start Talking: 1
2025-10-31 15:08:55,579 - nvd_autonomous - INFO - Move to: [-35, -15]
2025-10-31 15:08:56,019 - nvd_autonomous - INFO - Start Talking: 3
2025-10-31 15:08:56,019 - nvd_autonomous - INFO - Move to: [35, -15]
2025-10-31 15:08:56,436 - nvd_autonomous - INFO - Start Talking: 1
2025-10-31 15:08:56,436 - nvd_autonomous - INFO - Move to: [-35, -15]
2025-10-31 15:08:56,853 - nvd_autonomous - INFO - Start Talking: 1
2025-10-31 15:08:56,853 - nvd_autonomous - INFO - Move to: [-35, -15]
2025-10-31 15:08:57,274 - nvd_autonomous - INFO - No one talking
2025-10-31 15:09:00,529 - nvd_autonomous - INFO - Start Talking: 1
2025-10-31 15:09:00,529 - nvd_autonomous - INFO - Move to: [-35, -15]
2025-10-31 15:09:00,945 - nvd_autonomous - INFO - Start Talking: 3
2025-10-31 15:09:00,945 - nvd_autonomous - INFO - Move to: [35, -15]
2025-10-31 15:09:01,161 - nvd_autonomous - INFO - Start Talking: 1
2025-10-31 15:09:01,161 - nvd_autonomous - INFO - Move to: [-35, -15]
2025-10-31 15:09:01,579 - nvd_autonomous - INFO - No one talking
2025-10-31 15:09:45,692 - nvd_autonomous - INFO - Start Talking: 1
2025-10-31 15:09:45,692 - nvd_autonomous - INFO - Move to: [-35, -15]
2025-10-31 15:09:46,130 - nvd_autonomous - INFO - Start Talking: 1
2025-10-31 15:09:46,130 - nvd_autonomous - INFO - Move to: [-35, -15]
2025-10-31 15:09:47,612 - nvd_autonomous - INFO - Start Talking: 0
2025-10-31 15:09:47,612 - nvd_autonomous - INFO - Move to: [-35, -15]
2025-10-31 15:09:49,123 - nvd_autonomous - INFO - No one talking
2025-10-31 15:09:49,972 - nvd_autonomous - INFO - Start Talking: 1
2025-10-31 15:09:49,972 - nvd_autonomous - INFO - Move to: [-35, -15]
2025-10-31 15:09:52,562 - nvd_autonomous - INFO - Start Talking: 0
2025-10-31 15:09:52,562 - nvd_autonomous - INFO - Move to: [-35, -15]
2025-10-31 15:09:52,777 - nvd_autonomous - INFO - Start Talking: 1
2025-10-31 15:09:52,777 - nvd_autonomous - INFO - Move to: [-35, -15]
2025-10-31 15:09:59,204 - nvd_autonomous - INFO - No one talking
2025-10-31 15:10:03,052 - nvd_autonomous - INFO - Start Talking: 0
2025-10-31 15:10:03,053 - nvd_autonomous - INFO - Move to: [-35, -15]
2025-10-31 15:10:03,456 - nvd_autonomous - INFO - Start Talking: 0
2025-10-31 15:10:03,457 - nvd_autonomous - INFO - Move to: [-35, -15]
2025-10-31 15:10:03,885 - nvd_autonomous - INFO - Start Talking: 0
2025-10-31 15:10:03,885 - nvd_autonomous - INFO - Move to: [-35, -15]
2025-10-31 15:10:04,315 - nvd_autonomous - INFO - No one talking
2025-10-31 15:10:17,322 - nvd_autonomous - INFO - Start Talking: 0
2025-10-31 15:10:17,322 - nvd_autonomous - INFO - Move to: [-35, -15]
2025-10-31 15:10:19,414 - nvd_autonomous - INFO - No one talking
2025-10-31 15:10:22,807 - nvd_autonomous - INFO - Set icon to: lupa.png
2025-10-31 15:10:26,480 - nvd_autonomous - INFO - Start Talking: 0
2025-10-31 15:10:26,480 - nvd_autonomous - INFO - Move to: [-35, -15]
2025-10-31 15:10:30,374 - nvd_autonomous - INFO - Start Talking: 3
2025-10-31 15:10:30,374 - nvd_autonomous - INFO - Move to: [35, -15]
2025-10-31 15:10:30,590 - nvd_autonomous - INFO - Start Talking: 0
2025-10-31 15:10:30,590 - nvd_autonomous - INFO - Move to: [-35, -15]
2025-10-31 15:10:31,025 - nvd_autonomous - INFO - Start Talking: 3
2025-10-31 15:10:31,025 - nvd_autonomous - INFO - Move to: [35, -15]
2025-10-31 15:10:31,245 - nvd_autonomous - INFO - Start Talking: 0
2025-10-31 15:10:31,245 - nvd_autonomous - INFO - Move to: [-35, -15]
2025-10-31 15:10:34,467 - nvd_autonomous - INFO - Start Talking: 1
2025-10-31 15:10:34,467 - nvd_autonomous - INFO - Move to: [-35, -15]
2025-10-31 15:10:34,683 - nvd_autonomous - INFO - Start Talking: 0
2025-10-31 15:10:34,683 - nvd_autonomous - INFO - Move to: [-35, -15]
2025-10-31 15:10:39,824 - nvd_autonomous - INFO - No one talking
2025-10-31 15:10:40,040 - nvd_autonomous - INFO - Start Talking: 0
2025-10-31 15:10:40,040 - nvd_autonomous - INFO - Move to: [-35, -15]
2025-10-31 15:10:47,157 - nvd_autonomous - INFO - Backchanneling to: [-35, -15]
2025-10-31 15:10:48,846 - nvd_autonomous - INFO - Start Talking: 0
2025-10-31 15:10:48,846 - nvd_autonomous - INFO - Move to: [-35, -15]
2025-10-31 15:10:54,643 - nvd_autonomous - INFO - Start Talking: 1
2025-10-31 15:10:54,643 - nvd_autonomous - INFO - Move to: [-35, -15]
2025-10-31 15:10:57,450 - nvd_autonomous - INFO - Start Talking: 0
2025-10-31 15:10:57,450 - nvd_autonomous - INFO - Move to: [-35, -15]
2025-10-31 15:11:04,567 - nvd_autonomous - INFO - Backchanneling to: [-35, -15]
2025-10-31 15:11:07,574 - nvd_autonomous - INFO - Start Talking: 3
2025-10-31 15:11:07,574 - nvd_autonomous - INFO - Move to: [35, -15]
2025-10-31 15:11:07,790 - nvd_autonomous - INFO - Start Talking: 0
2025-10-31 15:11:07,790 - nvd_autonomous - INFO - Move to: [-35, -15]
2025-10-31 15:11:14,900 - nvd_autonomous - INFO - Backchanneling to: [-35, -15]
2025-10-31 15:11:19,059 - nvd_autonomous - INFO - Start Talking: 3
2025-10-31 15:11:19,059 - nvd_autonomous - INFO - Move to: [35, -15]
2025-10-31 15:11:20,331 - nvd_autonomous - INFO - Start Talking: 1
2025-10-31 15:11:20,331 - nvd_autonomous - INFO - Move to: [-35, -15]
2025-10-31 15:11:20,534 - nvd_autonomous - INFO - Start Talking: 3
2025-10-31 15:11:20,534 - nvd_autonomous - INFO - Move to: [35, -15]
2025-10-31 15:11:20,748 - nvd_autonomous - INFO - Start Talking: 0
2025-10-31 15:11:20,748 - nvd_autonomous - INFO - Move to: [-35, -15]
2025-10-31 15:11:20,960 - nvd_autonomous - INFO - Start Talking: 1
2025-10-31 15:11:20,960 - nvd_autonomous - INFO - Move to: [-35, -15]
2025-10-31 15:11:21,163 - nvd_autonomous - INFO - Start Talking: 3
2025-10-31 15:11:21,163 - nvd_autonomous - INFO - Move to: [35, -15]
2025-10-31 15:11:21,999 - nvd_autonomous - INFO - Start Talking: 1
2025-10-31 15:11:21,999 - nvd_autonomous - INFO - Move to: [-35, -15]
2025-10-31 15:11:22,215 - nvd_autonomous - INFO - Start Talking: 3
2025-10-31 15:11:22,215 - nvd_autonomous - INFO - Move to: [35, -15]
2025-10-31 15:11:23,052 - nvd_autonomous - INFO - Robot start talking
2025-10-31 15:11:23,267 - nvd_autonomous - INFO - Start Talking: 3
2025-10-31 15:11:23,267 - nvd_autonomous - INFO - Move to: [35, -15]
2025-10-31 15:11:23,901 - nvd_autonomous - INFO - No one talking
2025-10-31 15:11:24,320 - nvd_autonomous - INFO - Start Talking: 0
2025-10-31 15:11:24,320 - nvd_autonomous - INFO - Move to: [-35, -15]
2025-10-31 15:11:25,581 - nvd_autonomous - INFO - No one talking
2025-10-31 15:11:27,887 - nvd_autonomous - INFO - Start Talking: 1
2025-10-31 15:11:27,887 - nvd_autonomous - INFO - Move to: [-35, -15]
2025-10-31 15:11:28,297 - nvd_autonomous - INFO - Start Talking: 1
2025-10-31 15:11:28,297 - nvd_autonomous - INFO - Move to: [-35, -15]
2025-10-31 15:11:29,143 - nvd_autonomous - INFO - No one talking
2025-10-31 15:11:29,986 - nvd_autonomous - INFO - Start Talking: 1
2025-10-31 15:11:29,986 - nvd_autonomous - INFO - Move to: [-35, -15]
2025-10-31 15:11:37,075 - nvd_autonomous - INFO - Backchanneling to: [-35, -15]
2025-10-31 15:11:38,966 - nvd_autonomous - INFO - Start Talking: 0
2025-10-31 15:11:38,966 - nvd_autonomous - INFO - Move to: [-35, -15]
2025-10-31 15:11:46,031 - nvd_autonomous - INFO - Backchanneling to: [-35, -15]
2025-10-31 15:11:49,924 - nvd_autonomous - INFO - Start Talking: 1
2025-10-31 15:11:49,924 - nvd_autonomous - INFO - Move to: [-35, -15]
2025-10-31 15:11:51,614 - nvd_autonomous - INFO - Start Talking: 0
2025-10-31 15:11:51,614 - nvd_autonomous - INFO - Move to: [-35, -15]
2025-10-31 15:11:52,269 - nvd_autonomous - INFO - Robot start talking
2025-10-31 15:11:52,485 - nvd_autonomous - INFO - Robot start talking
2025-10-31 15:11:52,701 - nvd_autonomous - INFO - Robot start talking
2025-10-31 15:11:52,916 - nvd_autonomous - INFO - Start Talking: 1
2025-10-31 15:11:52,916 - nvd_autonomous - INFO - Move to: [-35, -15]
2025-10-31 15:11:53,355 - nvd_autonomous - INFO - No one talking
2025-10-31 15:11:54,440 - nvd_autonomous - INFO - Start Talking: 0
2025-10-31 15:11:54,440 - nvd_autonomous - INFO - Move to: [-35, -15]
2025-10-31 15:11:54,873 - nvd_autonomous - INFO - No one talking
2025-10-31 15:11:55,095 - nvd_autonomous - INFO - Start Talking: 3
2025-10-31 15:11:55,095 - nvd_autonomous - INFO - Move to: [35, -15]
2025-10-31 15:11:55,743 - nvd_autonomous - INFO - No one talking
2025-10-31 15:11:56,601 - nvd_autonomous - INFO - Start Talking: 1
2025-10-31 15:11:56,601 - nvd_autonomous - INFO - Move to: [-35, -15]
2025-10-31 15:12:01,075 - nvd_autonomous - INFO - Start Talking: 3
2025-10-31 15:12:01,075 - nvd_autonomous - INFO - Move to: [35, -15]
2025-10-31 15:12:02,347 - nvd_autonomous - INFO - No one talking
2025-10-31 15:12:03,415 - nvd_autonomous - INFO - Robot start talking
2025-10-31 15:12:03,636 - nvd_autonomous - INFO - Start Talking: 3
2025-10-31 15:12:03,636 - nvd_autonomous - INFO - Move to: [35, -15]
2025-10-31 15:12:04,284 - nvd_autonomous - INFO - No one talking
2025-10-31 15:12:08,589 - nvd_autonomous - INFO - Start Talking: 1
2025-10-31 15:12:08,589 - nvd_autonomous - INFO - Move to: [-35, -15]
2025-10-31 15:12:13,335 - nvd_autonomous - INFO - Start Talking: 3
2025-10-31 15:12:13,335 - nvd_autonomous - INFO - Move to: [35, -15]
2025-10-31 15:12:13,557 - nvd_autonomous - INFO - Start Talking: 1
2025-10-31 15:12:13,557 - nvd_autonomous - INFO - Move to: [-35, -15]
2025-10-31 15:12:18,467 - nvd_autonomous - INFO - Start Talking: 0
2025-10-31 15:12:18,467 - nvd_autonomous - INFO - Move to: [-35, -15]
2025-10-31 15:12:20,620 - nvd_autonomous - INFO - Start Talking: 1
2025-10-31 15:12:20,620 - nvd_autonomous - INFO - Move to: [-35, -15]
2025-10-31 15:12:20,837 - nvd_autonomous - INFO - Start Talking: 0
2025-10-31 15:12:20,837 - nvd_autonomous - INFO - Move to: [-35, -15]
2025-10-31 15:12:22,140 - nvd_autonomous - INFO - Start Talking: 1
2025-10-31 15:12:22,140 - nvd_autonomous - INFO - Move to: [-35, -15]
2025-10-31 15:12:27,721 - nvd_autonomous - INFO - Robot start talking
2025-10-31 15:12:27,937 - nvd_autonomous - INFO - Robot start talking
2025-10-31 15:12:28,153 - nvd_autonomous - INFO - Robot start talking
2025-10-31 15:12:28,354 - nvd_autonomous - INFO - Robot start talking
2025-10-31 15:12:28,571 - nvd_autonomous - INFO - Robot start talking
2025-10-31 15:12:28,794 - nvd_autonomous - INFO - Start Talking: 3
2025-10-31 15:12:28,794 - nvd_autonomous - INFO - Move to: [35, -15]
2025-10-31 15:12:29,442 - nvd_autonomous - INFO - Start Talking: 1
2025-10-31 15:12:29,442 - nvd_autonomous - INFO - Move to: [-35, -15]
2025-10-31 15:12:30,724 - nvd_autonomous - INFO - Robot start talking
2025-10-31 15:12:30,930 - nvd_autonomous - INFO - Robot start talking
2025-10-31 15:12:31,146 - nvd_autonomous - INFO - Robot start talking
2025-10-31 15:12:31,347 - nvd_autonomous - INFO - Robot start talking
2025-10-31 15:12:31,563 - nvd_autonomous - INFO - Robot start talking
2025-10-31 15:12:32,001 - nvd_autonomous - INFO - No one talking
2025-10-31 15:12:32,433 - nvd_autonomous - INFO - Start Talking: 3
2025-10-31 15:12:32,433 - nvd_autonomous - INFO - Move to: [35, -15]
2025-10-31 15:12:33,080 - nvd_autonomous - INFO - No one talking
2025-10-31 15:12:33,283 - nvd_autonomous - INFO - Start Talking: 3
2025-10-31 15:12:33,283 - nvd_autonomous - INFO - Move to: [35, -15]
2025-10-31 15:12:33,505 - nvd_autonomous - INFO - Start Talking: 0
2025-10-31 15:12:33,505 - nvd_autonomous - INFO - Move to: [-35, -15]
2025-10-31 15:12:35,009 - nvd_autonomous - INFO - Start Talking: 1
2025-10-31 15:12:35,009 - nvd_autonomous - INFO - Move to: [-35, -15]
2025-10-31 15:12:42,046 - nvd_autonomous - INFO - Backchanneling to: [-35, -15]
2025-10-31 15:12:49,098 - nvd_autonomous - INFO - Backchanneling to: [-35, -15]
2025-10-31 15:12:51,250 - nvd_autonomous - INFO - No one talking
2025-10-31 15:12:54,039 - nvd_autonomous - INFO - Start Talking: 1
2025-10-31 15:12:54,039 - nvd_autonomous - INFO - Move to: [-35, -15]
2025-10-31 15:12:54,470 - nvd_autonomous - INFO - No one talking
2025-10-31 15:12:54,909 - nvd_autonomous - INFO - Start Talking: 0
2025-10-31 15:12:54,909 - nvd_autonomous - INFO - Move to: [-35, -15]
2025-10-31 15:12:55,997 - nvd_autonomous - INFO - Start Talking: 1
2025-10-31 15:12:55,997 - nvd_autonomous - INFO - Move to: [-35, -15]
2025-10-31 15:12:56,860 - nvd_autonomous - INFO - Start Talking: 1
2025-10-31 15:12:56,860 - nvd_autonomous - INFO - Move to: [-35, -15]
2025-10-31 15:12:57,299 - nvd_autonomous - INFO - No one talking
2025-10-31 15:13:02,054 - nvd_autonomous - INFO - Start Talking: 1
2025-10-31 15:13:02,054 - nvd_autonomous - INFO - Move to: [-35, -15]
2025-10-31 15:13:03,543 - nvd_autonomous - INFO - No one talking
2025-10-31 15:13:03,759 - nvd_autonomous - INFO - Robot start talking
2025-10-31 15:13:04,176 - nvd_autonomous - INFO - No one talking
2025-10-31 15:13:04,592 - nvd_autonomous - INFO - Start Talking: 0
2025-10-31 15:13:04,592 - nvd_autonomous - INFO - Move to: [-35, -15]
2025-10-31 15:13:05,665 - nvd_autonomous - INFO - No one talking
2025-10-31 15:13:06,297 - nvd_autonomous - INFO - Start Talking: 0
2025-10-31 15:13:06,297 - nvd_autonomous - INFO - Move to: [-35, -15]
2025-10-31 15:13:06,736 - nvd_autonomous - INFO - Start Talking: 0
2025-10-31 15:13:06,736 - nvd_autonomous - INFO - Move to: [-35, -15]
2025-10-31 15:13:07,152 - nvd_autonomous - INFO - No one talking
2025-10-31 15:13:15,701 - nvd_autonomous - INFO - Set icon to: lupa.png
2025-10-31 15:13:19,096 - nvd_autonomous - INFO - Clean Queue
2025-10-31 15:13:19,945 - nvd_autonomous - INFO - Start Talking: 0
2025-10-31 15:13:19,945 - nvd_autonomous - INFO - Move to: [-35, -15]
2025-10-31 15:13:26,211 - nvd_autonomous - INFO - Clean Queue
2025-10-31 15:13:27,045 - nvd_autonomous - INFO - Backchanneling to: [-35, -15]
2025-10-31 15:13:31,776 - nvd_autonomous - INFO - Robot start talking
2025-10-31 15:13:31,992 - nvd_autonomous - INFO - Start Talking: 1
2025-10-31 15:13:31,992 - nvd_autonomous - INFO - Move to: [-35, -15]
2025-10-31 15:13:32,647 - nvd_autonomous - INFO - Robot start talking
2025-10-31 15:13:32,855 - nvd_autonomous - INFO - Robot start talking
2025-10-31 15:13:33,064 - nvd_autonomous - INFO - Robot start talking
2025-10-31 15:13:33,280 - nvd_autonomous - INFO - Robot start talking
2025-10-31 15:13:33,496 - nvd_autonomous - INFO - Robot start talking
2025-10-31 15:13:33,712 - nvd_autonomous - INFO - Robot start talking
2025-10-31 15:13:33,925 - nvd_autonomous - INFO - Robot start talking
2025-10-31 15:13:34,136 - nvd_autonomous - INFO - Robot start talking
2025-10-31 15:13:34,352 - nvd_autonomous - INFO - Robot start talking
2025-10-31 15:13:34,568 - nvd_autonomous - INFO - Robot start talking
2025-10-31 15:13:34,784 - nvd_autonomous - INFO - Robot start talking
2025-10-31 15:13:35,000 - nvd_autonomous - INFO - Robot start talking
2025-10-31 15:13:35,215 - nvd_autonomous - INFO - Robot start talking
2025-10-31 15:13:35,437 - nvd_autonomous - INFO - Robot start talking
2025-10-31 15:13:35,653 - nvd_autonomous - INFO - Robot start talking
2025-10-31 15:13:35,854 - nvd_autonomous - INFO - Clean Queue
2025-10-31 15:13:35,854 - nvd_autonomous - INFO - Robot start talking
2025-10-31 15:13:36,069 - nvd_autonomous - INFO - Robot start talking
2025-10-31 15:13:36,270 - nvd_autonomous - INFO - Robot start talking
2025-10-31 15:13:36,478 - nvd_autonomous - INFO - Robot start talking
2025-10-31 15:13:36,687 - nvd_autonomous - INFO - Robot start talking
2025-10-31 15:13:36,903 - nvd_autonomous - INFO - Robot start talking
2025-10-31 15:13:37,120 - nvd_autonomous - INFO - Robot start talking
2025-10-31 15:13:37,342 - nvd_autonomous - INFO - Robot start talking
2025-10-31 15:13:37,559 - nvd_autonomous - INFO - Robot start talking
2025-10-31 15:13:37,775 - nvd_autonomous - INFO - Robot start talking
2025-10-31 15:13:37,991 - nvd_autonomous - INFO - Robot start talking
2025-10-31 15:13:38,207 - nvd_autonomous - INFO - Robot start talking
2025-10-31 15:13:38,423 - nvd_autonomous - INFO - Robot start talking
2025-10-31 15:13:38,646 - nvd_autonomous - INFO - Robot start talking
2025-10-31 15:13:38,854 - nvd_autonomous - INFO - Robot start talking
2025-10-31 15:13:39,078 - nvd_autonomous - INFO - Robot start talking
2025-10-31 15:13:39,294 - nvd_autonomous - INFO - Robot start talking
2025-10-31 15:13:39,510 - nvd_autonomous - INFO - Robot start talking
2025-10-31 15:13:39,726 - nvd_autonomous - INFO - Robot start talking
2025-10-31 15:13:39,948 - nvd_autonomous - INFO - Robot start talking
2025-10-31 15:13:40,164 - nvd_autonomous - INFO - Robot start talking
2025-10-31 15:13:40,380 - nvd_autonomous - INFO - Robot start talking
2025-10-31 15:13:40,596 - nvd_autonomous - INFO - Robot start talking
2025-10-31 15:13:40,814 - nvd_autonomous - INFO - Robot start talking
2025-10-31 15:13:41,028 - nvd_autonomous - INFO - Robot start talking
2025-10-31 15:13:41,251 - nvd_autonomous - INFO - Robot start talking
2025-10-31 15:13:41,455 - nvd_autonomous - INFO - Set icon to: lupa.png
2025-10-31 15:13:41,455 - nvd_autonomous - INFO - Robot start talking
2025-10-31 15:13:41,668 - nvd_autonomous - INFO - Robot start talking
2025-10-31 15:13:41,884 - nvd_autonomous - INFO - Robot start talking
2025-10-31 15:13:42,101 - nvd_autonomous - INFO - Robot start talking
2025-10-31 15:13:42,316 - nvd_autonomous - INFO - Robot start talking
2025-10-31 15:13:42,532 - nvd_autonomous - INFO - Robot start talking
2025-10-31 15:13:42,755 - nvd_autonomous - INFO - Robot start talking
2025-10-31 15:13:42,971 - nvd_autonomous - INFO - Robot start talking
2025-10-31 15:13:43,187 - nvd_autonomous - INFO - Robot start talking
2025-10-31 15:13:43,403 - nvd_autonomous - INFO - Start Talking: 3
2025-10-31 15:13:43,403 - nvd_autonomous - INFO - Move to: [35, -15]
2025-10-31 15:13:44,039 - nvd_autonomous - INFO - Robot start talking
2025-10-31 15:13:44,259 - nvd_autonomous - INFO - Robot start talking
2025-10-31 15:13:44,475 - nvd_autonomous - INFO - Robot start talking
2025-10-31 15:13:44,690 - nvd_autonomous - INFO - Robot start talking
2025-10-31 15:13:44,906 - nvd_autonomous - INFO - Robot start talking
2025-10-31 15:13:45,122 - nvd_autonomous - INFO - Robot start talking
2025-10-31 15:13:45,326 - nvd_autonomous - INFO - Robot start talking
2025-10-31 15:13:45,539 - nvd_autonomous - INFO - Robot start talking
2025-10-31 15:13:45,762 - nvd_autonomous - INFO - Robot start talking
2025-10-31 15:13:45,978 - nvd_autonomous - INFO - Robot start talking
2025-10-31 15:13:46,187 - nvd_autonomous - INFO - Robot start talking
2025-10-31 15:13:46,395 - nvd_autonomous - INFO - Robot start talking
2025-10-31 15:13:46,611 - nvd_autonomous - INFO - Robot start talking
2025-10-31 15:13:46,827 - nvd_autonomous - INFO - Robot start talking
2025-10-31 15:13:47,042 - nvd_autonomous - INFO - Robot start talking
2025-10-31 15:13:47,250 - nvd_autonomous - INFO - Set icon to: speaking.png
2025-10-31 15:13:47,251 - nvd_autonomous - INFO - Robot start talking
2025-10-31 15:13:47,467 - nvd_autonomous - INFO - Robot start talking
2025-10-31 15:13:47,683 - nvd_autonomous - INFO - Robot start talking
2025-10-31 15:13:47,899 - nvd_autonomous - INFO - Robot start talking
2025-10-31 15:13:48,115 - nvd_autonomous - INFO - Robot start talking
2025-10-31 15:13:48,332 - nvd_autonomous - INFO - Robot start talking
2025-10-31 15:13:48,548 - nvd_autonomous - INFO - Robot start talking
2025-10-31 15:13:48,771 - nvd_autonomous - INFO - Robot start talking
2025-10-31 15:13:48,987 - nvd_autonomous - INFO - Robot start talking
2025-10-31 15:13:49,204 - nvd_autonomous - INFO - Robot start talking
2025-10-31 15:13:49,420 - nvd_autonomous - INFO - Robot start talking
2025-10-31 15:13:49,637 - nvd_autonomous - INFO - Robot start talking
2025-10-31 15:13:49,853 - nvd_autonomous - INFO - Robot start talking
2025-10-31 15:13:50,076 - nvd_autonomous - INFO - Robot start talking
2025-10-31 15:13:50,293 - nvd_autonomous - INFO - Robot start talking
2025-10-31 15:13:50,509 - nvd_autonomous - INFO - Robot start talking
2025-10-31 15:13:50,725 - nvd_autonomous - INFO - Robot start talking
2025-10-31 15:13:50,941 - nvd_autonomous - INFO - Robot start talking
2025-10-31 15:13:51,155 - nvd_autonomous - INFO - Robot start talking
2025-10-31 15:13:51,358 - nvd_autonomous - INFO - Robot start talking
2025-10-31 15:13:51,580 - nvd_autonomous - INFO - Robot start talking
2025-10-31 15:13:51,796 - nvd_autonomous - INFO - Robot start talking
2025-10-31 15:13:52,007 - nvd_autonomous - INFO - Robot start talking
2025-10-31 15:13:52,221 - nvd_autonomous - INFO - Robot start talking
2025-10-31 15:13:52,443 - nvd_autonomous - INFO - Robot start talking
2025-10-31 15:13:52,659 - nvd_autonomous - INFO - Robot start talking
2025-10-31 15:13:52,875 - nvd_autonomous - INFO - Robot start talking
2025-10-31 15:13:53,091 - nvd_autonomous - INFO - Robot start talking
2025-10-31 15:13:53,294 - nvd_autonomous - INFO - Robot start talking
2025-10-31 15:13:53,508 - nvd_autonomous - INFO - Start Talking: 3
2025-10-31 15:13:53,508 - nvd_autonomous - INFO - Move to: [35, -15]
2025-10-31 15:13:53,724 - nvd_autonomous - INFO - Robot start talking
2025-10-31 15:13:53,928 - nvd_autonomous - INFO - Robot start talking
2025-10-31 15:13:54,148 - nvd_autonomous - INFO - Robot start talking
2025-10-31 15:13:54,364 - nvd_autonomous - INFO - Robot start talking
2025-10-31 15:13:54,571 - nvd_autonomous - INFO - Robot start talking
2025-10-31 15:13:54,779 - nvd_autonomous - INFO - Robot start talking
2025-10-31 15:13:54,995 - nvd_autonomous - INFO - Robot start talking
2025-10-31 15:13:55,225 - nvd_autonomous - INFO - Start Talking: 3
2025-10-31 15:13:55,225 - nvd_autonomous - INFO - Move to: [35, -15]
2025-10-31 15:13:55,449 - nvd_autonomous - INFO - Robot start talking
2025-10-31 15:13:55,664 - nvd_autonomous - INFO - Robot start talking
2025-10-31 15:13:55,880 - nvd_autonomous - INFO - Robot start talking
2025-10-31 15:13:56,096 - nvd_autonomous - INFO - Robot start talking
2025-10-31 15:13:56,312 - nvd_autonomous - INFO - Robot start talking
2025-10-31 15:13:56,528 - nvd_autonomous - INFO - Robot start talking
2025-10-31 15:13:56,752 - nvd_autonomous - INFO - Robot start talking
2025-10-31 15:13:56,968 - nvd_autonomous - INFO - Robot start talking
2025-10-31 15:13:57,171 - nvd_autonomous - INFO - Robot start talking
2025-10-31 15:13:57,384 - nvd_autonomous - INFO - Robot start talking
2025-10-31 15:13:57,600 - nvd_autonomous - INFO - Robot start talking
2025-10-31 15:13:57,817 - nvd_autonomous - INFO - Robot start talking
2025-10-31 15:13:58,033 - nvd_autonomous - INFO - Robot start talking
2025-10-31 15:13:58,256 - nvd_autonomous - INFO - Robot start talking
2025-10-31 15:13:58,471 - nvd_autonomous - INFO - Robot start talking
2025-10-31 15:13:58,688 - nvd_autonomous - INFO - Robot start talking
2025-10-31 15:13:58,904 - nvd_autonomous - INFO - Robot start talking
2025-10-31 15:13:59,121 - nvd_autonomous - INFO - Robot start talking
2025-10-31 15:13:59,334 - nvd_autonomous - INFO - Robot start talking
2025-10-31 15:13:59,537 - nvd_autonomous - INFO - Robot start talking
2025-10-31 15:13:59,738 - nvd_autonomous - INFO - Robot start talking
2025-10-31 15:13:59,961 - nvd_autonomous - INFO - Robot start talking
2025-10-31 15:14:00,177 - nvd_autonomous - INFO - Robot start talking
2025-10-31 15:14:00,393 - nvd_autonomous - INFO - Robot start talking
2025-10-31 15:14:00,609 - nvd_autonomous - INFO - Robot start talking
2025-10-31 15:14:00,825 - nvd_autonomous - INFO - Robot start talking
2025-10-31 15:14:01,041 - nvd_autonomous - INFO - Robot start talking
2025-10-31 15:14:01,242 - nvd_autonomous - INFO - Robot start talking
2025-10-31 15:14:01,465 - nvd_autonomous - INFO - Robot start talking
2025-10-31 15:14:01,681 - nvd_autonomous - INFO - Robot start talking
2025-10-31 15:14:01,897 - nvd_autonomous - INFO - Robot start talking
2025-10-31 15:14:02,113 - nvd_autonomous - INFO - Robot start talking
2025-10-31 15:14:02,329 - nvd_autonomous - INFO - Robot start talking
2025-10-31 15:14:02,545 - nvd_autonomous - INFO - Robot start talking
2025-10-31 15:14:02,767 - nvd_autonomous - INFO - Robot start talking
2025-10-31 15:14:02,971 - nvd_autonomous - INFO - Robot start talking
2025-10-31 15:14:03,188 - nvd_autonomous - INFO - Robot start talking
2025-10-31 15:14:03,395 - nvd_autonomous - INFO - Robot start talking
2025-10-31 15:14:03,626 - nvd_autonomous - INFO - Robot start talking
2025-10-31 15:14:03,842 - nvd_autonomous - INFO - Robot start talking
2025-10-31 15:14:04,058 - nvd_autonomous - INFO - Robot start talking
2025-10-31 15:14:04,274 - nvd_autonomous - INFO - Robot start talking
2025-10-31 15:14:04,477 - nvd_autonomous - INFO - Robot start talking
2025-10-31 15:14:04,690 - nvd_autonomous - INFO - Robot start talking
2025-10-31 15:14:04,913 - nvd_autonomous - INFO - Robot start talking
2025-10-31 15:14:05,130 - nvd_autonomous - INFO - Robot start talking
2025-10-31 15:14:05,346 - nvd_autonomous - INFO - Robot start talking
2025-10-31 15:14:05,562 - nvd_autonomous - INFO - Robot start talking
2025-10-31 15:14:05,778 - nvd_autonomous - INFO - Robot start talking
2025-10-31 15:14:05,994 - nvd_autonomous - INFO - Robot start talking
2025-10-31 15:14:06,216 - nvd_autonomous - INFO - Robot start talking
2025-10-31 15:14:06,432 - nvd_autonomous - INFO - Robot start talking
2025-10-31 15:14:06,648 - nvd_autonomous - INFO - Robot start talking
2025-10-31 15:14:06,864 - nvd_autonomous - INFO - Robot start talking
2025-10-31 15:14:07,081 - nvd_autonomous - INFO - Robot start talking
2025-10-31 15:14:07,297 - nvd_autonomous - INFO - Start Talking: 3
2025-10-31 15:14:07,297 - nvd_autonomous - INFO - Move to: [35, -15]
2025-10-31 15:14:07,721 - nvd_autonomous - INFO - Start Talking: 1
2025-10-31 15:14:07,721 - nvd_autonomous - INFO - Move to: [-35, -15]
2025-10-31 15:14:08,153 - nvd_autonomous - INFO - Start Talking: 1
2025-10-31 15:14:08,153 - nvd_autonomous - INFO - Move to: [-35, -15]
2025-10-31 15:14:08,368 - nvd_autonomous - INFO - Start Talking: 3
2025-10-31 15:14:08,368 - nvd_autonomous - INFO - Move to: [35, -15]
2025-10-31 15:14:08,801 - nvd_autonomous - INFO - No one talking
2025-10-31 15:14:09,024 - nvd_autonomous - INFO - Start Talking: 0
2025-10-31 15:14:09,024 - nvd_autonomous - INFO - Move to: [-35, -15]
2025-10-31 15:14:16,086 - nvd_autonomous - INFO - Backchanneling to: [-35, -15]
2025-10-31 15:14:17,802 - nvd_autonomous - INFO - Robot start talking
2025-10-31 15:14:18,006 - nvd_autonomous - INFO - Robot start talking
2025-10-31 15:14:18,221 - nvd_autonomous - INFO - Robot start talking
2025-10-31 15:14:18,450 - nvd_autonomous - INFO - Robot start talking
2025-10-31 15:14:18,659 - nvd_autonomous - INFO - Robot start talking
2025-10-31 15:14:18,876 - nvd_autonomous - INFO - Start Talking: 3
2025-10-31 15:14:18,876 - nvd_autonomous - INFO - Move to: [35, -15]
2025-10-31 15:14:22,103 - nvd_autonomous - INFO - Move pan to: 35
2025-10-31 15:14:22,103 - nvd_autonomous - INFO - Move tilt to: -15
2025-10-31 15:14:22,317 - nvd_autonomous - INFO - No one talking
2025-10-31 15:14:22,531 - nvd_autonomous - INFO - Start Talking: 3
2025-10-31 15:14:22,531 - nvd_autonomous - INFO - Move to: [35, -15]
2025-10-31 15:14:24,020 - nvd_autonomous - INFO - Move pan to: 35
2025-10-31 15:14:24,020 - nvd_autonomous - INFO - Move tilt to: -15
2025-10-31 15:14:24,890 - nvd_autonomous - INFO - Move pan to: 35
2025-10-31 15:14:24,890 - nvd_autonomous - INFO - Move tilt to: -15
2025-10-31 15:14:25,977 - nvd_autonomous - INFO - Clean Queue
2025-10-31 15:14:26,619 - nvd_autonomous - INFO - Move pan to: 35
2025-10-31 15:14:26,619 - nvd_autonomous - INFO - Move tilt to: -15
2025-10-31 15:14:29,415 - nvd_autonomous - INFO - Start Talking: 1
2025-10-31 15:14:29,415 - nvd_autonomous - INFO - Move to: [-35, -15]
2025-10-31 15:14:30,071 - nvd_autonomous - INFO - Start Talking: 3
2025-10-31 15:14:30,071 - nvd_autonomous - INFO - Move to: [35, -15]
2025-10-31 15:14:33,235 - nvd_autonomous - INFO - Move pan to: 35
2025-10-31 15:14:33,235 - nvd_autonomous - INFO - Move tilt to: -15
2025-10-31 15:14:34,097 - nvd_autonomous - INFO - Start Talking: 3
2025-10-31 15:14:34,097 - nvd_autonomous - INFO - Move to: [35, -15]
2025-10-31 15:14:41,100 - nvd_autonomous - INFO - Backchanneling to: [35, -15]
2025-10-31 15:14:41,748 - nvd_autonomous - INFO - Start Talking: 0
2025-10-31 15:14:41,748 - nvd_autonomous - INFO - Move to: [-35, -15]
2025-10-31 15:14:41,964 - nvd_autonomous - INFO - Start Talking: 3
2025-10-31 15:14:41,964 - nvd_autonomous - INFO - Move to: [35, -15]
2025-10-31 15:14:43,922 - nvd_autonomous - INFO - Start Talking: 3
2025-10-31 15:14:43,922 - nvd_autonomous - INFO - Move to: [35, -15]
2025-10-31 15:14:46,714 - nvd_autonomous - INFO - Move pan to: 35
2025-10-31 15:14:46,714 - nvd_autonomous - INFO - Move tilt to: -15
2025-10-31 15:14:51,009 - nvd_autonomous - INFO - Backchanneling to: [35, -15]
2025-10-31 15:14:51,857 - nvd_autonomous - INFO - Start Talking: 1
2025-10-31 15:14:51,857 - nvd_autonomous - INFO - Move to: [-35, -15]
2025-10-31 15:14:52,073 - nvd_autonomous - INFO - Start Talking: 0
2025-10-31 15:14:52,073 - nvd_autonomous - INFO - Move to: [-35, -15]
2025-10-31 15:14:52,930 - nvd_autonomous - INFO - Start Talking: 3
2025-10-31 15:14:52,930 - nvd_autonomous - INFO - Move to: [35, -15]
2025-10-31 15:14:56,753 - nvd_autonomous - INFO - No one talking
2025-10-31 15:14:57,401 - nvd_autonomous - INFO - Start Talking: 3
2025-10-31 15:14:57,401 - nvd_autonomous - INFO - Move to: [35, -15]
2025-10-31 15:14:59,344 - nvd_autonomous - INFO - Start Talking: 3
2025-10-31 15:14:59,344 - nvd_autonomous - INFO - Move to: [35, -15]
2025-10-31 15:15:00,193 - nvd_autonomous - INFO - Move pan to: 35
2025-10-31 15:15:00,193 - nvd_autonomous - INFO - Move tilt to: -15
2025-10-31 15:15:00,407 - nvd_autonomous - INFO - Start Talking: 3
2025-10-31 15:15:00,407 - nvd_autonomous - INFO - Move to: [35, -15]
2025-10-31 15:15:00,831 - nvd_autonomous - INFO - No one talking
2025-10-31 15:15:01,264 - nvd_autonomous - INFO - Start Talking: 1
2025-10-31 15:15:01,264 - nvd_autonomous - INFO - Move to: [-35, -15]
2025-10-31 15:15:01,896 - nvd_autonomous - INFO - Start Talking: 1
2025-10-31 15:15:01,896 - nvd_autonomous - INFO - Move to: [-35, -15]
2025-10-31 15:15:03,168 - nvd_autonomous - INFO - Start Talking: 0
2025-10-31 15:15:03,168 - nvd_autonomous - INFO - Move to: [-35, -15]
2025-10-31 15:15:04,418 - nvd_autonomous - INFO - Start Talking: 3
2025-10-31 15:15:04,418 - nvd_autonomous - INFO - Move to: [35, -15]
2025-10-31 15:15:08,513 - nvd_autonomous - INFO - Start Talking: 1
2025-10-31 15:15:08,513 - nvd_autonomous - INFO - Move to: [-35, -15]
2025-10-31 15:15:08,729 - nvd_autonomous - INFO - Start Talking: 3
2025-10-31 15:15:08,729 - nvd_autonomous - INFO - Move to: [35, -15]
2025-10-31 15:15:08,952 - nvd_autonomous - INFO - Start Talking: 1
2025-10-31 15:15:08,952 - nvd_autonomous - INFO - Move to: [-35, -15]
2025-10-31 15:15:09,168 - nvd_autonomous - INFO - Start Talking: 3
2025-10-31 15:15:09,168 - nvd_autonomous - INFO - Move to: [35, -15]
2025-10-31 15:15:09,383 - nvd_autonomous - INFO - Start Talking: 1
2025-10-31 15:15:09,383 - nvd_autonomous - INFO - Move to: [-35, -15]
2025-10-31 15:15:09,603 - nvd_autonomous - INFO - Start Talking: 3
2025-10-31 15:15:09,603 - nvd_autonomous - INFO - Move to: [35, -15]
2025-10-31 15:15:11,117 - nvd_autonomous - INFO - No one talking
2025-10-31 15:15:11,736 - nvd_autonomous - INFO - Robot start talking
2025-10-31 15:15:12,174 - nvd_autonomous - INFO - No one talking
2025-10-31 15:15:13,024 - nvd_autonomous - INFO - Start Talking: 3
2025-10-31 15:15:13,024 - nvd_autonomous - INFO - Move to: [35, -15]
2025-10-31 15:15:13,441 - nvd_autonomous - INFO - Start Talking: 3
2025-10-31 15:15:13,441 - nvd_autonomous - INFO - Move to: [35, -15]
2025-10-31 15:15:15,399 - nvd_autonomous - INFO - Start Talking: 1
2025-10-31 15:15:15,399 - nvd_autonomous - INFO - Move to: [-35, -15]
2025-10-31 15:15:15,830 - nvd_autonomous - INFO - Start Talking: 3
2025-10-31 15:15:15,830 - nvd_autonomous - INFO - Move to: [35, -15]
2025-10-31 15:15:16,033 - nvd_autonomous - INFO - Move pan to: 35
2025-10-31 15:15:16,033 - nvd_autonomous - INFO - Move tilt to: -15
2025-10-31 15:15:17,118 - nvd_autonomous - INFO - Robot start talking
2025-10-31 15:15:17,334 - nvd_autonomous - INFO - Robot start talking
2025-10-31 15:15:17,535 - nvd_autonomous - INFO - Robot start talking
2025-10-31 15:15:17,751 - nvd_autonomous - INFO - Robot start talking
2025-10-31 15:15:17,953 - nvd_autonomous - INFO - Robot start talking
2025-10-31 15:15:18,175 - nvd_autonomous - INFO - Robot start talking
2025-10-31 15:15:18,391 - nvd_autonomous - INFO - Robot start talking
2025-10-31 15:15:18,606 - nvd_autonomous - INFO - Robot start talking
2025-10-31 15:15:18,822 - nvd_autonomous - INFO - Robot start talking
2025-10-31 15:15:19,039 - nvd_autonomous - INFO - Robot start talking
2025-10-31 15:15:19,255 - nvd_autonomous - INFO - Robot start talking
2025-10-31 15:15:19,477 - nvd_autonomous - INFO - Robot start talking
2025-10-31 15:15:19,693 - nvd_autonomous - INFO - Robot start talking
2025-10-31 15:15:19,910 - nvd_autonomous - INFO - Robot start talking
2025-10-31 15:15:20,117 - nvd_autonomous - INFO - Robot start talking
2025-10-31 15:15:20,325 - nvd_autonomous - INFO - Robot start talking
2025-10-31 15:15:20,541 - nvd_autonomous - INFO - Robot start talking
2025-10-31 15:15:20,742 - nvd_autonomous - INFO - Robot start talking
2025-10-31 15:15:20,958 - nvd_autonomous - INFO - Robot start talking
2025-10-31 15:15:21,180 - nvd_autonomous - INFO - Robot start talking
2025-10-31 15:15:21,397 - nvd_autonomous - INFO - Robot start talking
2025-10-31 15:15:21,612 - nvd_autonomous - INFO - Robot start talking
2025-10-31 15:15:21,828 - nvd_autonomous - INFO - Robot start talking
2025-10-31 15:15:22,044 - nvd_autonomous - INFO - Robot start talking
2025-10-31 15:15:22,259 - nvd_autonomous - INFO - Robot start talking
2025-10-31 15:15:22,459 - nvd_autonomous - INFO - Robot start talking
2025-10-31 15:15:22,681 - nvd_autonomous - INFO - Robot start talking
2025-10-31 15:15:22,883 - nvd_autonomous - INFO - Robot start talking
2025-10-31 15:15:23,099 - nvd_autonomous - INFO - Robot start talking
2025-10-31 15:15:23,314 - nvd_autonomous - INFO - Robot start talking
2025-10-31 15:15:23,531 - nvd_autonomous - INFO - Robot start talking
2025-10-31 15:15:23,747 - nvd_autonomous - INFO - Robot start talking
2025-10-31 15:15:23,963 - nvd_autonomous - INFO - Robot start talking
2025-10-31 15:15:24,185 - nvd_autonomous - INFO - Robot start talking
2025-10-31 15:15:24,401 - nvd_autonomous - INFO - Robot start talking
2025-10-31 15:15:24,610 - nvd_autonomous - INFO - Robot start talking
2025-10-31 15:15:24,818 - nvd_autonomous - INFO - Robot start talking
2025-10-31 15:15:25,034 - nvd_autonomous - INFO - Robot start talking
2025-10-31 15:15:25,248 - nvd_autonomous - INFO - Robot start talking
2025-10-31 15:15:25,465 - nvd_autonomous - INFO - Robot start talking
2025-10-31 15:15:25,687 - nvd_autonomous - INFO - Robot start talking
2025-10-31 15:15:25,903 - nvd_autonomous - INFO - Robot start talking
2025-10-31 15:15:26,119 - nvd_autonomous - INFO - Robot start talking
2025-10-31 15:15:26,336 - nvd_autonomous - INFO - Robot start talking
2025-10-31 15:15:26,551 - nvd_autonomous - INFO - Robot start talking
2025-10-31 15:15:26,768 - nvd_autonomous - INFO - Robot start talking
2025-10-31 15:15:26,990 - nvd_autonomous - INFO - Robot start talking
2025-10-31 15:15:27,206 - nvd_autonomous - INFO - Robot start talking
2025-10-31 15:15:27,421 - nvd_autonomous - INFO - Robot start talking
2025-10-31 15:15:27,638 - nvd_autonomous - INFO - Start Talking: 1
2025-10-31 15:15:27,638 - nvd_autonomous - INFO - Move to: [-35, -15]
2025-10-31 15:15:27,853 - nvd_autonomous - INFO - Robot start talking
2025-10-31 15:15:28,069 - nvd_autonomous - INFO - Start Talking: 3
2025-10-31 15:15:28,069 - nvd_autonomous - INFO - Move to: [35, -15]
2025-10-31 15:15:28,509 - nvd_autonomous - INFO - Robot start talking
2025-10-31 15:15:28,725 - nvd_autonomous - INFO - Robot start talking
2025-10-31 15:15:28,941 - nvd_autonomous - INFO - Robot start talking
2025-10-31 15:15:29,157 - nvd_autonomous - INFO - Robot start talking
2025-10-31 15:15:29,371 - nvd_autonomous - INFO - Robot start talking
2025-10-31 15:15:29,574 - nvd_autonomous - INFO - Robot start talking
2025-10-31 15:15:29,796 - nvd_autonomous - INFO - Robot start talking
2025-10-31 15:15:30,012 - nvd_autonomous - INFO - Robot start talking
2025-10-31 15:15:30,228 - nvd_autonomous - INFO - Robot start talking
2025-10-31 15:15:30,445 - nvd_autonomous - INFO - Robot start talking
2025-10-31 15:15:30,660 - nvd_autonomous - INFO - Robot start talking
2025-10-31 15:15:30,876 - nvd_autonomous - INFO - Robot start talking
2025-10-31 15:15:31,093 - nvd_autonomous - INFO - Robot start talking
2025-10-31 15:15:31,300 - nvd_autonomous - INFO - Robot start talking
2025-10-31 15:15:31,516 - nvd_autonomous - INFO - Robot start talking
2025-10-31 15:15:31,725 - nvd_autonomous - INFO - Robot start talking
2025-10-31 15:15:31,932 - nvd_autonomous - INFO - Robot start talking
2025-10-31 15:15:32,148 - nvd_autonomous - INFO - Robot start talking
2025-10-31 15:15:32,364 - nvd_autonomous - INFO - Robot start talking
2025-10-31 15:15:32,579 - nvd_autonomous - INFO - Robot start talking
2025-10-31 15:15:32,785 - nvd_autonomous - INFO - Robot start talking
2025-10-31 15:15:32,996 - nvd_autonomous - INFO - Robot start talking
2025-10-31 15:15:33,219 - nvd_autonomous - INFO - Robot start talking
2025-10-31 15:15:33,435 - nvd_autonomous - INFO - Robot start talking
2025-10-31 15:15:33,650 - nvd_autonomous - INFO - Robot start talking
2025-10-31 15:15:33,866 - nvd_autonomous - INFO - Robot start talking
2025-10-31 15:15:34,082 - nvd_autonomous - INFO - Robot start talking
2025-10-31 15:15:34,299 - nvd_autonomous - INFO - Robot start talking
2025-10-31 15:15:34,521 - nvd_autonomous - INFO - Robot start talking
2025-10-31 15:15:34,737 - nvd_autonomous - INFO - Robot start talking
2025-10-31 15:15:34,953 - nvd_autonomous - INFO - Robot start talking
2025-10-31 15:15:35,169 - nvd_autonomous - INFO - Robot start talking
2025-10-31 15:15:35,385 - nvd_autonomous - INFO - Robot start talking
2025-10-31 15:15:35,602 - nvd_autonomous - INFO - Robot start talking
2025-10-31 15:15:35,825 - nvd_autonomous - INFO - Robot start talking
2025-10-31 15:15:36,041 - nvd_autonomous - INFO - Robot start talking
2025-10-31 15:15:36,257 - nvd_autonomous - INFO - Robot start talking
2025-10-31 15:15:36,472 - nvd_autonomous - INFO - Robot start talking
2025-10-31 15:15:36,689 - nvd_autonomous - INFO - Robot start talking
2025-10-31 15:15:36,905 - nvd_autonomous - INFO - Robot start talking
2025-10-31 15:15:37,127 - nvd_autonomous - INFO - Robot start talking
2025-10-31 15:15:37,343 - nvd_autonomous - INFO - Robot start talking
2025-10-31 15:15:37,559 - nvd_autonomous - INFO - Robot start talking
2025-10-31 15:15:37,775 - nvd_autonomous - INFO - Start Talking: 3
2025-10-31 15:15:37,775 - nvd_autonomous - INFO - Move to: [35, -15]
2025-10-31 15:15:42,072 - nvd_autonomous - INFO - Move pan to: 35
2025-10-31 15:15:42,072 - nvd_autonomous - INFO - Move tilt to: -15
2025-10-31 15:15:44,878 - nvd_autonomous - INFO - Backchanneling to: [35, -15]
2025-10-31 15:15:51,941 - nvd_autonomous - INFO - Backchanneling to: [35, -15]
2025-10-31 15:15:53,645 - nvd_autonomous - INFO - Start Talking: 1
2025-10-31 15:15:53,645 - nvd_autonomous - INFO - Move to: [-35, -15]
2025-10-31 15:15:54,069 - nvd_autonomous - INFO - Start Talking: 3
2025-10-31 15:15:54,069 - nvd_autonomous - INFO - Move to: [35, -15]
2025-10-31 15:15:54,501 - nvd_autonomous - INFO - Start Talking: 1
2025-10-31 15:15:54,501 - nvd_autonomous - INFO - Move to: [-35, -15]
2025-10-31 15:15:54,717 - nvd_autonomous - INFO - Start Talking: 3
2025-10-31 15:15:54,717 - nvd_autonomous - INFO - Move to: [35, -15]
2025-10-31 15:16:01,603 - nvd_autonomous - INFO - Start Talking: 0
2025-10-31 15:16:01,603 - nvd_autonomous - INFO - Move to: [-35, -15]
2025-10-31 15:16:03,337 - nvd_autonomous - INFO - No one talking
2025-10-31 15:16:05,042 - nvd_autonomous - INFO - Start Talking: 0
2025-10-31 15:16:05,042 - nvd_autonomous - INFO - Move to: [-35, -15]
2025-10-31 15:16:12,173 - nvd_autonomous - INFO - Backchanneling to: [-35, -15]
2025-10-31 15:16:13,475 - nvd_autonomous - INFO - Start Talking: 3
2025-10-31 15:16:13,475 - nvd_autonomous - INFO - Move to: [35, -15]
2025-10-31 15:16:14,114 - nvd_autonomous - INFO - Start Talking: 1
2025-10-31 15:16:14,114 - nvd_autonomous - INFO - Move to: [-35, -15]
2025-10-31 15:16:21,160 - nvd_autonomous - INFO - Backchanneling to: [-35, -15]
2025-10-31 15:16:28,222 - nvd_autonomous - INFO - Backchanneling to: [-35, -15]
2025-10-31 15:16:35,223 - nvd_autonomous - INFO - Backchanneling to: [-35, -15]
2025-10-31 15:16:42,277 - nvd_autonomous - INFO - Backchanneling to: [-35, -15]
2025-10-31 15:16:49,337 - nvd_autonomous - INFO - Backchanneling to: [-35, -15]
2025-10-31 15:16:56,506 - nvd_autonomous - INFO - Backchanneling to: [-35, -15]
2025-10-31 15:17:03,507 - nvd_autonomous - INFO - Backchanneling to: [-35, -15]
2025-10-31 15:17:05,868 - nvd_autonomous - INFO - Start Talking: 3
2025-10-31 15:17:05,868 - nvd_autonomous - INFO - Move to: [35, -15]
2025-10-31 15:17:06,949 - nvd_autonomous - INFO - Start Talking: 1
2025-10-31 15:17:06,949 - nvd_autonomous - INFO - Move to: [-35, -15]
2025-10-31 15:17:14,088 - nvd_autonomous - INFO - Backchanneling to: [-35, -15]
2025-10-31 15:17:17,743 - nvd_autonomous - INFO - Start Talking: 3
2025-10-31 15:17:17,743 - nvd_autonomous - INFO - Move to: [35, -15]
2025-10-31 15:17:17,960 - nvd_autonomous - INFO - Start Talking: 1
2025-10-31 15:17:17,960 - nvd_autonomous - INFO - Move to: [-35, -15]
2025-10-31 15:17:18,176 - nvd_autonomous - INFO - Start Talking: 3
2025-10-31 15:17:18,176 - nvd_autonomous - INFO - Move to: [35, -15]
2025-10-31 15:17:18,393 - nvd_autonomous - INFO - Start Talking: 1
2025-10-31 15:17:18,394 - nvd_autonomous - INFO - Move to: [-35, -15]
2025-10-31 15:17:25,432 - nvd_autonomous - INFO - Backchanneling to: [-35, -15]
2025-10-31 15:17:27,366 - nvd_autonomous - INFO - Start Talking: 0
2025-10-31 15:17:27,366 - nvd_autonomous - INFO - Move to: [-35, -15]
2025-10-31 15:17:28,656 - nvd_autonomous - INFO - Start Talking: 3
2025-10-31 15:17:28,656 - nvd_autonomous - INFO - Move to: [35, -15]
2025-10-31 15:17:29,088 - nvd_autonomous - INFO - No one talking
2025-10-31 15:17:29,526 - nvd_autonomous - INFO - Start Talking: 0
2025-10-31 15:17:29,526 - nvd_autonomous - INFO - Move to: [-35, -15]
2025-10-31 15:17:32,310 - nvd_autonomous - INFO - Start Talking: 3
2025-10-31 15:17:32,310 - nvd_autonomous - INFO - Move to: [35, -15]
2025-10-31 15:17:32,533 - nvd_autonomous - INFO - Start Talking: 0
2025-10-31 15:17:32,533 - nvd_autonomous - INFO - Move to: [-35, -15]
2025-10-31 15:17:32,749 - nvd_autonomous - INFO - Start Talking: 3
2025-10-31 15:17:32,749 - nvd_autonomous - INFO - Move to: [35, -15]
2025-10-31 15:17:32,965 - nvd_autonomous - INFO - Start Talking: 0
2025-10-31 15:17:32,965 - nvd_autonomous - INFO - Move to: [-35, -15]
2025-10-31 15:17:33,181 - nvd_autonomous - INFO - Start Talking: 3
2025-10-31 15:17:33,181 - nvd_autonomous - INFO - Move to: [35, -15]
2025-10-31 15:17:33,395 - nvd_autonomous - INFO - Start Talking: 0
2025-10-31 15:17:33,395 - nvd_autonomous - INFO - Move to: [-35, -15]
2025-10-31 15:17:33,598 - nvd_autonomous - INFO - Start Talking: 3
2025-10-31 15:17:33,598 - nvd_autonomous - INFO - Move to: [35, -15]
2025-10-31 15:17:34,453 - nvd_autonomous - INFO - No one talking
2025-10-31 15:17:34,669 - nvd_autonomous - INFO - Start Talking: 3
2025-10-31 15:17:34,669 - nvd_autonomous - INFO - Move to: [35, -15]
2025-10-31 15:17:35,096 - nvd_autonomous - INFO - No one talking
2025-10-31 15:17:38,946 - nvd_autonomous - INFO - Start Talking: 3
2025-10-31 15:17:38,946 - nvd_autonomous - INFO - Move to: [35, -15]
2025-10-31 15:17:39,162 - nvd_autonomous - INFO - Start Talking: 0
2025-10-31 15:17:39,162 - nvd_autonomous - INFO - Move to: [-35, -15]
2025-10-31 15:17:39,594 - nvd_autonomous - INFO - No one talking
2025-10-31 15:17:40,025 - nvd_autonomous - INFO - Start Talking: 0
2025-10-31 15:17:40,025 - nvd_autonomous - INFO - Move to: [-35, -15]
2025-10-31 15:17:40,680 - nvd_autonomous - INFO - No one talking
2025-10-31 15:17:41,753 - nvd_autonomous - INFO - Start Talking: 3
2025-10-31 15:17:41,753 - nvd_autonomous - INFO - Move to: [35, -15]
2025-10-31 15:17:43,235 - nvd_autonomous - INFO - Start Talking: 1
2025-10-31 15:17:43,235 - nvd_autonomous - INFO - Move to: [-35, -15]
2025-10-31 15:17:43,675 - nvd_autonomous - INFO - No one talking
2025-10-31 15:17:46,882 - nvd_autonomous - INFO - Start Talking: 1
2025-10-31 15:17:46,882 - nvd_autonomous - INFO - Move to: [-35, -15]
2025-10-31 15:17:49,873 - nvd_autonomous - INFO - Start Talking: 3
2025-10-31 15:17:49,873 - nvd_autonomous - INFO - Move to: [35, -15]
2025-10-31 15:17:50,089 - nvd_autonomous - INFO - Start Talking: 1
2025-10-31 15:17:50,089 - nvd_autonomous - INFO - Move to: [-35, -15]
2025-10-31 15:17:53,758 - nvd_autonomous - INFO - Start Talking: 3
2025-10-31 15:17:53,758 - nvd_autonomous - INFO - Move to: [35, -15]
2025-10-31 15:17:54,815 - nvd_autonomous - INFO - No one talking
2025-10-31 15:17:56,519 - nvd_autonomous - INFO - Start Talking: 0
2025-10-31 15:17:56,519 - nvd_autonomous - INFO - Move to: [-35, -15]
2025-10-31 15:17:58,453 - nvd_autonomous - INFO - Start Talking: 1
2025-10-31 15:17:58,453 - nvd_autonomous - INFO - Move to: [-35, -15]
2025-10-31 15:17:59,927 - nvd_autonomous - INFO - Start Talking: 3
2025-10-31 15:17:59,927 - nvd_autonomous - INFO - Move to: [35, -15]
2025-10-31 15:18:00,772 - nvd_autonomous - INFO - Start Talking: 1
2025-10-31 15:18:00,772 - nvd_autonomous - INFO - Move to: [-35, -15]
2025-10-31 15:18:00,977 - nvd_autonomous - INFO - Start Talking: 3
2025-10-31 15:18:00,977 - nvd_autonomous - INFO - Move to: [35, -15]
2025-10-31 15:18:01,626 - nvd_autonomous - INFO - Start Talking: 1
2025-10-31 15:18:01,626 - nvd_autonomous - INFO - Move to: [-35, -15]
2025-10-31 15:18:01,842 - nvd_autonomous - INFO - Start Talking: 3
2025-10-31 15:18:01,842 - nvd_autonomous - INFO - Move to: [35, -15]
2025-10-31 15:18:02,273 - nvd_autonomous - INFO - Start Talking: 1
2025-10-31 15:18:02,273 - nvd_autonomous - INFO - Move to: [-35, -15]
2025-10-31 15:18:02,497 - nvd_autonomous - INFO - Start Talking: 3
2025-10-31 15:18:02,497 - nvd_autonomous - INFO - Move to: [35, -15]
2025-10-31 15:18:02,713 - nvd_autonomous - INFO - Start Talking: 1
2025-10-31 15:18:02,713 - nvd_autonomous - INFO - Move to: [-35, -15]
2025-10-31 15:18:04,001 - nvd_autonomous - INFO - Start Talking: 3
2025-10-31 15:18:04,001 - nvd_autonomous - INFO - Move to: [35, -15]
2025-10-31 15:18:05,282 - nvd_autonomous - INFO - Start Talking: 1
2025-10-31 15:18:05,282 - nvd_autonomous - INFO - Move to: [-35, -15]
2025-10-31 15:18:05,922 - nvd_autonomous - INFO - Start Talking: 3
2025-10-31 15:18:05,922 - nvd_autonomous - INFO - Move to: [35, -15]
2025-10-31 15:18:06,353 - nvd_autonomous - INFO - Start Talking: 1
2025-10-31 15:18:06,354 - nvd_autonomous - INFO - Move to: [-35, -15]
2025-10-31 15:18:08,287 - nvd_autonomous - INFO - Start Talking: 1
2025-10-31 15:18:08,287 - nvd_autonomous - INFO - Move to: [-35, -15]
2025-10-31 15:18:08,725 - nvd_autonomous - INFO - No one talking
2025-10-31 15:18:09,142 - nvd_autonomous - INFO - Start Talking: 0
2025-10-31 15:18:09,142 - nvd_autonomous - INFO - Move to: [-35, -15]
2025-10-31 15:18:11,077 - nvd_autonomous - INFO - Start Talking: 3
2025-10-31 15:18:11,077 - nvd_autonomous - INFO - Move to: [35, -15]
2025-10-31 15:18:12,363 - nvd_autonomous - INFO - Start Talking: 0
2025-10-31 15:18:12,363 - nvd_autonomous - INFO - Move to: [-35, -15]
2025-10-31 15:18:12,566 - nvd_autonomous - INFO - Start Talking: 3
2025-10-31 15:18:12,566 - nvd_autonomous - INFO - Move to: [35, -15]
2025-10-31 15:18:12,782 - nvd_autonomous - INFO - Start Talking: 0
2025-10-31 15:18:12,782 - nvd_autonomous - INFO - Move to: [-35, -15]
2025-10-31 15:18:16,863 - nvd_autonomous - INFO - Start Talking: 0
2025-10-31 15:18:16,863 - nvd_autonomous - INFO - Move to: [-35, -15]
2025-10-31 15:18:18,367 - nvd_autonomous - INFO - Start Talking: 3
2025-10-31 15:18:18,367 - nvd_autonomous - INFO - Move to: [35, -15]
2025-10-31 15:18:19,439 - nvd_autonomous - INFO - Start Talking: 1
2025-10-31 15:18:19,439 - nvd_autonomous - INFO - Move to: [-35, -15]
2025-10-31 15:18:20,304 - nvd_autonomous - INFO - Start Talking: 0
2025-10-31 15:18:20,304 - nvd_autonomous - INFO - Move to: [-35, -15]
2025-10-31 15:18:21,362 - nvd_autonomous - INFO - No one talking
2025-10-31 15:18:23,096 - nvd_autonomous - INFO - Start Talking: 0
2025-10-31 15:18:23,096 - nvd_autonomous - INFO - Move to: [-35, -15]
2025-10-31 15:18:30,227 - nvd_autonomous - INFO - Backchanneling to: [-35, -15]
2025-10-31 15:18:31,945 - nvd_autonomous - INFO - Start Talking: 3
2025-10-31 15:18:31,945 - nvd_autonomous - INFO - Move to: [35, -15]
2025-10-31 15:18:32,168 - nvd_autonomous - INFO - Start Talking: 0
2025-10-31 15:18:32,168 - nvd_autonomous - INFO - Move to: [-35, -15]
2025-10-31 15:18:33,232 - nvd_autonomous - INFO - No one talking
2025-10-31 15:18:33,448 - nvd_autonomous - INFO - Start Talking: 0
2025-10-31 15:18:33,448 - nvd_autonomous - INFO - Move to: [-35, -15]
2025-10-31 15:18:40,533 - nvd_autonomous - INFO - Backchanneling to: [-35, -15]
2025-10-31 15:18:41,822 - nvd_autonomous - INFO - No one talking
2025-10-31 15:18:42,901 - nvd_autonomous - INFO - Start Talking: 0
2025-10-31 15:18:42,901 - nvd_autonomous - INFO - Move to: [-35, -15]
2025-10-31 15:18:45,462 - nvd_autonomous - INFO - Start Talking: 1
2025-10-31 15:18:45,462 - nvd_autonomous - INFO - Move to: [-35, -15]
2025-10-31 15:18:48,485 - nvd_autonomous - INFO - Robot start talking
2025-10-31 15:18:48,705 - nvd_autonomous - INFO - Robot start talking
2025-10-31 15:18:48,907 - nvd_autonomous - INFO - Robot start talking
2025-10-31 15:18:49,114 - nvd_autonomous - INFO - Robot start talking
2025-10-31 15:18:49,322 - nvd_autonomous - INFO - Robot start talking
2025-10-31 15:18:49,525 - nvd_autonomous - INFO - Robot start talking
2025-10-31 15:18:49,737 - nvd_autonomous - INFO - Robot start talking
2025-10-31 15:18:49,940 - nvd_autonomous - INFO - Robot start talking
2025-10-31 15:18:50,148 - nvd_autonomous - INFO - Robot start talking
2025-10-31 15:18:50,364 - nvd_autonomous - INFO - Robot start talking
2025-10-31 15:18:50,579 - nvd_autonomous - INFO - Robot start talking
2025-10-31 15:18:50,796 - nvd_autonomous - INFO - Robot start talking
2025-10-31 15:18:51,018 - nvd_autonomous - INFO - Robot start talking
2025-10-31 15:18:51,235 - nvd_autonomous - INFO - Robot start talking
2025-10-31 15:18:51,450 - nvd_autonomous - INFO - Robot start talking
2025-10-31 15:18:51,665 - nvd_autonomous - INFO - Robot start talking
2025-10-31 15:18:51,867 - nvd_autonomous - INFO - Robot start talking
2025-10-31 15:18:52,083 - nvd_autonomous - INFO - Robot start talking
2025-10-31 15:18:52,299 - nvd_autonomous - INFO - Robot start talking
2025-10-31 15:18:52,522 - nvd_autonomous - INFO - Start Talking: 1
2025-10-31 15:18:52,522 - nvd_autonomous - INFO - Move to: [-35, -15]
2025-10-31 15:18:52,739 - nvd_autonomous - INFO - Robot start talking
2025-10-31 15:18:52,955 - nvd_autonomous - INFO - Robot start talking
2025-10-31 15:18:53,171 - nvd_autonomous - INFO - Robot start talking
2025-10-31 15:18:53,387 - nvd_autonomous - INFO - Robot start talking
2025-10-31 15:18:53,590 - nvd_autonomous - INFO - Robot start talking
2025-10-31 15:18:53,805 - nvd_autonomous - INFO - Robot start talking
2025-10-31 15:18:54,009 - nvd_autonomous - INFO - Robot start talking
2025-10-31 15:18:54,211 - nvd_autonomous - INFO - Robot start talking
2025-10-31 15:18:54,419 - nvd_autonomous - INFO - Robot start talking
2025-10-31 15:18:54,636 - nvd_autonomous - INFO - Robot start talking
2025-10-31 15:18:54,858 - nvd_autonomous - INFO - Robot start talking
2025-10-31 15:18:55,074 - nvd_autonomous - INFO - Robot start talking
2025-10-31 15:18:55,290 - nvd_autonomous - INFO - Robot start talking
2025-10-31 15:18:55,506 - nvd_autonomous - INFO - Robot start talking
2025-10-31 15:18:55,722 - nvd_autonomous - INFO - Robot start talking
2025-10-31 15:18:55,939 - nvd_autonomous - INFO - Robot start talking
2025-10-31 15:18:56,143 - nvd_autonomous - INFO - Robot start talking
2025-10-31 15:18:56,362 - nvd_autonomous - INFO - Robot start talking
2025-10-31 15:18:56,578 - nvd_autonomous - INFO - Robot start talking
2025-10-31 15:18:56,794 - nvd_autonomous - INFO - Robot start talking
2025-10-31 15:18:57,010 - nvd_autonomous - INFO - Robot start talking
2025-10-31 15:18:57,226 - nvd_autonomous - INFO - Robot start talking
2025-10-31 15:18:57,442 - nvd_autonomous - INFO - Robot start talking
2025-10-31 15:18:57,649 - nvd_autonomous - INFO - Robot start talking
2025-10-31 15:18:57,865 - nvd_autonomous - INFO - Robot start talking
2025-10-31 15:18:58,081 - nvd_autonomous - INFO - Robot start talking
2025-10-31 15:18:58,297 - nvd_autonomous - INFO - Robot start talking
2025-10-31 15:18:58,512 - nvd_autonomous - INFO - Robot start talking
2025-10-31 15:18:58,728 - nvd_autonomous - INFO - Robot start talking
2025-10-31 15:18:58,945 - nvd_autonomous - INFO - Robot start talking
2025-10-31 15:18:59,167 - nvd_autonomous - INFO - Robot start talking
2025-10-31 15:18:59,383 - nvd_autonomous - INFO - Robot start talking
2025-10-31 15:18:59,599 - nvd_autonomous - INFO - Robot start talking
2025-10-31 15:18:59,815 - nvd_autonomous - INFO - Robot start talking
2025-10-31 15:19:00,031 - nvd_autonomous - INFO - Robot start talking
2025-10-31 15:19:00,247 - nvd_autonomous - INFO - Robot start talking
2025-10-31 15:19:00,470 - nvd_autonomous - INFO - Robot start talking
2025-10-31 15:19:00,686 - nvd_autonomous - INFO - Robot start talking
2025-10-31 15:19:00,902 - nvd_autonomous - INFO - Robot start talking
2025-10-31 15:19:01,106 - nvd_autonomous - INFO - Robot start talking
2025-10-31 15:19:01,319 - nvd_autonomous - INFO - Robot start talking
2025-10-31 15:19:01,535 - nvd_autonomous - INFO - Robot start talking
2025-10-31 15:19:01,744 - nvd_autonomous - INFO - Robot start talking
2025-10-31 15:19:01,951 - nvd_autonomous - INFO - Robot start talking
2025-10-31 15:19:02,174 - nvd_autonomous - INFO - Robot start talking
2025-10-31 15:19:02,390 - nvd_autonomous - INFO - Robot start talking
2025-10-31 15:19:02,606 - nvd_autonomous - INFO - Robot start talking
2025-10-31 15:19:02,814 - nvd_autonomous - INFO - Robot start talking
2025-10-31 15:19:03,023 - nvd_autonomous - INFO - Robot start talking
2025-10-31 15:19:03,239 - nvd_autonomous - INFO - Robot start talking
2025-10-31 15:19:03,455 - nvd_autonomous - INFO - Robot start talking
2025-10-31 15:19:03,678 - nvd_autonomous - INFO - Robot start talking
2025-10-31 15:19:03,894 - nvd_autonomous - INFO - Robot start talking
2025-10-31 15:19:04,110 - nvd_autonomous - INFO - Robot start talking
2025-10-31 15:19:04,327 - nvd_autonomous - INFO - Robot start talking
2025-10-31 15:19:04,544 - nvd_autonomous - INFO - Robot start talking
2025-10-31 15:19:04,759 - nvd_autonomous - INFO - Robot start talking
2025-10-31 15:19:04,967 - nvd_autonomous - INFO - Robot start talking
2025-10-31 15:19:05,181 - nvd_autonomous - INFO - Robot start talking
2025-10-31 15:19:05,403 - nvd_autonomous - INFO - Robot start talking
2025-10-31 15:19:05,613 - nvd_autonomous - INFO - Robot start talking
2025-10-31 15:19:05,820 - nvd_autonomous - INFO - Robot start talking
2025-10-31 15:19:06,037 - nvd_autonomous - INFO - Robot start talking
2025-10-31 15:19:06,252 - nvd_autonomous - INFO - Robot start talking
2025-10-31 15:19:06,468 - nvd_autonomous - INFO - Robot start talking
2025-10-31 15:19:06,684 - nvd_autonomous - INFO - Robot start talking
2025-10-31 15:19:06,906 - nvd_autonomous - INFO - Robot start talking
2025-10-31 15:19:07,123 - nvd_autonomous - INFO - Robot start talking
2025-10-31 15:19:07,339 - nvd_autonomous - INFO - Robot start talking
2025-10-31 15:19:07,555 - nvd_autonomous - INFO - Robot start talking
2025-10-31 15:19:07,767 - nvd_autonomous - INFO - Robot start talking
2025-10-31 15:19:07,971 - nvd_autonomous - INFO - Robot start talking
2025-10-31 15:19:08,187 - nvd_autonomous - INFO - Robot start talking
2025-10-31 15:19:08,409 - nvd_autonomous - INFO - Robot start talking
2025-10-31 15:19:08,626 - nvd_autonomous - INFO - Robot start talking
2025-10-31 15:19:08,840 - nvd_autonomous - INFO - Robot start talking
2025-10-31 15:19:09,042 - nvd_autonomous - INFO - Robot start talking
2025-10-31 15:19:09,258 - nvd_autonomous - INFO - Robot start talking
2025-10-31 15:19:09,474 - nvd_autonomous - INFO - Robot start talking
2025-10-31 15:19:09,690 - nvd_autonomous - INFO - Robot start talking
2025-10-31 15:19:09,912 - nvd_autonomous - INFO - Robot start talking
2025-10-31 15:19:10,128 - nvd_autonomous - INFO - Robot start talking
2025-10-31 15:19:10,338 - nvd_autonomous - INFO - Robot start talking
2025-10-31 15:19:10,544 - nvd_autonomous - INFO - Robot start talking
2025-10-31 15:19:10,760 - nvd_autonomous - INFO - Robot start talking
2025-10-31 15:19:10,976 - nvd_autonomous - INFO - Robot start talking
2025-10-31 15:19:11,179 - nvd_autonomous - INFO - Robot start talking
2025-10-31 15:19:11,392 - nvd_autonomous - INFO - Robot start talking
2025-10-31 15:19:11,614 - nvd_autonomous - INFO - Robot start talking
2025-10-31 15:19:11,823 - nvd_autonomous - INFO - Robot start talking
2025-10-31 15:19:12,031 - nvd_autonomous - INFO - Robot start talking
2025-10-31 15:19:12,247 - nvd_autonomous - INFO - Robot start talking
2025-10-31 15:19:12,462 - nvd_autonomous - INFO - Robot start talking
2025-10-31 15:19:12,678 - nvd_autonomous - INFO - Robot start talking
2025-10-31 15:19:12,895 - nvd_autonomous - INFO - Robot start talking
2025-10-31 15:19:13,118 - nvd_autonomous - INFO - Robot start talking
2025-10-31 15:19:13,327 - nvd_autonomous - INFO - Robot start talking
2025-10-31 15:19:13,534 - nvd_autonomous - INFO - Robot start talking
2025-10-31 15:19:13,750 - nvd_autonomous - INFO - Robot start talking
2025-10-31 15:19:13,967 - nvd_autonomous - INFO - Robot start talking
2025-10-31 15:19:14,183 - nvd_autonomous - INFO - Robot start talking
2025-10-31 15:19:14,399 - nvd_autonomous - INFO - Robot start talking
2025-10-31 15:19:14,621 - nvd_autonomous - INFO - Robot start talking
2025-10-31 15:19:14,837 - nvd_autonomous - INFO - Robot start talking
2025-10-31 15:19:15,053 - nvd_autonomous - INFO - Robot start talking
2025-10-31 15:19:15,269 - nvd_autonomous - INFO - Robot start talking
2025-10-31 15:19:15,485 - nvd_autonomous - INFO - Robot start talking
2025-10-31 15:19:15,699 - nvd_autonomous - INFO - Robot start talking
2025-10-31 15:19:15,902 - nvd_autonomous - INFO - Robot start talking
2025-10-31 15:19:16,124 - nvd_autonomous - INFO - Robot start talking
2025-10-31 15:19:16,340 - nvd_autonomous - INFO - Robot start talking
2025-10-31 15:19:16,556 - nvd_autonomous - INFO - Robot start talking
2025-10-31 15:19:16,772 - nvd_autonomous - INFO - Robot start talking
2025-10-31 15:19:16,988 - nvd_autonomous - INFO - Robot start talking
2025-10-31 15:19:17,204 - nvd_autonomous - INFO - Robot start talking
2025-10-31 15:19:17,426 - nvd_autonomous - INFO - Robot start talking
2025-10-31 15:19:17,642 - nvd_autonomous - INFO - Robot start talking
2025-10-31 15:19:17,857 - nvd_autonomous - INFO - Robot start talking
2025-10-31 15:19:18,071 - nvd_autonomous - INFO - Robot start talking
2025-10-31 15:19:18,275 - nvd_autonomous - INFO - Robot start talking
2025-10-31 15:19:18,491 - nvd_autonomous - INFO - Robot start talking
2025-10-31 15:19:18,707 - nvd_autonomous - INFO - Robot start talking
2025-10-31 15:19:18,929 - nvd_autonomous - INFO - Robot start talking
2025-10-31 15:19:19,145 - nvd_autonomous - INFO - Start Talking: 3
2025-10-31 15:19:19,145 - nvd_autonomous - INFO - Move to: [35, -15]
2025-10-31 15:19:20,210 - nvd_autonomous - INFO - Start Talking: 1
2025-10-31 15:19:20,210 - nvd_autonomous - INFO - Move to: [-35, -15]
2025-10-31 15:19:20,432 - nvd_autonomous - INFO - Start Talking: 3
2025-10-31 15:19:20,432 - nvd_autonomous - INFO - Move to: [35, -15]
2025-10-31 15:19:20,857 - nvd_autonomous - INFO - Start Talking: 0
2025-10-31 15:19:20,857 - nvd_autonomous - INFO - Move to: [-35, -15]
2025-10-31 15:19:21,066 - nvd_autonomous - INFO - Start Talking: 3
2025-10-31 15:19:21,066 - nvd_autonomous - INFO - Move to: [35, -15]
2025-10-31 15:19:28,142 - nvd_autonomous - INFO - Backchanneling to: [35, -15]
2025-10-31 15:19:34,930 - nvd_autonomous - INFO - Start Talking: 1
2025-10-31 15:19:34,930 - nvd_autonomous - INFO - Move to: [-35, -15]
2025-10-31 15:19:35,579 - nvd_autonomous - INFO - Start Talking: 3
2025-10-31 15:19:35,579 - nvd_autonomous - INFO - Move to: [35, -15]
2025-10-31 15:19:37,037 - nvd_autonomous - INFO - Robot start talking
2025-10-31 15:19:37,253 - nvd_autonomous - INFO - Robot start talking
2025-10-31 15:19:37,468 - nvd_autonomous - INFO - Robot start talking
2025-10-31 15:19:37,685 - nvd_autonomous - INFO - Robot start talking
2025-10-31 15:19:37,901 - nvd_autonomous - INFO - Robot start talking
2025-10-31 15:19:38,117 - nvd_autonomous - INFO - Robot start talking
2025-10-31 15:19:38,340 - nvd_autonomous - INFO - Robot start talking
2025-10-31 15:19:38,557 - nvd_autonomous - INFO - Robot start talking
2025-10-31 15:19:38,772 - nvd_autonomous - INFO - Robot start talking
2025-10-31 15:19:38,988 - nvd_autonomous - INFO - Robot start talking
2025-10-31 15:19:39,194 - nvd_autonomous - INFO - Robot start talking
2025-10-31 15:19:39,404 - nvd_autonomous - INFO - Robot start talking
2025-10-31 15:19:39,620 - nvd_autonomous - INFO - Robot start talking
2025-10-31 15:19:39,843 - nvd_autonomous - INFO - Robot start talking
2025-10-31 15:19:40,059 - nvd_autonomous - INFO - Robot start talking
2025-10-31 15:19:40,275 - nvd_autonomous - INFO - Robot start talking
2025-10-31 15:19:40,491 - nvd_autonomous - INFO - Robot start talking
2025-10-31 15:19:40,707 - nvd_autonomous - INFO - Robot start talking
2025-10-31 15:19:40,923 - nvd_autonomous - INFO - Robot start talking
2025-10-31 15:19:41,139 - nvd_autonomous - INFO - Robot start talking
2025-10-31 15:19:41,345 - nvd_autonomous - INFO - Robot start talking
2025-10-31 15:19:41,778 - nvd_autonomous - INFO - Robot start talking
2025-10-31 15:19:41,994 - nvd_autonomous - INFO - Robot start talking
2025-10-31 15:19:42,211 - nvd_autonomous - INFO - Robot start talking
2025-10-31 15:19:42,427 - nvd_autonomous - INFO - Robot start talking
2025-10-31 15:19:42,649 - nvd_autonomous - INFO - Robot start talking
2025-10-31 15:19:42,865 - nvd_autonomous - INFO - Robot start talking
2025-10-31 15:19:43,081 - nvd_autonomous - INFO - Robot start talking
2025-10-31 15:19:43,297 - nvd_autonomous - INFO - Robot start talking
2025-10-31 15:19:43,514 - nvd_autonomous - INFO - Robot start talking
2025-10-31 15:19:43,715 - nvd_autonomous - INFO - Robot start talking
2025-10-31 15:19:43,931 - nvd_autonomous - INFO - Robot start talking
2025-10-31 15:19:44,154 - nvd_autonomous - INFO - Robot start talking
2025-10-31 15:19:44,370 - nvd_autonomous - INFO - Robot start talking
2025-10-31 15:19:44,581 - nvd_autonomous - INFO - Robot start talking
2025-10-31 15:19:44,787 - nvd_autonomous - INFO - Robot start talking
2025-10-31 15:19:45,002 - nvd_autonomous - INFO - Robot start talking
2025-10-31 15:19:45,219 - nvd_autonomous - INFO - Robot start talking
2025-10-31 15:19:45,435 - nvd_autonomous - INFO - Robot start talking
2025-10-31 15:19:45,642 - nvd_autonomous - INFO - Robot start talking
2025-10-31 15:19:45,858 - nvd_autonomous - INFO - Start Talking: 1
2025-10-31 15:19:45,858 - nvd_autonomous - INFO - Move to: [-35, -15]
2025-10-31 15:19:46,074 - nvd_autonomous - INFO - Robot start talking
2025-10-31 15:19:46,290 - nvd_autonomous - INFO - Robot start talking
2025-10-31 15:19:46,506 - nvd_autonomous - INFO - Robot start talking
2025-10-31 15:19:46,722 - nvd_autonomous - INFO - Robot start talking
2025-10-31 15:19:46,939 - nvd_autonomous - INFO - Robot start talking
2025-10-31 15:19:47,161 - nvd_autonomous - INFO - Robot start talking
2025-10-31 15:19:47,377 - nvd_autonomous - INFO - Robot start talking
2025-10-31 15:19:47,590 - nvd_autonomous - INFO - Robot start talking
2025-10-31 15:19:47,794 - nvd_autonomous - INFO - Robot start talking
2025-10-31 15:19:48,010 - nvd_autonomous - INFO - Robot start talking
2025-10-31 15:19:48,226 - nvd_autonomous - INFO - Robot start talking
2025-10-31 15:19:48,438 - nvd_autonomous - INFO - Robot start talking
2025-10-31 15:19:48,644 - nvd_autonomous - INFO - Robot start talking
2025-10-31 15:19:48,865 - nvd_autonomous - INFO - Robot start talking
2025-10-31 15:19:49,081 - nvd_autonomous - INFO - Robot start talking
2025-10-31 15:19:49,296 - nvd_autonomous - INFO - Robot start talking
2025-10-31 15:19:49,512 - nvd_autonomous - INFO - Robot start talking
2025-10-31 15:19:49,743 - nvd_autonomous - INFO - Robot start talking
2025-10-31 15:19:49,967 - nvd_autonomous - INFO - Robot start talking
2025-10-31 15:19:50,183 - nvd_autonomous - INFO - Robot start talking
2025-10-31 15:19:50,399 - nvd_autonomous - INFO - Robot start talking
2025-10-31 15:19:50,615 - nvd_autonomous - INFO - Robot start talking
2025-10-31 15:19:50,831 - nvd_autonomous - INFO - Robot start talking
2025-10-31 15:19:51,047 - nvd_autonomous - INFO - Robot start talking
2025-10-31 15:19:51,270 - nvd_autonomous - INFO - Robot start talking
2025-10-31 15:19:51,486 - nvd_autonomous - INFO - Robot start talking
2025-10-31 15:19:51,702 - nvd_autonomous - INFO - Robot start talking
2025-10-31 15:19:51,916 - nvd_autonomous - INFO - Robot start talking
2025-10-31 15:19:52,118 - nvd_autonomous - INFO - Robot start talking
2025-10-31 15:19:52,334 - nvd_autonomous - INFO - Robot start talking
2025-10-31 15:19:52,551 - nvd_autonomous - INFO - Robot start talking
2025-10-31 15:19:52,772 - nvd_autonomous - INFO - Robot start talking
2025-10-31 15:19:52,989 - nvd_autonomous - INFO - Robot start talking
2025-10-31 15:19:53,205 - nvd_autonomous - INFO - Robot start talking
2025-10-31 15:19:53,420 - nvd_autonomous - INFO - Robot start talking
2025-10-31 15:19:53,637 - nvd_autonomous - INFO - Robot start talking
2025-10-31 15:19:53,846 - nvd_autonomous - INFO - Robot start talking
2025-10-31 15:19:54,053 - nvd_autonomous - INFO - Robot start talking
2025-10-31 15:19:54,276 - nvd_autonomous - INFO - Robot start talking
2025-10-31 15:19:54,492 - nvd_autonomous - INFO - Robot start talking
2025-10-31 15:19:54,708 - nvd_autonomous - INFO - Robot start talking
2025-10-31 15:19:54,924 - nvd_autonomous - INFO - Robot start talking
2025-10-31 15:19:55,137 - nvd_autonomous - INFO - Robot start talking
2025-10-31 15:19:55,341 - nvd_autonomous - INFO - Robot start talking
2025-10-31 15:19:55,555 - nvd_autonomous - INFO - Robot start talking
2025-10-31 15:19:55,761 - nvd_autonomous - INFO - Robot start talking
2025-10-31 15:19:55,981 - nvd_autonomous - INFO - Robot start talking
2025-10-31 15:19:56,197 - nvd_autonomous - INFO - Robot start talking
2025-10-31 15:19:56,413 - nvd_autonomous - INFO - Robot start talking
2025-10-31 15:19:56,629 - nvd_autonomous - INFO - Robot start talking
2025-10-31 15:19:56,845 - nvd_autonomous - INFO - Robot start talking
2025-10-31 15:19:57,046 - nvd_autonomous - INFO - Robot start talking
2025-10-31 15:19:57,263 - nvd_autonomous - INFO - Robot start talking
2025-10-31 15:19:57,485 - nvd_autonomous - INFO - Robot start talking
2025-10-31 15:19:57,701 - nvd_autonomous - INFO - Robot start talking
2025-10-31 15:19:57,915 - nvd_autonomous - INFO - Robot start talking
2025-10-31 15:19:58,117 - nvd_autonomous - INFO - Robot start talking
2025-10-31 15:19:58,332 - nvd_autonomous - INFO - Robot start talking
2025-10-31 15:19:58,548 - nvd_autonomous - INFO - Robot start talking
2025-10-31 15:19:58,764 - nvd_autonomous - INFO - Robot start talking
2025-10-31 15:19:58,987 - nvd_autonomous - INFO - Robot start talking
2025-10-31 15:19:59,203 - nvd_autonomous - INFO - Clean Queue
2025-10-31 15:19:59,203 - nvd_autonomous - INFO - Robot start talking
2025-10-31 15:19:59,406 - nvd_autonomous - INFO - Robot start talking
2025-10-31 15:19:59,610 - nvd_autonomous - INFO - Robot start talking
2025-10-31 15:19:59,826 - nvd_autonomous - INFO - Robot start talking
2025-10-31 15:20:00,042 - nvd_autonomous - INFO - Robot start talking
2025-10-31 15:20:00,259 - nvd_autonomous - INFO - Robot start talking
2025-10-31 15:20:00,475 - nvd_autonomous - INFO - Robot start talking
2025-10-31 15:20:00,698 - nvd_autonomous - INFO - Robot start talking
2025-10-31 15:20:00,914 - nvd_autonomous - INFO - Robot start talking
2025-10-31 15:20:01,130 - nvd_autonomous - INFO - Robot start talking
2025-10-31 15:20:01,346 - nvd_autonomous - INFO - Robot start talking
2025-10-31 15:20:01,562 - nvd_autonomous - INFO - Robot start talking
2025-10-31 15:20:01,779 - nvd_autonomous - INFO - Robot start talking
2025-10-31 15:20:02,007 - nvd_autonomous - INFO - Robot start talking
2025-10-31 15:20:02,232 - nvd_autonomous - INFO - Robot start talking
2025-10-31 15:20:02,438 - nvd_autonomous - INFO - Robot start talking
2025-10-31 15:20:02,654 - nvd_autonomous - INFO - Robot start talking
2025-10-31 15:20:02,870 - nvd_autonomous - INFO - Robot start talking
2025-10-31 15:20:03,086 - nvd_autonomous - INFO - Robot start talking
2025-10-31 15:20:03,303 - nvd_autonomous - INFO - Robot start talking
2025-10-31 15:20:03,519 - nvd_autonomous - INFO - Robot start talking
2025-10-31 15:20:03,734 - nvd_autonomous - INFO - Robot start talking
2025-10-31 15:20:03,937 - nvd_autonomous - INFO - Robot start talking
2025-10-31 15:20:04,157 - nvd_autonomous - INFO - Start Talking: 3
2025-10-31 15:20:04,157 - nvd_autonomous - INFO - Move to: [35, -15]
2025-10-31 15:20:11,206 - nvd_autonomous - INFO - Backchanneling to: [35, -15]
2025-10-31 15:20:16,349 - nvd_autonomous - INFO - No one talking
2025-10-31 15:20:17,190 - nvd_autonomous - INFO - Start Talking: 3
2025-10-31 15:20:17,190 - nvd_autonomous - INFO - Move to: [35, -15]
2025-10-31 15:20:24,267 - nvd_autonomous - INFO - Backchanneling to: [35, -15]
2025-10-31 15:20:30,283 - nvd_autonomous - INFO - Robot start talking
2025-10-31 15:20:30,499 - nvd_autonomous - INFO - Robot start talking
2025-10-31 15:20:30,703 - nvd_autonomous - INFO - Robot start talking
2025-10-31 15:20:30,916 - nvd_autonomous - INFO - Robot start talking
2025-10-31 15:20:31,139 - nvd_autonomous - INFO - Robot start talking
2025-10-31 15:20:31,354 - nvd_autonomous - INFO - Robot start talking
2025-10-31 15:20:31,570 - nvd_autonomous - INFO - Robot start talking
2025-10-31 15:20:31,786 - nvd_autonomous - INFO - Robot start talking
2025-10-31 15:20:32,001 - nvd_autonomous - INFO - Robot start talking
2025-10-31 15:20:32,218 - nvd_autonomous - INFO - Robot start talking
2025-10-31 15:20:32,440 - nvd_autonomous - INFO - Robot start talking
2025-10-31 15:20:32,657 - nvd_autonomous - INFO - Robot start talking
2025-10-31 15:20:32,858 - nvd_autonomous - INFO - Robot start talking
2025-10-31 15:20:33,074 - nvd_autonomous - INFO - Robot start talking
2025-10-31 15:20:33,290 - nvd_autonomous - INFO - Robot start talking
2025-10-31 15:20:33,495 - nvd_autonomous - INFO - Robot start talking
2025-10-31 15:20:33,712 - nvd_autonomous - INFO - Robot start talking
2025-10-31 15:20:33,928 - nvd_autonomous - INFO - Robot start talking
2025-10-31 15:20:34,143 - nvd_autonomous - INFO - Robot start talking
2025-10-31 15:20:34,344 - nvd_autonomous - INFO - Robot start talking
2025-10-31 15:20:34,566 - nvd_autonomous - INFO - Robot start talking
2025-10-31 15:20:34,783 - nvd_autonomous - INFO - Robot start talking
2025-10-31 15:20:34,999 - nvd_autonomous - INFO - Robot start talking
2025-10-31 15:20:35,215 - nvd_autonomous - INFO - Robot start talking
2025-10-31 15:20:35,431 - nvd_autonomous - INFO - Robot start talking
2025-10-31 15:20:35,647 - nvd_autonomous - INFO - Robot start talking
2025-10-31 15:20:35,869 - nvd_autonomous - INFO - Robot start talking
2025-10-31 15:20:36,099 - nvd_autonomous - INFO - Robot start talking
2025-10-31 15:20:36,317 - nvd_autonomous - INFO - Robot start talking
2025-10-31 15:20:36,532 - nvd_autonomous - INFO - Robot start talking
2025-10-31 15:20:36,748 - nvd_autonomous - INFO - Robot start talking
2025-10-31 15:20:36,971 - nvd_autonomous - INFO - Robot start talking
2025-10-31 15:20:37,188 - nvd_autonomous - INFO - Robot start talking
2025-10-31 15:20:37,404 - nvd_autonomous - INFO - Robot start talking
2025-10-31 15:20:37,620 - nvd_autonomous - INFO - Robot start talking
2025-10-31 15:20:37,836 - nvd_autonomous - INFO - Robot start talking
2025-10-31 15:20:38,052 - nvd_autonomous - INFO - Robot start talking
2025-10-31 15:20:38,275 - nvd_autonomous - INFO - Robot start talking
2025-10-31 15:20:38,492 - nvd_autonomous - INFO - Robot start talking
2025-10-31 15:20:38,708 - nvd_autonomous - INFO - Robot start talking
2025-10-31 15:20:38,924 - nvd_autonomous - INFO - Robot start talking
2025-10-31 15:20:39,153 - nvd_autonomous - INFO - Robot start talking
2025-10-31 15:20:39,356 - nvd_autonomous - INFO - Robot start talking
2025-10-31 15:20:39,578 - nvd_autonomous - INFO - Robot start talking
2025-10-31 15:20:39,794 - nvd_autonomous - INFO - Robot start talking
2025-10-31 15:20:40,010 - nvd_autonomous - INFO - Robot start talking
2025-10-31 15:20:40,226 - nvd_autonomous - INFO - Robot start talking
2025-10-31 15:20:40,442 - nvd_autonomous - INFO - Robot start talking
2025-10-31 15:20:40,658 - nvd_autonomous - INFO - Robot start talking
2025-10-31 15:20:40,882 - nvd_autonomous - INFO - Robot start talking
2025-10-31 15:20:41,098 - nvd_autonomous - INFO - Robot start talking
2025-10-31 15:20:41,315 - nvd_autonomous - INFO - Robot start talking
2025-10-31 15:20:41,545 - nvd_autonomous - INFO - Robot start talking
2025-10-31 15:20:41,747 - nvd_autonomous - INFO - Robot start talking
2025-10-31 15:20:41,963 - nvd_autonomous - INFO - Robot start talking
2025-10-31 15:20:42,186 - nvd_autonomous - INFO - Robot start talking
2025-10-31 15:20:42,401 - nvd_autonomous - INFO - Robot start talking
2025-10-31 15:20:42,617 - nvd_autonomous - INFO - Robot start talking
2025-10-31 15:20:42,832 - nvd_autonomous - INFO - Robot start talking
2025-10-31 15:20:43,049 - nvd_autonomous - INFO - Robot start talking
2025-10-31 15:20:43,266 - nvd_autonomous - INFO - Robot start talking
2025-10-31 15:20:43,489 - nvd_autonomous - INFO - Robot start talking
2025-10-31 15:20:43,705 - nvd_autonomous - INFO - Robot start talking
2025-10-31 15:20:43,920 - nvd_autonomous - INFO - Robot start talking
2025-10-31 15:20:44,136 - nvd_autonomous - INFO - Robot start talking
2025-10-31 15:20:44,352 - nvd_autonomous - INFO - Robot start talking
2025-10-31 15:20:44,568 - nvd_autonomous - INFO - Robot start talking
2025-10-31 15:20:44,792 - nvd_autonomous - INFO - Robot start talking
2025-10-31 15:20:45,008 - nvd_autonomous - INFO - Robot start talking
2025-10-31 15:20:45,224 - nvd_autonomous - INFO - Robot start talking
2025-10-31 15:20:45,439 - nvd_autonomous - INFO - Robot start talking
2025-10-31 15:20:45,655 - nvd_autonomous - INFO - Robot start talking
2025-10-31 15:20:45,872 - nvd_autonomous - INFO - Robot start talking
2025-10-31 15:20:46,094 - nvd_autonomous - INFO - Robot start talking
2025-10-31 15:20:46,310 - nvd_autonomous - INFO - Robot start talking
2025-10-31 15:20:46,527 - nvd_autonomous - INFO - Robot start talking
2025-10-31 15:20:46,728 - nvd_autonomous - INFO - Robot start talking
2025-10-31 15:20:46,945 - nvd_autonomous - INFO - Robot start talking
2025-10-31 15:20:47,161 - nvd_autonomous - INFO - Robot start talking
2025-10-31 15:20:47,377 - nvd_autonomous - INFO - Robot start talking
2025-10-31 15:20:47,600 - nvd_autonomous - INFO - Robot start talking
2025-10-31 15:20:47,816 - nvd_autonomous - INFO - Robot start talking
2025-10-31 15:20:48,032 - nvd_autonomous - INFO - Robot start talking
2025-10-31 15:20:48,248 - nvd_autonomous - INFO - Robot start talking
2025-10-31 15:20:48,464 - nvd_autonomous - INFO - Robot start talking
2025-10-31 15:20:48,679 - nvd_autonomous - INFO - Robot start talking
2025-10-31 15:20:48,902 - nvd_autonomous - INFO - Robot start talking
2025-10-31 15:20:49,119 - nvd_autonomous - INFO - Robot start talking
2025-10-31 15:20:49,335 - nvd_autonomous - INFO - Robot start talking
2025-10-31 15:20:49,550 - nvd_autonomous - INFO - Robot start talking
2025-10-31 15:20:49,765 - nvd_autonomous - INFO - Robot start talking
2025-10-31 15:20:49,967 - nvd_autonomous - INFO - Robot start talking
2025-10-31 15:20:50,183 - nvd_autonomous - INFO - Robot start talking
2025-10-31 15:20:50,406 - nvd_autonomous - INFO - Robot start talking
2025-10-31 15:20:50,622 - nvd_autonomous - INFO - Robot start talking
2025-10-31 15:20:50,838 - nvd_autonomous - INFO - Robot start talking
2025-10-31 15:20:51,054 - nvd_autonomous - INFO - Robot start talking
2025-10-31 15:20:51,307 - nvd_autonomous - INFO - Robot start talking
2025-10-31 15:20:51,523 - nvd_autonomous - INFO - Robot start talking
2025-10-31 15:20:51,739 - nvd_autonomous - INFO - Robot start talking
2025-10-31 15:20:51,955 - nvd_autonomous - INFO - Robot start talking
2025-10-31 15:20:52,171 - nvd_autonomous - INFO - Robot start talking
2025-10-31 15:20:52,387 - nvd_autonomous - INFO - Robot start talking
2025-10-31 15:20:52,610 - nvd_autonomous - INFO - Robot start talking
2025-10-31 15:20:52,826 - nvd_autonomous - INFO - Robot start talking
2025-10-31 15:20:53,042 - nvd_autonomous - INFO - Robot start talking
2025-10-31 15:20:53,258 - nvd_autonomous - INFO - Start Talking: 3
2025-10-31 15:20:53,258 - nvd_autonomous - INFO - Move to: [35, -15]
2025-10-31 15:20:56,949 - nvd_autonomous - INFO - No one talking
2025-10-31 15:20:58,468 - nvd_autonomous - INFO - Start Talking: 3
2025-10-31 15:20:58,468 - nvd_autonomous - INFO - Move to: [35, -15]
2025-10-31 15:21:05,531 - nvd_autonomous - INFO - Backchanneling to: [35, -15]
2025-10-31 15:21:09,985 - nvd_autonomous - INFO - No one talking
2025-10-31 15:21:11,718 - nvd_autonomous - INFO - Start Talking: 3
2025-10-31 15:21:11,718 - nvd_autonomous - INFO - Move to: [35, -15]
2025-10-31 15:21:16,431 - nvd_autonomous - INFO - Robot start talking
2025-10-31 15:21:16,647 - nvd_autonomous - INFO - Start Talking: 3
2025-10-31 15:21:16,647 - nvd_autonomous - INFO - Move to: [35, -15]
2025-10-31 15:21:17,080 - nvd_autonomous - INFO - Robot start talking
2025-10-31 15:21:17,302 - nvd_autonomous - INFO - Robot start talking
2025-10-31 15:21:17,511 - nvd_autonomous - INFO - Robot start talking
2025-10-31 15:21:17,719 - nvd_autonomous - INFO - Robot start talking
2025-10-31 15:21:17,935 - nvd_autonomous - INFO - Robot start talking
2025-10-31 15:21:18,151 - nvd_autonomous - INFO - Robot start talking
2025-10-31 15:21:18,366 - nvd_autonomous - INFO - Robot start talking
2025-10-31 15:21:18,568 - nvd_autonomous - INFO - Robot start talking
2025-10-31 15:21:18,783 - nvd_autonomous - INFO - Robot start talking
2025-10-31 15:21:19,006 - nvd_autonomous - INFO - Robot start talking
2025-10-31 15:21:19,222 - nvd_autonomous - INFO - Robot start talking
2025-10-31 15:21:19,438 - nvd_autonomous - INFO - Robot start talking
2025-10-31 15:21:19,654 - nvd_autonomous - INFO - Robot start talking
2025-10-31 15:21:19,870 - nvd_autonomous - INFO - Start Talking: 3
2025-10-31 15:21:19,870 - nvd_autonomous - INFO - Move to: [35, -15]
2025-10-31 15:21:20,740 - nvd_autonomous - INFO - Robot start talking
2025-10-31 15:21:20,957 - nvd_autonomous - INFO - Robot start talking
2025-10-31 15:21:21,173 - nvd_autonomous - INFO - Robot start talking
2025-10-31 15:21:21,376 - nvd_autonomous - INFO - Robot start talking
2025-10-31 15:21:21,590 - nvd_autonomous - INFO - Robot start talking
2025-10-31 15:21:21,813 - nvd_autonomous - INFO - Robot start talking
2025-10-31 15:21:22,029 - nvd_autonomous - INFO - Robot start talking
2025-10-31 15:21:22,245 - nvd_autonomous - INFO - Robot start talking
2025-10-31 15:21:22,460 - nvd_autonomous - INFO - Robot start talking
2025-10-31 15:21:22,662 - nvd_autonomous - INFO - Robot start talking
2025-10-31 15:21:22,878 - nvd_autonomous - INFO - Robot start talking
2025-10-31 15:21:23,094 - nvd_autonomous - INFO - Robot start talking
2025-10-31 15:21:23,316 - nvd_autonomous - INFO - Robot start talking
2025-10-31 15:21:23,532 - nvd_autonomous - INFO - Robot start talking
2025-10-31 15:21:23,749 - nvd_autonomous - INFO - Robot start talking
2025-10-31 15:21:23,964 - nvd_autonomous - INFO - Robot start talking
2025-10-31 15:21:24,181 - nvd_autonomous - INFO - Robot start talking
2025-10-31 15:21:24,397 - nvd_autonomous - INFO - Robot start talking
2025-10-31 15:21:24,620 - nvd_autonomous - INFO - Robot start talking
2025-10-31 15:21:24,836 - nvd_autonomous - INFO - Robot start talking
2025-10-31 15:21:25,052 - nvd_autonomous - INFO - Robot start talking
2025-10-31 15:21:25,268 - nvd_autonomous - INFO - Robot start talking
2025-10-31 15:21:25,484 - nvd_autonomous - INFO - Robot start talking
2025-10-31 15:21:25,706 - nvd_autonomous - INFO - Robot start talking
2025-10-31 15:21:25,923 - nvd_autonomous - INFO - Robot start talking
2025-10-31 15:21:26,139 - nvd_autonomous - INFO - Robot start talking
2025-10-31 15:21:26,355 - nvd_autonomous - INFO - Robot start talking
2025-10-31 15:21:26,570 - nvd_autonomous - INFO - Robot start talking
2025-10-31 15:21:26,787 - nvd_autonomous - INFO - Robot start talking
2025-10-31 15:21:27,002 - nvd_autonomous - INFO - Robot start talking
2025-10-31 15:21:27,225 - nvd_autonomous - INFO - Robot start talking
2025-10-31 15:21:27,442 - nvd_autonomous - INFO - Robot start talking
2025-10-31 15:21:27,657 - nvd_autonomous - INFO - Robot start talking
2025-10-31 15:21:27,887 - nvd_autonomous - INFO - Robot start talking
2025-10-31 15:21:28,104 - nvd_autonomous - INFO - Robot start talking
2025-10-31 15:21:28,327 - nvd_autonomous - INFO - Robot start talking
2025-10-31 15:21:28,542 - nvd_autonomous - INFO - Robot start talking
2025-10-31 15:21:28,759 - nvd_autonomous - INFO - Robot start talking
2025-10-31 15:21:28,975 - nvd_autonomous - INFO - Robot start talking
2025-10-31 15:21:29,191 - nvd_autonomous - INFO - Robot start talking
2025-10-31 15:21:29,408 - nvd_autonomous - INFO - Robot start talking
2025-10-31 15:21:29,630 - nvd_autonomous - INFO - Robot start talking
2025-10-31 15:21:29,846 - nvd_autonomous - INFO - Robot start talking
2025-10-31 15:21:30,054 - nvd_autonomous - INFO - Robot start talking
2025-10-31 15:21:30,263 - nvd_autonomous - INFO - Start Talking: 3
2025-10-31 15:21:30,263 - nvd_autonomous - INFO - Move to: [35, -15]
2025-10-31 15:21:30,479 - nvd_autonomous - INFO - Robot start talking
2025-10-31 15:21:30,695 - nvd_autonomous - INFO - Robot start talking
2025-10-31 15:21:30,912 - nvd_autonomous - INFO - Robot start talking
2025-10-31 15:21:31,135 - nvd_autonomous - INFO - Robot start talking
2025-10-31 15:21:31,351 - nvd_autonomous - INFO - Robot start talking
2025-10-31 15:21:31,566 - nvd_autonomous - INFO - Robot start talking
2025-10-31 15:21:31,782 - nvd_autonomous - INFO - Robot start talking
2025-10-31 15:21:31,997 - nvd_autonomous - INFO - Robot start talking
2025-10-31 15:21:32,199 - nvd_autonomous - INFO - Start Talking: 1
2025-10-31 15:21:32,199 - nvd_autonomous - INFO - Move to: [-35, -15]
2025-10-31 15:21:32,415 - nvd_autonomous - INFO - Robot start talking
2025-10-31 15:21:32,631 - nvd_autonomous - INFO - Robot start talking
2025-10-31 15:21:32,838 - nvd_autonomous - INFO - Robot start talking
2025-10-31 15:21:33,054 - nvd_autonomous - INFO - Robot start talking
2025-10-31 15:21:33,271 - nvd_autonomous - INFO - Robot start talking
2025-10-31 15:21:33,486 - nvd_autonomous - INFO - Robot start talking
2025-10-31 15:21:33,694 - nvd_autonomous - INFO - Robot start talking
2025-10-31 15:21:33,903 - nvd_autonomous - INFO - Robot start talking
2025-10-31 15:21:34,121 - nvd_autonomous - INFO - Robot start talking
2025-10-31 15:21:34,342 - nvd_autonomous - INFO - Robot start talking
2025-10-31 15:21:34,558 - nvd_autonomous - INFO - Robot start talking
2025-10-31 15:21:34,774 - nvd_autonomous - INFO - Robot start talking
2025-10-31 15:21:34,990 - nvd_autonomous - INFO - Robot start talking
2025-10-31 15:21:35,206 - nvd_autonomous - INFO - Robot start talking
2025-10-31 15:21:35,422 - nvd_autonomous - INFO - Robot start talking
2025-10-31 15:21:35,644 - nvd_autonomous - INFO - Robot start talking
2025-10-31 15:21:35,860 - nvd_autonomous - INFO - Robot start talking
2025-10-31 15:21:36,073 - nvd_autonomous - INFO - Robot start talking
2025-10-31 15:21:36,308 - nvd_autonomous - INFO - Robot start talking
2025-10-31 15:21:36,524 - nvd_autonomous - INFO - Robot start talking
2025-10-31 15:21:36,746 - nvd_autonomous - INFO - Robot start talking
2025-10-31 15:21:36,963 - nvd_autonomous - INFO - Robot start talking
2025-10-31 15:21:37,178 - nvd_autonomous - INFO - Robot start talking
2025-10-31 15:21:37,394 - nvd_autonomous - INFO - Robot start talking
2025-10-31 15:21:37,610 - nvd_autonomous - INFO - Robot start talking
2025-10-31 15:21:37,827 - nvd_autonomous - INFO - Robot start talking
2025-10-31 15:21:38,050 - nvd_autonomous - INFO - Robot start talking
2025-10-31 15:21:38,266 - nvd_autonomous - INFO - Robot start talking
2025-10-31 15:21:38,482 - nvd_autonomous - INFO - Robot start talking
2025-10-31 15:21:38,698 - nvd_autonomous - INFO - Robot start talking
2025-10-31 15:21:38,914 - nvd_autonomous - INFO - Robot start talking
2025-10-31 15:21:39,129 - nvd_autonomous - INFO - Robot start talking
2025-10-31 15:21:39,331 - nvd_autonomous - INFO - Robot start talking
2025-10-31 15:21:39,554 - nvd_autonomous - INFO - Robot start talking
2025-10-31 15:21:39,770 - nvd_autonomous - INFO - Robot start talking
2025-10-31 15:21:39,987 - nvd_autonomous - INFO - Start Talking: 3
2025-10-31 15:21:39,987 - nvd_autonomous - INFO - Move to: [35, -15]
2025-10-31 15:21:40,202 - nvd_autonomous - INFO - Robot start talking
2025-10-31 15:21:40,418 - nvd_autonomous - INFO - Robot start talking
2025-10-31 15:21:40,619 - nvd_autonomous - INFO - Robot start talking
2025-10-31 15:21:40,820 - nvd_autonomous - INFO - Robot start talking
2025-10-31 15:21:41,024 - nvd_autonomous - INFO - Robot start talking
2025-10-31 15:21:41,235 - nvd_autonomous - INFO - Robot start talking
2025-10-31 15:21:41,437 - nvd_autonomous - INFO - Robot start talking
2025-10-31 15:21:41,653 - nvd_autonomous - INFO - Robot start talking
2025-10-31 15:21:41,875 - nvd_autonomous - INFO - Robot start talking
2025-10-31 15:21:42,091 - nvd_autonomous - INFO - Robot start talking
2025-10-31 15:21:42,307 - nvd_autonomous - INFO - Robot start talking
2025-10-31 15:21:42,523 - nvd_autonomous - INFO - Robot start talking
2025-10-31 15:21:42,738 - nvd_autonomous - INFO - Robot start talking
2025-10-31 15:21:42,952 - nvd_autonomous - INFO - Robot start talking
2025-10-31 15:21:43,155 - nvd_autonomous - INFO - Robot start talking
2025-10-31 15:21:43,371 - nvd_autonomous - INFO - Robot start talking
2025-10-31 15:21:43,579 - nvd_autonomous - INFO - Robot start talking
2025-10-31 15:21:43,795 - nvd_autonomous - INFO - Robot start talking
2025-10-31 15:21:44,011 - nvd_autonomous - INFO - Robot start talking
2025-10-31 15:21:44,241 - nvd_autonomous - INFO - Robot start talking
2025-10-31 15:21:44,443 - nvd_autonomous - INFO - Robot start talking
2025-10-31 15:21:44,659 - nvd_autonomous - INFO - Robot start talking
2025-10-31 15:21:44,883 - nvd_autonomous - INFO - Start Talking: 3
2025-10-31 15:21:44,883 - nvd_autonomous - INFO - Move to: [35, -15]
2025-10-31 15:21:45,315 - nvd_autonomous - INFO - Start Talking: 0
2025-10-31 15:21:45,315 - nvd_autonomous - INFO - Move to: [-35, -15]
2025-10-31 15:21:45,531 - nvd_autonomous - INFO - Start Talking: 3
2025-10-31 15:21:45,531 - nvd_autonomous - INFO - Move to: [35, -15]
2025-10-31 15:21:48,508 - nvd_autonomous - INFO - No one talking
2025-10-31 15:21:48,724 - nvd_autonomous - INFO - Start Talking: 3
2025-10-31 15:21:48,724 - nvd_autonomous - INFO - Move to: [35, -15]
2025-10-31 15:21:49,156 - nvd_autonomous - INFO - Start Talking: 0
2025-10-31 15:21:49,156 - nvd_autonomous - INFO - Move to: [-35, -15]
2025-10-31 15:21:49,595 - nvd_autonomous - INFO - No one talking
2025-10-31 15:21:50,021 - nvd_autonomous - INFO - Move pan to: 35
2025-10-31 15:21:50,021 - nvd_autonomous - INFO - Move tilt to: -15
2025-10-31 15:21:50,022 - nvd_autonomous - INFO - Start Talking: 3
2025-10-31 15:21:50,022 - nvd_autonomous - INFO - Move to: [35, -15]
2025-10-31 15:21:55,758 - nvd_autonomous - INFO - Clean Queue
2025-10-31 15:21:57,061 - nvd_autonomous - INFO - Backchanneling to: [35, -15]
2025-10-31 15:21:58,363 - nvd_autonomous - INFO - Start Talking: 1
2025-10-31 15:21:58,363 - nvd_autonomous - INFO - Move to: [-35, -15]
2025-10-31 15:21:58,578 - nvd_autonomous - INFO - Start Talking: 3
2025-10-31 15:21:58,578 - nvd_autonomous - INFO - Move to: [35, -15]
2025-10-31 15:22:02,620 - nvd_autonomous - INFO - Move pan to: 35
2025-10-31 15:22:02,620 - nvd_autonomous - INFO - Move tilt to: -15
2025-10-31 15:22:02,620 - nvd_autonomous - INFO - No one talking
2025-10-31 15:22:03,473 - nvd_autonomous - INFO - Start Talking: 3
2025-10-31 15:22:03,473 - nvd_autonomous - INFO - Move to: [35, -15]
2025-10-31 15:22:09,038 - nvd_autonomous - INFO - Start Talking: 0
2025-10-31 15:22:09,038 - nvd_autonomous - INFO - Move to: [-35, -15]
2025-10-31 15:22:09,254 - nvd_autonomous - INFO - Start Talking: 3
2025-10-31 15:22:09,254 - nvd_autonomous - INFO - Move to: [35, -15]
2025-10-31 15:22:13,291 - nvd_autonomous - INFO - Move pan to: 35
2025-10-31 15:22:13,291 - nvd_autonomous - INFO - Move tilt to: -15
2025-10-31 15:22:16,463 - nvd_autonomous - INFO - Backchanneling to: [35, -15]
2025-10-31 15:22:22,665 - nvd_autonomous - INFO - No one talking
2025-10-31 15:22:23,321 - nvd_autonomous - INFO - Start Talking: 0
2025-10-31 15:22:23,321 - nvd_autonomous - INFO - Move to: [-35, -15]
2025-10-31 15:22:23,753 - nvd_autonomous - INFO - Start Talking: 0
2025-10-31 15:22:23,753 - nvd_autonomous - INFO - Move to: [-35, -15]
2025-10-31 15:22:24,185 - nvd_autonomous - INFO - No one talking
2025-10-31 15:22:24,608 - nvd_autonomous - INFO - Start Talking: 3
2025-10-31 15:22:24,608 - nvd_autonomous - INFO - Move to: [35, -15]
2025-10-31 15:22:26,313 - nvd_autonomous - INFO - Start Talking: 0
2025-10-31 15:22:26,313 - nvd_autonomous - INFO - Move to: [-35, -15]
2025-10-31 15:22:26,745 - nvd_autonomous - INFO - Start Talking: 3
2025-10-31 15:22:26,745 - nvd_autonomous - INFO - Move to: [35, -15]
2025-10-31 15:22:28,247 - nvd_autonomous - INFO - Start Talking: 0
2025-10-31 15:22:28,247 - nvd_autonomous - INFO - Move to: [-35, -15]
2025-10-31 15:22:32,909 - nvd_autonomous - INFO - No one talking
2025-10-31 15:22:33,560 - nvd_autonomous - INFO - Start Talking: 0
2025-10-31 15:22:33,560 - nvd_autonomous - INFO - Move to: [-35, -15]
2025-10-31 15:22:37,788 - nvd_autonomous - INFO - Start Talking: 3
2025-10-31 15:22:37,788 - nvd_autonomous - INFO - Move to: [35, -15]
2025-10-31 15:22:38,004 - nvd_autonomous - INFO - Start Talking: 1
2025-10-31 15:22:38,004 - nvd_autonomous - INFO - Move to: [-35, -15]
2025-10-31 15:22:38,436 - nvd_autonomous - INFO - Clean Queue
2025-10-31 15:22:38,643 - nvd_autonomous - INFO - Start Talking: 3
2025-10-31 15:22:38,643 - nvd_autonomous - INFO - Move to: [35, -15]
2025-10-31 15:22:39,075 - nvd_autonomous - INFO - Move pan to: 35
2025-10-31 15:22:39,075 - nvd_autonomous - INFO - Move tilt to: -15
2025-10-31 15:22:41,427 - nvd_autonomous - INFO - No one talking
2025-10-31 15:22:41,649 - nvd_autonomous - INFO - Robot start talking
2025-10-31 15:22:41,866 - nvd_autonomous - INFO - Start Talking: 3
2025-10-31 15:22:41,866 - nvd_autonomous - INFO - Move to: [35, -15]
2025-10-31 15:22:48,058 - nvd_autonomous - INFO - Start Talking: 3
2025-10-31 15:22:48,058 - nvd_autonomous - INFO - Move to: [35, -15]
2025-10-31 15:22:52,117 - nvd_autonomous - INFO - Start Talking: 1
2025-10-31 15:22:52,117 - nvd_autonomous - INFO - Move to: [-35, -15]
2025-10-31 15:22:52,538 - nvd_autonomous - INFO - Start Talking: 3
2025-10-31 15:22:52,538 - nvd_autonomous - INFO - Move to: [35, -15]
2025-10-31 15:22:52,971 - nvd_autonomous - INFO - Start Talking: 3
2025-10-31 15:22:52,971 - nvd_autonomous - INFO - Move to: [35, -15]
2025-10-31 15:22:55,145 - nvd_autonomous - INFO - No one talking
2025-10-31 15:22:55,361 - nvd_autonomous - INFO - Start Talking: 3
2025-10-31 15:22:55,361 - nvd_autonomous - INFO - Move to: [35, -15]
2025-10-31 15:22:55,792 - nvd_autonomous - INFO - Start Talking: 0
2025-10-31 15:22:55,792 - nvd_autonomous - INFO - Move to: [-35, -15]
2025-10-31 15:22:56,009 - nvd_autonomous - INFO - Start Talking: 3
2025-10-31 15:22:56,010 - nvd_autonomous - INFO - Move to: [35, -15]
2025-10-31 15:23:03,064 - nvd_autonomous - INFO - Backchanneling to: [35, -15]
2025-10-31 15:23:07,120 - nvd_autonomous - INFO - No one talking
2025-10-31 15:23:07,336 - nvd_autonomous - INFO - Start Talking: 3
2025-10-31 15:23:07,336 - nvd_autonomous - INFO - Move to: [35, -15]
2025-10-31 15:23:07,757 - nvd_autonomous - INFO - Start Talking: 3
2025-10-31 15:23:07,757 - nvd_autonomous - INFO - Move to: [35, -15]
2025-10-31 15:23:10,348 - nvd_autonomous - INFO - No one talking
2025-10-31 15:23:10,775 - nvd_autonomous - INFO - Start Talking: 3
2025-10-31 15:23:10,775 - nvd_autonomous - INFO - Move to: [35, -15]
2025-10-31 15:23:17,844 - nvd_autonomous - INFO - Backchanneling to: [35, -15]
2025-10-31 15:23:23,668 - nvd_autonomous - INFO - No one talking
2025-10-31 15:23:23,884 - nvd_autonomous - INFO - Start Talking: 3
2025-10-31 15:23:23,884 - nvd_autonomous - INFO - Move to: [35, -15]
2025-10-31 15:23:26,247 - nvd_autonomous - INFO - No one talking
2025-10-31 15:23:27,118 - nvd_autonomous - INFO - Start Talking: 0
2025-10-31 15:23:27,118 - nvd_autonomous - INFO - Move to: [-35, -15]
2025-10-31 15:23:27,551 - nvd_autonomous - INFO - Start Talking: 3
2025-10-31 15:23:27,551 - nvd_autonomous - INFO - Move to: [35, -15]
2025-10-31 15:23:28,629 - nvd_autonomous - INFO - Start Talking: 1
2025-10-31 15:23:28,629 - nvd_autonomous - INFO - Move to: [-35, -15]
2025-10-31 15:23:35,691 - nvd_autonomous - INFO - Backchanneling to: [-35, -15]
2025-10-31 15:23:38,049 - nvd_autonomous - INFO - Start Talking: 1
2025-10-31 15:23:38,049 - nvd_autonomous - INFO - Move to: [-35, -15]
2025-10-31 15:23:45,167 - nvd_autonomous - INFO - Backchanneling to: [-35, -15]
2025-10-31 15:23:52,202 - nvd_autonomous - INFO - Backchanneling to: [-35, -15]
2025-10-31 15:23:59,316 - nvd_autonomous - INFO - Backchanneling to: [-35, -15]
2025-10-31 15:24:02,740 - nvd_autonomous - INFO - Start Talking: 0
2025-10-31 15:24:02,740 - nvd_autonomous - INFO - Move to: [-35, -15]
2025-10-31 15:24:03,841 - nvd_autonomous - INFO - Start Talking: 1
2025-10-31 15:24:03,841 - nvd_autonomous - INFO - Move to: [-35, -15]
2025-10-31 15:24:10,895 - nvd_autonomous - INFO - Backchanneling to: [-35, -15]
2025-10-31 15:24:17,973 - nvd_autonomous - INFO - Backchanneling to: [-35, -15]
2025-10-31 15:24:24,979 - nvd_autonomous - INFO - Backchanneling to: [-35, -15]
2025-10-31 15:24:32,030 - nvd_autonomous - INFO - Backchanneling to: [-35, -15]
2025-10-31 15:24:39,060 - nvd_autonomous - INFO - Backchanneling to: [-35, -15]
2025-10-31 15:24:43,370 - nvd_autonomous - INFO - Start Talking: 0
2025-10-31 15:24:43,370 - nvd_autonomous - INFO - Move to: [-35, -15]
2025-10-31 15:24:43,802 - nvd_autonomous - INFO - Start Talking: 0
2025-10-31 15:24:43,802 - nvd_autonomous - INFO - Move to: [-35, -15]
2025-10-31 15:24:44,445 - nvd_autonomous - INFO - Start Talking: 0
2025-10-31 15:24:44,445 - nvd_autonomous - INFO - Move to: [-35, -15]
2025-10-31 15:24:50,660 - nvd_autonomous - INFO - Start Talking: 3
2025-10-31 15:24:50,660 - nvd_autonomous - INFO - Move to: [35, -15]
2025-10-31 15:24:50,876 - nvd_autonomous - INFO - Start Talking: 0
2025-10-31 15:24:50,876 - nvd_autonomous - INFO - Move to: [-35, -15]
2025-10-31 15:24:52,566 - nvd_autonomous - INFO - Start Talking: 3
2025-10-31 15:24:52,566 - nvd_autonomous - INFO - Move to: [35, -15]
2025-10-31 15:24:53,638 - nvd_autonomous - INFO - Start Talking: 0
2025-10-31 15:24:53,638 - nvd_autonomous - INFO - Move to: [-35, -15]
2025-10-31 15:24:58,609 - nvd_autonomous - INFO - Start Talking: 3
2025-10-31 15:24:58,609 - nvd_autonomous - INFO - Move to: [35, -15]
2025-10-31 15:24:58,832 - nvd_autonomous - INFO - Start Talking: 0
2025-10-31 15:24:58,832 - nvd_autonomous - INFO - Move to: [-35, -15]
2025-10-31 15:25:03,587 - nvd_autonomous - INFO - Start Talking: 3
2025-10-31 15:25:03,587 - nvd_autonomous - INFO - Move to: [35, -15]
2025-10-31 15:25:09,588 - nvd_autonomous - INFO - Start Talking: 1
2025-10-31 15:25:09,588 - nvd_autonomous - INFO - Move to: [-35, -15]
2025-10-31 15:25:09,805 - nvd_autonomous - INFO - Start Talking: 3
2025-10-31 15:25:09,805 - nvd_autonomous - INFO - Move to: [35, -15]
2025-10-31 15:25:10,223 - nvd_autonomous - INFO - Start Talking: 1
2025-10-31 15:25:10,223 - nvd_autonomous - INFO - Move to: [-35, -15]
2025-10-31 15:25:10,437 - nvd_autonomous - INFO - Start Talking: 3
2025-10-31 15:25:10,437 - nvd_autonomous - INFO - Move to: [35, -15]
2025-10-31 15:25:17,455 - nvd_autonomous - INFO - Backchanneling to: [35, -15]
2025-10-31 15:25:24,472 - nvd_autonomous - INFO - Backchanneling to: [35, -15]
2025-10-31 15:25:27,690 - nvd_autonomous - INFO - Start Talking: 3
2025-10-31 15:25:27,690 - nvd_autonomous - INFO - Move to: [35, -15]
2025-10-31 15:25:30,013 - nvd_autonomous - INFO - Start Talking: 3
2025-10-31 15:25:30,013 - nvd_autonomous - INFO - Move to: [35, -15]
2025-10-31 15:25:31,532 - nvd_autonomous - INFO - Robot start talking
2025-10-31 15:25:31,754 - nvd_autonomous - INFO - Robot start talking
2025-10-31 15:25:31,971 - nvd_autonomous - INFO - Robot start talking
2025-10-31 15:25:32,187 - nvd_autonomous - INFO - Robot start talking
2025-10-31 15:25:32,403 - nvd_autonomous - INFO - Robot start talking
2025-10-31 15:25:32,607 - nvd_autonomous - INFO - Robot start talking
2025-10-31 15:25:32,820 - nvd_autonomous - INFO - Robot start talking
2025-10-31 15:25:33,036 - nvd_autonomous - INFO - Robot start talking
2025-10-31 15:25:33,259 - nvd_autonomous - INFO - Robot start talking
2025-10-31 15:25:33,476 - nvd_autonomous - INFO - Robot start talking
2025-10-31 15:25:33,692 - nvd_autonomous - INFO - Robot start talking
2025-10-31 15:25:33,896 - nvd_autonomous - INFO - Robot start talking
2025-10-31 15:25:34,109 - nvd_autonomous - INFO - Robot start talking
2025-10-31 15:25:34,325 - nvd_autonomous - INFO - Robot start talking
2025-10-31 15:25:34,541 - nvd_autonomous - INFO - Robot start talking
2025-10-31 15:25:34,764 - nvd_autonomous - INFO - Robot start talking
2025-10-31 15:25:34,984 - nvd_autonomous - INFO - Robot start talking
2025-10-31 15:25:35,200 - nvd_autonomous - INFO - Robot start talking
2025-10-31 15:25:35,416 - nvd_autonomous - INFO - Robot start talking
2025-10-31 15:25:35,632 - nvd_autonomous - INFO - Robot start talking
2025-10-31 15:25:35,837 - nvd_autonomous - INFO - Robot start talking
2025-10-31 15:25:36,048 - nvd_autonomous - INFO - Robot start talking
2025-10-31 15:25:36,264 - nvd_autonomous - INFO - Robot start talking
2025-10-31 15:25:36,487 - nvd_autonomous - INFO - Robot start talking
2025-10-31 15:25:36,703 - nvd_autonomous - INFO - Start Talking: 1
2025-10-31 15:25:36,703 - nvd_autonomous - INFO - Move to: [-35, -15]
2025-10-31 15:25:36,919 - nvd_autonomous - INFO - Robot start talking
2025-10-31 15:25:37,135 - nvd_autonomous - INFO - Robot start talking
2025-10-31 15:25:37,351 - nvd_autonomous - INFO - Robot start talking
2025-10-31 15:25:37,567 - nvd_autonomous - INFO - Robot start talking
2025-10-31 15:25:37,769 - nvd_autonomous - INFO - Robot start talking
2025-10-31 15:25:37,991 - nvd_autonomous - INFO - Robot start talking
2025-10-31 15:25:38,207 - nvd_autonomous - INFO - Robot start talking
2025-10-31 15:25:38,423 - nvd_autonomous - INFO - Robot start talking
2025-10-31 15:25:38,639 - nvd_autonomous - INFO - Start Talking: 3
2025-10-31 15:25:38,639 - nvd_autonomous - INFO - Move to: [35, -15]
2025-10-31 15:25:38,855 - nvd_autonomous - INFO - Robot start talking
2025-10-31 15:25:39,071 - nvd_autonomous - INFO - Robot start talking
2025-10-31 15:25:39,294 - nvd_autonomous - INFO - Robot start talking
2025-10-31 15:25:39,510 - nvd_autonomous - INFO - Robot start talking
2025-10-31 15:25:39,726 - nvd_autonomous - INFO - Robot start talking
2025-10-31 15:25:39,942 - nvd_autonomous - INFO - Robot start talking
2025-10-31 15:25:40,173 - nvd_autonomous - INFO - Robot start talking
2025-10-31 15:25:40,396 - nvd_autonomous - INFO - Robot start talking
2025-10-31 15:25:40,612 - nvd_autonomous - INFO - Robot start talking
2025-10-31 15:25:40,827 - nvd_autonomous - INFO - Robot start talking
2025-10-31 15:25:41,028 - nvd_autonomous - INFO - Robot start talking
2025-10-31 15:25:41,245 - nvd_autonomous - INFO - Robot start talking
2025-10-31 15:25:41,460 - nvd_autonomous - INFO - Robot start talking
2025-10-31 15:25:41,676 - nvd_autonomous - INFO - Robot start talking
2025-10-31 15:25:41,899 - nvd_autonomous - INFO - Robot start talking
2025-10-31 15:25:42,115 - nvd_autonomous - INFO - Robot start talking
2025-10-31 15:25:42,331 - nvd_autonomous - INFO - Robot start talking
2025-10-31 15:25:42,547 - nvd_autonomous - INFO - Robot start talking
2025-10-31 15:25:42,763 - nvd_autonomous - INFO - Robot start talking
2025-10-31 15:25:42,979 - nvd_autonomous - INFO - Robot start talking
2025-10-31 15:25:43,202 - nvd_autonomous - INFO - Robot start talking
2025-10-31 15:25:43,419 - nvd_autonomous - INFO - Robot start talking
2025-10-31 15:25:43,635 - nvd_autonomous - INFO - Robot start talking
2025-10-31 15:25:43,851 - nvd_autonomous - INFO - Robot start talking
2025-10-31 15:25:44,067 - nvd_autonomous - INFO - Robot start talking
2025-10-31 15:25:44,283 - nvd_autonomous - INFO - Robot start talking
2025-10-31 15:25:44,506 - nvd_autonomous - INFO - Robot start talking
2025-10-31 15:25:44,722 - nvd_autonomous - INFO - Robot start talking
2025-10-31 15:25:44,938 - nvd_autonomous - INFO - Robot start talking
2025-10-31 15:25:45,154 - nvd_autonomous - INFO - Robot start talking
2025-10-31 15:25:45,370 - nvd_autonomous - INFO - Robot start talking
2025-10-31 15:25:45,571 - nvd_autonomous - INFO - Robot start talking
2025-10-31 15:25:45,787 - nvd_autonomous - INFO - Robot start talking
2025-10-31 15:25:46,011 - nvd_autonomous - INFO - Robot start talking
2025-10-31 15:25:46,226 - nvd_autonomous - INFO - Robot start talking
2025-10-31 15:25:46,442 - nvd_autonomous - INFO - Robot start talking
2025-10-31 15:25:46,657 - nvd_autonomous - INFO - Robot start talking
2025-10-31 15:25:46,858 - nvd_autonomous - INFO - Robot start talking
2025-10-31 15:25:47,074 - nvd_autonomous - INFO - Robot start talking
2025-10-31 15:25:47,290 - nvd_autonomous - INFO - Robot start talking
2025-10-31 15:25:47,513 - nvd_autonomous - INFO - Robot start talking
2025-10-31 15:25:47,720 - nvd_autonomous - INFO - Robot start talking
2025-10-31 15:25:47,930 - nvd_autonomous - INFO - Robot start talking
2025-10-31 15:25:48,146 - nvd_autonomous - INFO - Robot start talking
2025-10-31 15:25:48,360 - nvd_autonomous - INFO - Robot start talking
2025-10-31 15:25:48,578 - nvd_autonomous - INFO - Robot start talking
2025-10-31 15:25:48,794 - nvd_autonomous - INFO - Robot start talking
2025-10-31 15:25:49,017 - nvd_autonomous - INFO - Robot start talking
2025-10-31 15:25:49,233 - nvd_autonomous - INFO - Robot start talking
2025-10-31 15:25:49,449 - nvd_autonomous - INFO - Robot start talking
2025-10-31 15:25:49,665 - nvd_autonomous - INFO - Robot start talking
2025-10-31 15:25:49,881 - nvd_autonomous - INFO - Robot start talking
2025-10-31 15:25:50,098 - nvd_autonomous - INFO - Robot start talking
2025-10-31 15:25:50,321 - nvd_autonomous - INFO - Robot start talking
2025-10-31 15:25:50,537 - nvd_autonomous - INFO - Robot start talking
2025-10-31 15:25:50,753 - nvd_autonomous - INFO - Robot start talking
2025-10-31 15:25:50,968 - nvd_autonomous - INFO - Robot start talking
2025-10-31 15:25:51,185 - nvd_autonomous - INFO - Robot start talking
2025-10-31 15:25:51,400 - nvd_autonomous - INFO - Robot start talking
2025-10-31 15:25:51,622 - nvd_autonomous - INFO - Robot start talking
2025-10-31 15:25:51,838 - nvd_autonomous - INFO - Robot start talking
2025-10-31 15:25:52,054 - nvd_autonomous - INFO - Robot start talking
2025-10-31 15:25:52,270 - nvd_autonomous - INFO - Start Talking: 3
2025-10-31 15:25:52,270 - nvd_autonomous - INFO - Move to: [35, -15]
2025-10-31 15:25:59,320 - nvd_autonomous - INFO - Backchanneling to: [35, -15]
2025-10-31 15:26:00,406 - nvd_autonomous - INFO - Start Talking: 1
2025-10-31 15:26:00,406 - nvd_autonomous - INFO - Move to: [-35, -15]
2025-10-31 15:26:00,622 - nvd_autonomous - INFO - Start Talking: 3
2025-10-31 15:26:00,622 - nvd_autonomous - INFO - Move to: [35, -15]
2025-10-31 15:26:02,348 - nvd_autonomous - INFO - No one talking
2025-10-31 15:26:02,781 - nvd_autonomous - INFO - Start Talking: 3
2025-10-31 15:26:02,781 - nvd_autonomous - INFO - Move to: [35, -15]
2025-10-31 15:26:06,190 - nvd_autonomous - INFO - Start Talking: 3
2025-10-31 15:26:06,190 - nvd_autonomous - INFO - Move to: [35, -15]
2025-10-31 15:26:13,236 - nvd_autonomous - INFO - Backchanneling to: [35, -15]
2025-10-31 15:26:20,268 - nvd_autonomous - INFO - Backchanneling to: [35, -15]
2025-10-31 15:26:26,065 - nvd_autonomous - INFO - Robot start talking
2025-10-31 15:26:26,281 - nvd_autonomous - INFO - Robot start talking
2025-10-31 15:26:26,482 - nvd_autonomous - INFO - Robot start talking
2025-10-31 15:26:26,697 - nvd_autonomous - INFO - Robot start talking
2025-10-31 15:26:26,899 - nvd_autonomous - INFO - Robot start talking
2025-10-31 15:26:27,122 - nvd_autonomous - INFO - Robot start talking
2025-10-31 15:26:27,338 - nvd_autonomous - INFO - Robot start talking
2025-10-31 15:26:27,554 - nvd_autonomous - INFO - Robot start talking
2025-10-31 15:26:27,769 - nvd_autonomous - INFO - Robot start talking
2025-10-31 15:26:27,971 - nvd_autonomous - INFO - Robot start talking
2025-10-31 15:26:28,186 - nvd_autonomous - INFO - Robot start talking
2025-10-31 15:26:28,403 - nvd_autonomous - INFO - Robot start talking
2025-10-31 15:26:28,626 - nvd_autonomous - INFO - Robot start talking
2025-10-31 15:26:28,842 - nvd_autonomous - INFO - Robot start talking
2025-10-31 15:26:29,058 - nvd_autonomous - INFO - Robot start talking
2025-10-31 15:26:29,274 - nvd_autonomous - INFO - Robot start talking
2025-10-31 15:26:29,489 - nvd_autonomous - INFO - Robot start talking
2025-10-31 15:26:29,706 - nvd_autonomous - INFO - Robot start talking
2025-10-31 15:26:29,928 - nvd_autonomous - INFO - Robot start talking
2025-10-31 15:26:30,144 - nvd_autonomous - INFO - Robot start talking
2025-10-31 15:26:30,360 - nvd_autonomous - INFO - Robot start talking
2025-10-31 15:26:30,576 - nvd_autonomous - INFO - Robot start talking
2025-10-31 15:26:30,792 - nvd_autonomous - INFO - Robot start talking
2025-10-31 15:26:31,008 - nvd_autonomous - INFO - Robot start talking
2025-10-31 15:26:31,231 - nvd_autonomous - INFO - Robot start talking
2025-10-31 15:26:31,447 - nvd_autonomous - INFO - Robot start talking
2025-10-31 15:26:31,664 - nvd_autonomous - INFO - Robot start talking
2025-10-31 15:26:31,880 - nvd_autonomous - INFO - Robot start talking
2025-10-31 15:26:32,096 - nvd_autonomous - INFO - Robot start talking
2025-10-31 15:26:32,312 - nvd_autonomous - INFO - Robot start talking
2025-10-31 15:26:32,528 - nvd_autonomous - INFO - Robot start talking
2025-10-31 15:26:32,751 - nvd_autonomous - INFO - Robot start talking
2025-10-31 15:26:32,967 - nvd_autonomous - INFO - Robot start talking
2025-10-31 15:26:33,183 - nvd_autonomous - INFO - Robot start talking
2025-10-31 15:26:33,399 - nvd_autonomous - INFO - Robot start talking
2025-10-31 15:26:33,615 - nvd_autonomous - INFO - Robot start talking
2025-10-31 15:26:33,831 - nvd_autonomous - INFO - Robot start talking
2025-10-31 15:26:34,053 - nvd_autonomous - INFO - Robot start talking
2025-10-31 15:26:34,269 - nvd_autonomous - INFO - Robot start talking
2025-10-31 15:26:34,485 - nvd_autonomous - INFO - Robot start talking
2025-10-31 15:26:34,702 - nvd_autonomous - INFO - Robot start talking
2025-10-31 15:26:34,918 - nvd_autonomous - INFO - Robot start talking
2025-10-31 15:26:35,134 - nvd_autonomous - INFO - Robot start talking
2025-10-31 15:26:35,357 - nvd_autonomous - INFO - Robot start talking
2025-10-31 15:26:35,574 - nvd_autonomous - INFO - Robot start talking
2025-10-31 15:26:35,789 - nvd_autonomous - INFO - Robot start talking
2025-10-31 15:26:36,005 - nvd_autonomous - INFO - Robot start talking
2025-10-31 15:26:36,222 - nvd_autonomous - INFO - Robot start talking
2025-10-31 15:26:36,438 - nvd_autonomous - INFO - Robot start talking
2025-10-31 15:26:36,661 - nvd_autonomous - INFO - Robot start talking
2025-10-31 15:26:36,878 - nvd_autonomous - INFO - Robot start talking
2025-10-31 15:26:37,094 - nvd_autonomous - INFO - Robot start talking
2025-10-31 15:26:37,310 - nvd_autonomous - INFO - Robot start talking
2025-10-31 15:26:37,525 - nvd_autonomous - INFO - Robot start talking
2025-10-31 15:26:37,742 - nvd_autonomous - INFO - Robot start talking
2025-10-31 15:26:37,964 - nvd_autonomous - INFO - Robot start talking
2025-10-31 15:26:38,171 - nvd_autonomous - INFO - Robot start talking
2025-10-31 15:26:38,380 - nvd_autonomous - INFO - Robot start talking
2025-10-31 15:26:38,596 - nvd_autonomous - INFO - Robot start talking
2025-10-31 15:26:38,811 - nvd_autonomous - INFO - Robot start talking
2025-10-31 15:26:39,013 - nvd_autonomous - INFO - Robot start talking
2025-10-31 15:26:39,230 - nvd_autonomous - INFO - Robot start talking
2025-10-31 15:26:39,446 - nvd_autonomous - INFO - Robot start talking
2025-10-31 15:26:39,667 - nvd_autonomous - INFO - Robot start talking
2025-10-31 15:26:39,883 - nvd_autonomous - INFO - Robot start talking
2025-10-31 15:26:40,095 - nvd_autonomous - INFO - Robot start talking
2025-10-31 15:26:40,300 - nvd_autonomous - INFO - Robot start talking
2025-10-31 15:26:40,516 - nvd_autonomous - INFO - Robot start talking
2025-10-31 15:26:40,732 - nvd_autonomous - INFO - Robot start talking
2025-10-31 15:26:40,948 - nvd_autonomous - INFO - Robot start talking
2025-10-31 15:26:41,171 - nvd_autonomous - INFO - Robot start talking
2025-10-31 15:26:41,387 - nvd_autonomous - INFO - Robot start talking
2025-10-31 15:26:41,603 - nvd_autonomous - INFO - Robot start talking
2025-10-31 15:26:41,820 - nvd_autonomous - INFO - Robot start talking
2025-10-31 15:26:42,036 - nvd_autonomous - INFO - Robot start talking
2025-10-31 15:26:42,252 - nvd_autonomous - INFO - Robot start talking
2025-10-31 15:26:42,474 - nvd_autonomous - INFO - Robot start talking
2025-10-31 15:26:42,690 - nvd_autonomous - INFO - Robot start talking
2025-10-31 15:26:42,907 - nvd_autonomous - INFO - Robot start talking
2025-10-31 15:26:43,176 - nvd_autonomous - INFO - Robot start talking
2025-10-31 15:26:43,391 - nvd_autonomous - INFO - Robot start talking
2025-10-31 15:26:43,607 - nvd_autonomous - INFO - Robot start talking
2025-10-31 15:26:43,811 - nvd_autonomous - INFO - Robot start talking
2025-10-31 15:26:44,023 - nvd_autonomous - INFO - Robot start talking
2025-10-31 15:26:44,224 - nvd_autonomous - INFO - Robot start talking
2025-10-31 15:26:44,441 - nvd_autonomous - INFO - Robot start talking
2025-10-31 15:26:44,657 - nvd_autonomous - INFO - Robot start talking
2025-10-31 15:26:44,880 - nvd_autonomous - INFO - Robot start talking
2025-10-31 15:26:45,097 - nvd_autonomous - INFO - Robot start talking
2025-10-31 15:26:45,312 - nvd_autonomous - INFO - Robot start talking
2025-10-31 15:26:45,529 - nvd_autonomous - INFO - Robot start talking
2025-10-31 15:26:45,745 - nvd_autonomous - INFO - Robot start talking
2025-10-31 15:26:45,960 - nvd_autonomous - INFO - Robot start talking
2025-10-31 15:26:46,183 - nvd_autonomous - INFO - Robot start talking
2025-10-31 15:26:46,399 - nvd_autonomous - INFO - Robot start talking
2025-10-31 15:26:46,614 - nvd_autonomous - INFO - Robot start talking
2025-10-31 15:26:46,830 - nvd_autonomous - INFO - Robot start talking
2025-10-31 15:26:47,044 - nvd_autonomous - INFO - Robot start talking
2025-10-31 15:26:47,246 - nvd_autonomous - INFO - Robot start talking
2025-10-31 15:26:47,462 - nvd_autonomous - INFO - Robot start talking
2025-10-31 15:26:47,684 - nvd_autonomous - INFO - Robot start talking
2025-10-31 15:26:47,900 - nvd_autonomous - INFO - Robot start talking
2025-10-31 15:26:48,116 - nvd_autonomous - INFO - Robot start talking
2025-10-31 15:26:48,333 - nvd_autonomous - INFO - Robot start talking
2025-10-31 15:26:48,549 - nvd_autonomous - INFO - Robot start talking
2025-10-31 15:26:48,765 - nvd_autonomous - INFO - Robot start talking
2025-10-31 15:26:48,987 - nvd_autonomous - INFO - Robot start talking
2025-10-31 15:26:49,203 - nvd_autonomous - INFO - Robot start talking
2025-10-31 15:26:49,419 - nvd_autonomous - INFO - Robot start talking
2025-10-31 15:26:49,635 - nvd_autonomous - INFO - Robot start talking
2025-10-31 15:26:49,851 - nvd_autonomous - INFO - Robot start talking
2025-10-31 15:26:50,067 - nvd_autonomous - INFO - Robot start talking
2025-10-31 15:26:50,291 - nvd_autonomous - INFO - Robot start talking
2025-10-31 15:26:50,507 - nvd_autonomous - INFO - Robot start talking
2025-10-31 15:26:50,722 - nvd_autonomous - INFO - Robot start talking
2025-10-31 15:26:50,939 - nvd_autonomous - INFO - Robot start talking
2025-10-31 15:26:51,154 - nvd_autonomous - INFO - Robot start talking
2025-10-31 15:26:51,356 - nvd_autonomous - INFO - Robot start talking
2025-10-31 15:26:51,571 - nvd_autonomous - INFO - Robot start talking
2025-10-31 15:26:51,793 - nvd_autonomous - INFO - Robot start talking
2025-10-31 15:26:52,010 - nvd_autonomous - INFO - Robot start talking
2025-10-31 15:26:52,226 - nvd_autonomous - INFO - Robot start talking
2025-10-31 15:26:52,443 - nvd_autonomous - INFO - Robot start talking
2025-10-31 15:26:52,657 - nvd_autonomous - INFO - Robot start talking
2025-10-31 15:26:52,874 - nvd_autonomous - INFO - Robot start talking
2025-10-31 15:26:53,097 - nvd_autonomous - INFO - Robot start talking
2025-10-31 15:26:53,312 - nvd_autonomous - INFO - Robot start talking
2025-10-31 15:26:53,529 - nvd_autonomous - INFO - Robot start talking
2025-10-31 15:26:53,744 - nvd_autonomous - INFO - Robot start talking
2025-10-31 15:26:53,960 - nvd_autonomous - INFO - Robot start talking
2025-10-31 15:26:54,177 - nvd_autonomous - INFO - Robot start talking
2025-10-31 15:26:54,400 - nvd_autonomous - INFO - Robot start talking
2025-10-31 15:26:54,617 - nvd_autonomous - INFO - Robot start talking
2025-10-31 15:26:54,833 - nvd_autonomous - INFO - Robot start talking
2025-10-31 15:26:55,049 - nvd_autonomous - INFO - Robot start talking
2025-10-31 15:26:55,265 - nvd_autonomous - INFO - Robot start talking
2025-10-31 15:26:55,481 - nvd_autonomous - INFO - Robot start talking
2025-10-31 15:26:55,704 - nvd_autonomous - INFO - Robot start talking
2025-10-31 15:26:55,920 - nvd_autonomous - INFO - Robot start talking
2025-10-31 15:26:56,136 - nvd_autonomous - INFO - Robot start talking
2025-10-31 15:26:56,352 - nvd_autonomous - INFO - Robot start talking
2025-10-31 15:26:56,567 - nvd_autonomous - INFO - Robot start talking
2025-10-31 15:26:56,769 - nvd_autonomous - INFO - Robot start talking
2025-10-31 15:26:56,985 - nvd_autonomous - INFO - Robot start talking
2025-10-31 15:26:57,207 - nvd_autonomous - INFO - Robot start talking
2025-10-31 15:26:57,423 - nvd_autonomous - INFO - Robot start talking
2025-10-31 15:26:57,639 - nvd_autonomous - INFO - Robot start talking
2025-10-31 15:26:57,855 - nvd_autonomous - INFO - Robot start talking
2025-10-31 15:26:58,072 - nvd_autonomous - INFO - Robot start talking
2025-10-31 15:26:58,288 - nvd_autonomous - INFO - Start Talking: 3
2025-10-31 15:26:58,288 - nvd_autonomous - INFO - Move to: [35, -15]
2025-10-31 15:26:58,704 - nvd_autonomous - INFO - Start Talking: 0
2025-10-31 15:26:58,704 - nvd_autonomous - INFO - Move to: [-35, -15]
2025-10-31 15:26:58,921 - nvd_autonomous - INFO - Start Talking: 3
2025-10-31 15:26:58,921 - nvd_autonomous - INFO - Move to: [35, -15]
2025-10-31 15:26:59,143 - nvd_autonomous - INFO - Start Talking: 0
2025-10-31 15:26:59,143 - nvd_autonomous - INFO - Move to: [-35, -15]
2025-10-31 15:26:59,575 - nvd_autonomous - INFO - Start Talking: 3
2025-10-31 15:26:59,575 - nvd_autonomous - INFO - Move to: [35, -15]
2025-10-31 15:26:59,791 - nvd_autonomous - INFO - Start Talking: 0
2025-10-31 15:26:59,791 - nvd_autonomous - INFO - Move to: [-35, -15]
2025-10-31 15:27:00,007 - nvd_autonomous - INFO - Start Talking: 3
2025-10-31 15:27:00,007 - nvd_autonomous - INFO - Move to: [35, -15]
2025-10-31 15:27:07,094 - nvd_autonomous - INFO - Backchanneling to: [35, -15]
2025-10-31 15:27:14,155 - nvd_autonomous - INFO - Backchanneling to: [35, -15]
2025-10-31 15:27:15,658 - nvd_autonomous - INFO - Robot start talking
2025-10-31 15:27:15,882 - nvd_autonomous - INFO - Robot start talking
2025-10-31 15:27:16,098 - nvd_autonomous - INFO - Robot start talking
2025-10-31 15:27:16,314 - nvd_autonomous - INFO - Robot start talking
2025-10-31 15:27:16,531 - nvd_autonomous - INFO - Robot start talking
2025-10-31 15:27:16,746 - nvd_autonomous - INFO - Robot start talking
2025-10-31 15:27:16,962 - nvd_autonomous - INFO - Robot start talking
2025-10-31 15:27:17,164 - nvd_autonomous - INFO - Robot start talking
2025-10-31 15:27:17,386 - nvd_autonomous - INFO - Robot start talking
2025-10-31 15:27:17,602 - nvd_autonomous - INFO - Robot start talking
2025-10-31 15:27:17,818 - nvd_autonomous - INFO - Robot start talking
2025-10-31 15:27:18,033 - nvd_autonomous - INFO - Robot start talking
2025-10-31 15:27:18,236 - nvd_autonomous - INFO - Robot start talking
2025-10-31 15:27:18,451 - nvd_autonomous - INFO - Robot start talking
2025-10-31 15:27:18,668 - nvd_autonomous - INFO - Robot start talking
2025-10-31 15:27:18,891 - nvd_autonomous - INFO - Robot start talking
2025-10-31 15:27:19,107 - nvd_autonomous - INFO - Robot start talking
2025-10-31 15:27:19,323 - nvd_autonomous - INFO - Robot start talking
2025-10-31 15:27:19,539 - nvd_autonomous - INFO - Robot start talking
2025-10-31 15:27:19,756 - nvd_autonomous - INFO - Robot start talking
2025-10-31 15:27:19,972 - nvd_autonomous - INFO - Robot start talking
2025-10-31 15:27:20,195 - nvd_autonomous - INFO - Robot start talking
2025-10-31 15:27:20,411 - nvd_autonomous - INFO - Robot start talking
2025-10-31 15:27:20,626 - nvd_autonomous - INFO - Robot start talking
2025-10-31 15:27:20,843 - nvd_autonomous - INFO - Robot start talking
2025-10-31 15:27:21,059 - nvd_autonomous - INFO - Robot start talking
2025-10-31 15:27:21,275 - nvd_autonomous - INFO - Robot start talking
2025-10-31 15:27:21,497 - nvd_autonomous - INFO - Robot start talking
2025-10-31 15:27:21,713 - nvd_autonomous - INFO - Robot start talking
2025-10-31 15:27:21,929 - nvd_autonomous - INFO - Robot start talking
2025-10-31 15:27:22,146 - nvd_autonomous - INFO - Robot start talking
2025-10-31 15:27:22,362 - nvd_autonomous - INFO - Robot start talking
2025-10-31 15:27:22,578 - nvd_autonomous - INFO - Robot start talking
2025-10-31 15:27:22,800 - nvd_autonomous - INFO - Robot start talking
2025-10-31 15:27:23,016 - nvd_autonomous - INFO - Robot start talking
2025-10-31 15:27:23,233 - nvd_autonomous - INFO - Robot start talking
2025-10-31 15:27:23,449 - nvd_autonomous - INFO - Robot start talking
2025-10-31 15:27:23,665 - nvd_autonomous - INFO - Robot start talking
2025-10-31 15:27:23,881 - nvd_autonomous - INFO - Robot start talking
2025-10-31 15:27:24,103 - nvd_autonomous - INFO - Robot start talking
2025-10-31 15:27:24,319 - nvd_autonomous - INFO - Robot start talking
2025-10-31 15:27:24,535 - nvd_autonomous - INFO - Robot start talking
2025-10-31 15:27:24,750 - nvd_autonomous - INFO - Robot start talking
2025-10-31 15:27:24,966 - nvd_autonomous - INFO - Robot start talking
2025-10-31 15:27:25,188 - nvd_autonomous - INFO - Robot start talking
2025-10-31 15:27:25,404 - nvd_autonomous - INFO - Robot start talking
2025-10-31 15:27:25,620 - nvd_autonomous - INFO - Robot start talking
2025-10-31 15:27:25,836 - nvd_autonomous - INFO - Robot start talking
2025-10-31 15:27:26,052 - nvd_autonomous - INFO - Robot start talking
2025-10-31 15:27:26,269 - nvd_autonomous - INFO - Robot start talking
2025-10-31 15:27:26,485 - nvd_autonomous - INFO - Robot start talking
2025-10-31 15:27:26,707 - nvd_autonomous - INFO - Robot start talking
2025-10-31 15:27:26,923 - nvd_autonomous - INFO - Robot start talking
2025-10-31 15:27:27,139 - nvd_autonomous - INFO - Robot start talking
2025-10-31 15:27:27,355 - nvd_autonomous - INFO - Robot start talking
2025-10-31 15:27:27,571 - nvd_autonomous - INFO - Robot start talking
2025-10-31 15:27:27,787 - nvd_autonomous - INFO - Robot start talking
2025-10-31 15:27:28,009 - nvd_autonomous - INFO - Robot start talking
2025-10-31 15:27:28,225 - nvd_autonomous - INFO - Robot start talking
2025-10-31 15:27:28,442 - nvd_autonomous - INFO - Robot start talking
2025-10-31 15:27:28,657 - nvd_autonomous - INFO - Robot start talking
2025-10-31 15:27:28,873 - nvd_autonomous - INFO - Robot start talking
2025-10-31 15:27:29,089 - nvd_autonomous - INFO - Start Talking: 3
2025-10-31 15:27:29,089 - nvd_autonomous - INFO - Move to: [35, -15]
2025-10-31 15:27:29,312 - nvd_autonomous - INFO - Robot start talking
2025-10-31 15:27:29,529 - nvd_autonomous - INFO - Robot start talking
2025-10-31 15:27:29,744 - nvd_autonomous - INFO - Robot start talking
2025-10-31 15:27:29,961 - nvd_autonomous - INFO - Start Talking: 3
2025-10-31 15:27:29,961 - nvd_autonomous - INFO - Move to: [35, -15]
2025-10-31 15:27:30,177 - nvd_autonomous - INFO - Robot start talking
2025-10-31 15:27:30,379 - nvd_autonomous - INFO - Robot start talking
2025-10-31 15:27:30,594 - nvd_autonomous - INFO - Robot start talking
2025-10-31 15:27:30,816 - nvd_autonomous - INFO - Robot start talking
2025-10-31 15:27:31,032 - nvd_autonomous - INFO - Robot start talking
2025-10-31 15:27:31,248 - nvd_autonomous - INFO - Robot start talking
2025-10-31 15:27:31,465 - nvd_autonomous - INFO - Robot start talking
2025-10-31 15:27:31,681 - nvd_autonomous - INFO - Robot start talking
2025-10-31 15:27:31,884 - nvd_autonomous - INFO - Robot start talking
2025-10-31 15:27:32,097 - nvd_autonomous - INFO - Robot start talking
2025-10-31 15:27:32,320 - nvd_autonomous - INFO - Robot start talking
2025-10-31 15:27:32,537 - nvd_autonomous - INFO - Robot start talking
2025-10-31 15:27:32,753 - nvd_autonomous - INFO - Robot start talking
2025-10-31 15:27:32,969 - nvd_autonomous - INFO - Robot start talking
2025-10-31 15:27:33,185 - nvd_autonomous - INFO - Robot start talking
2025-10-31 15:27:33,400 - nvd_autonomous - INFO - Robot start talking
2025-10-31 15:27:33,602 - nvd_autonomous - INFO - Robot start talking
2025-10-31 15:27:33,825 - nvd_autonomous - INFO - Robot start talking
2025-10-31 15:27:34,041 - nvd_autonomous - INFO - Robot start talking
2025-10-31 15:27:34,257 - nvd_autonomous - INFO - Robot start talking
2025-10-31 15:27:34,468 - nvd_autonomous - INFO - Robot start talking
2025-10-31 15:27:34,674 - nvd_autonomous - INFO - Robot start talking
2025-10-31 15:27:34,889 - nvd_autonomous - INFO - Robot start talking
2025-10-31 15:27:35,106 - nvd_autonomous - INFO - Robot start talking
2025-10-31 15:27:35,328 - nvd_autonomous - INFO - Robot start talking
2025-10-31 15:27:35,544 - nvd_autonomous - INFO - Robot start talking
2025-10-31 15:27:35,761 - nvd_autonomous - INFO - Robot start talking
2025-10-31 15:27:35,977 - nvd_autonomous - INFO - Robot start talking
2025-10-31 15:27:36,193 - nvd_autonomous - INFO - Robot start talking
2025-10-31 15:27:36,408 - nvd_autonomous - INFO - Robot start talking
2025-10-31 15:27:36,631 - nvd_autonomous - INFO - Robot start talking
2025-10-31 15:27:36,848 - nvd_autonomous - INFO - Robot start talking
2025-10-31 15:27:37,063 - nvd_autonomous - INFO - Robot start talking
2025-10-31 15:27:37,279 - nvd_autonomous - INFO - Robot start talking
2025-10-31 15:27:37,494 - nvd_autonomous - INFO - Robot start talking
2025-10-31 15:27:37,696 - nvd_autonomous - INFO - Robot start talking
2025-10-31 15:27:37,912 - nvd_autonomous - INFO - Robot start talking
2025-10-31 15:27:38,135 - nvd_autonomous - INFO - Robot start talking
2025-10-31 15:27:38,351 - nvd_autonomous - INFO - Robot start talking
2025-10-31 15:27:38,567 - nvd_autonomous - INFO - Robot start talking
2025-10-31 15:27:38,781 - nvd_autonomous - INFO - Robot start talking
2025-10-31 15:27:38,984 - nvd_autonomous - INFO - Robot start talking
2025-10-31 15:27:39,200 - nvd_autonomous - INFO - Robot start talking
2025-10-31 15:27:39,416 - nvd_autonomous - INFO - Robot start talking
2025-10-31 15:27:39,638 - nvd_autonomous - INFO - Robot start talking
2025-10-31 15:27:39,854 - nvd_autonomous - INFO - Robot start talking
2025-10-31 15:27:40,070 - nvd_autonomous - INFO - Robot start talking
2025-10-31 15:27:40,286 - nvd_autonomous - INFO - Robot start talking
2025-10-31 15:27:40,502 - nvd_autonomous - INFO - Robot start talking
2025-10-31 15:27:40,718 - nvd_autonomous - INFO - Robot start talking
2025-10-31 15:27:40,941 - nvd_autonomous - INFO - Robot start talking
2025-10-31 15:27:41,157 - nvd_autonomous - INFO - Robot start talking
2025-10-31 15:27:41,374 - nvd_autonomous - INFO - Robot start talking
2025-10-31 15:27:41,577 - nvd_autonomous - INFO - Robot start talking
2025-10-31 15:27:41,790 - nvd_autonomous - INFO - Robot start talking
2025-10-31 15:27:42,006 - nvd_autonomous - INFO - Robot start talking
2025-10-31 15:27:42,222 - nvd_autonomous - INFO - Robot start talking
2025-10-31 15:27:42,423 - nvd_autonomous - INFO - Robot start talking
2025-10-31 15:27:42,646 - nvd_autonomous - INFO - Robot start talking
2025-10-31 15:27:42,862 - nvd_autonomous - INFO - Robot start talking
2025-10-31 15:27:43,078 - nvd_autonomous - INFO - Robot start talking
2025-10-31 15:27:43,293 - nvd_autonomous - INFO - Robot start talking
2025-10-31 15:27:43,510 - nvd_autonomous - INFO - Robot start talking
2025-10-31 15:27:43,726 - nvd_autonomous - INFO - Robot start talking
2025-10-31 15:27:43,948 - nvd_autonomous - INFO - Robot start talking
2025-10-31 15:27:44,165 - nvd_autonomous - INFO - Robot start talking
2025-10-31 15:27:44,381 - nvd_autonomous - INFO - Robot start talking
2025-10-31 15:27:44,597 - nvd_autonomous - INFO - Start Talking: 3
2025-10-31 15:27:44,597 - nvd_autonomous - INFO - Move to: [35, -15]
2025-10-31 15:27:47,636 - nvd_autonomous - INFO - Start Talking: 1
2025-10-31 15:27:47,636 - nvd_autonomous - INFO - Move to: [-35, -15]
2025-10-31 15:27:48,723 - nvd_autonomous - INFO - Start Talking: 3
2025-10-31 15:27:48,723 - nvd_autonomous - INFO - Move to: [35, -15]
2025-10-31 15:27:49,795 - nvd_autonomous - INFO - Start Talking: 0
2025-10-31 15:27:49,795 - nvd_autonomous - INFO - Move to: [-35, -15]
2025-10-31 15:27:50,866 - nvd_autonomous - INFO - Start Talking: 3
2025-10-31 15:27:50,866 - nvd_autonomous - INFO - Move to: [35, -15]
2025-10-31 15:27:53,018 - nvd_autonomous - INFO - Start Talking: 0
2025-10-31 15:27:53,018 - nvd_autonomous - INFO - Move to: [-35, -15]
2025-10-31 15:27:56,457 - nvd_autonomous - INFO - Start Talking: 1
2025-10-31 15:27:56,457 - nvd_autonomous - INFO - Move to: [-35, -15]
2025-10-31 15:27:56,680 - nvd_autonomous - INFO - Start Talking: 0
2025-10-31 15:27:56,680 - nvd_autonomous - INFO - Move to: [-35, -15]
2025-10-31 15:28:01,390 - nvd_autonomous - INFO - Start Talking: 1
2025-10-31 15:28:01,390 - nvd_autonomous - INFO - Move to: [-35, -15]
2025-10-31 15:28:08,486 - nvd_autonomous - INFO - Backchanneling to: [-35, -15]
2025-10-31 15:28:15,545 - nvd_autonomous - INFO - Backchanneling to: [-35, -15]
2025-10-31 15:28:22,635 - nvd_autonomous - INFO - Backchanneling to: [-35, -15]
2025-10-31 15:28:28,788 - nvd_autonomous - INFO - Start Talking: 3
2025-10-31 15:28:28,788 - nvd_autonomous - INFO - Move to: [35, -15]
2025-10-31 15:28:29,004 - nvd_autonomous - INFO - Start Talking: 1
2025-10-31 15:28:29,004 - nvd_autonomous - INFO - Move to: [-35, -15]
2025-10-31 15:28:29,436 - nvd_autonomous - INFO - Start Talking: 3
2025-10-31 15:28:29,436 - nvd_autonomous - INFO - Move to: [35, -15]
2025-10-31 15:28:29,651 - nvd_autonomous - INFO - Start Talking: 1
2025-10-31 15:28:29,651 - nvd_autonomous - INFO - Move to: [-35, -15]
2025-10-31 15:28:36,750 - nvd_autonomous - INFO - Backchanneling to: [-35, -15]
2025-10-31 15:28:42,348 - nvd_autonomous - INFO - Start Talking: 3
2025-10-31 15:28:42,348 - nvd_autonomous - INFO - Move to: [35, -15]
2025-10-31 15:28:42,779 - nvd_autonomous - INFO - Robot start talking
2025-10-31 15:28:43,218 - nvd_autonomous - INFO - Start Talking: 1
2025-10-31 15:28:43,218 - nvd_autonomous - INFO - Move to: [-35, -15]
2025-10-31 15:28:50,298 - nvd_autonomous - INFO - Backchanneling to: [-35, -15]
2025-10-31 15:28:57,510 - nvd_autonomous - INFO - Backchanneling to: [-35, -15]
2025-10-31 15:29:00,919 - nvd_autonomous - INFO - Start Talking: 3
2025-10-31 15:29:00,919 - nvd_autonomous - INFO - Move to: [35, -15]
2025-10-31 15:29:01,134 - nvd_autonomous - INFO - Start Talking: 1
2025-10-31 15:29:01,134 - nvd_autonomous - INFO - Move to: [-35, -15]
2025-10-31 15:29:08,182 - nvd_autonomous - INFO - Backchanneling to: [-35, -15]
2025-10-31 15:29:14,165 - nvd_autonomous - INFO - Start Talking: 3
2025-10-31 15:29:14,165 - nvd_autonomous - INFO - Move to: [35, -15]
2025-10-31 15:29:14,382 - nvd_autonomous - INFO - Start Talking: 1
2025-10-31 15:29:14,382 - nvd_autonomous - INFO - Move to: [-35, -15]
2025-10-31 15:29:17,190 - nvd_autonomous - INFO - No one talking
2025-10-31 15:29:17,844 - nvd_autonomous - INFO - Start Talking: 1
2025-10-31 15:29:17,844 - nvd_autonomous - INFO - Move to: [-35, -15]
2025-10-31 15:29:24,967 - nvd_autonomous - INFO - Backchanneling to: [-35, -15]
2025-10-31 15:29:32,014 - nvd_autonomous - INFO - Backchanneling to: [-35, -15]
2025-10-31 15:29:39,062 - nvd_autonomous - INFO - Backchanneling to: [-35, -15]
2025-10-31 15:29:46,177 - nvd_autonomous - INFO - Backchanneling to: [-35, -15]
2025-10-31 15:29:48,083 - nvd_autonomous - INFO - Robot start talking
2025-10-31 15:29:48,306 - nvd_autonomous - INFO - Start Talking: 0
2025-10-31 15:29:48,306 - nvd_autonomous - INFO - Move to: [-35, -15]
2025-10-31 15:29:52,779 - nvd_autonomous - INFO - Robot start talking
2025-10-31 15:29:52,995 - nvd_autonomous - INFO - Robot start talking
2025-10-31 15:29:53,217 - nvd_autonomous - INFO - Robot start talking
2025-10-31 15:29:53,433 - nvd_autonomous - INFO - Start Talking: 0
2025-10-31 15:29:53,433 - nvd_autonomous - INFO - Move to: [-35, -15]
2025-10-31 15:30:00,496 - nvd_autonomous - INFO - Start Talking: 1
2025-10-31 15:30:00,496 - nvd_autonomous - INFO - Move to: [-35, -15]
2025-10-31 15:30:00,712 - nvd_autonomous - INFO - Start Talking: 0
2025-10-31 15:30:00,712 - nvd_autonomous - INFO - Move to: [-35, -15]
2025-10-31 15:30:00,934 - nvd_autonomous - INFO - Start Talking: 1
2025-10-31 15:30:00,934 - nvd_autonomous - INFO - Move to: [-35, -15]
2025-10-31 15:30:01,150 - nvd_autonomous - INFO - Start Talking: 0
2025-10-31 15:30:01,150 - nvd_autonomous - INFO - Move to: [-35, -15]
2025-10-31 15:30:01,582 - nvd_autonomous - INFO - Start Talking: 1
2025-10-31 15:30:01,582 - nvd_autonomous - INFO - Move to: [-35, -15]
2025-10-31 15:30:01,798 - nvd_autonomous - INFO - Start Talking: 0
2025-10-31 15:30:01,798 - nvd_autonomous - INFO - Move to: [-35, -15]
2025-10-31 15:30:07,416 - nvd_autonomous - INFO - No one talking
2025-10-31 15:30:08,250 - nvd_autonomous - INFO - Start Talking: 3
2025-10-31 15:30:08,250 - nvd_autonomous - INFO - Move to: [35, -15]
2025-10-31 15:30:09,306 - nvd_autonomous - INFO - No one talking
2025-10-31 15:30:10,386 - nvd_autonomous - INFO - Start Talking: 3
2025-10-31 15:30:10,386 - nvd_autonomous - INFO - Move to: [35, -15]
2025-10-31 15:30:17,458 - nvd_autonomous - INFO - Backchanneling to: [35, -15]
2025-10-31 15:30:20,296 - nvd_autonomous - INFO - Start Talking: 3
2025-10-31 15:30:20,296 - nvd_autonomous - INFO - Move to: [35, -15]
2025-10-31 15:30:27,398 - nvd_autonomous - INFO - Backchanneling to: [35, -15]
2025-10-31 15:30:28,046 - nvd_autonomous - INFO - No one talking
2025-10-31 15:30:29,117 - nvd_autonomous - INFO - Start Talking: 3
2025-10-31 15:30:29,117 - nvd_autonomous - INFO - Move to: [35, -15]
2025-10-31 15:30:29,535 - nvd_autonomous - INFO - No one talking
2025-10-31 15:30:29,951 - nvd_autonomous - INFO - Start Talking: 3
2025-10-31 15:30:29,951 - nvd_autonomous - INFO - Move to: [35, -15]
2025-10-31 15:30:30,602 - nvd_autonomous - INFO - Start Talking: 3
2025-10-31 15:30:30,602 - nvd_autonomous - INFO - Move to: [35, -15]
2025-10-31 15:30:33,582 - nvd_autonomous - INFO - No one talking
2025-10-31 15:30:34,214 - nvd_autonomous - INFO - Start Talking: 1
2025-10-31 15:30:34,214 - nvd_autonomous - INFO - Move to: [-35, -15]
2025-10-31 15:30:34,632 - nvd_autonomous - INFO - Start Talking: 3
2025-10-31 15:30:34,632 - nvd_autonomous - INFO - Move to: [35, -15]
2025-10-31 15:30:41,689 - nvd_autonomous - INFO - Backchanneling to: [35, -15]
2025-10-31 15:30:48,807 - nvd_autonomous - INFO - Backchanneling to: [35, -15]
2025-10-31 15:30:53,274 - nvd_autonomous - INFO - Robot start talking
2025-10-31 15:30:53,489 - nvd_autonomous - INFO - Robot start talking
2025-10-31 15:30:53,705 - nvd_autonomous - INFO - Robot start talking
2025-10-31 15:30:53,921 - nvd_autonomous - INFO - Robot start talking
2025-10-31 15:30:54,138 - nvd_autonomous - INFO - Robot start talking
2025-10-31 15:30:54,354 - nvd_autonomous - INFO - Robot start talking
2025-10-31 15:30:54,577 - nvd_autonomous - INFO - Robot start talking
2025-10-31 15:30:54,792 - nvd_autonomous - INFO - Robot start talking
2025-10-31 15:30:55,008 - nvd_autonomous - INFO - Robot start talking
2025-10-31 15:30:55,224 - nvd_autonomous - INFO - Robot start talking
2025-10-31 15:30:55,440 - nvd_autonomous - INFO - Robot start talking
2025-10-31 15:30:55,656 - nvd_autonomous - INFO - Robot start talking
2025-10-31 15:30:55,879 - nvd_autonomous - INFO - Robot start talking
2025-10-31 15:30:56,095 - nvd_autonomous - INFO - Robot start talking
2025-10-31 15:30:56,311 - nvd_autonomous - INFO - Robot start talking
2025-10-31 15:30:56,526 - nvd_autonomous - INFO - Robot start talking
2025-10-31 15:30:56,743 - nvd_autonomous - INFO - Robot start talking
2025-10-31 15:30:56,958 - nvd_autonomous - INFO - Robot start talking
2025-10-31 15:30:57,181 - nvd_autonomous - INFO - Start Talking: 1
2025-10-31 15:30:57,181 - nvd_autonomous - INFO - Move to: [-35, -15]
2025-10-31 15:30:57,397 - nvd_autonomous - INFO - Robot start talking
2025-10-31 15:30:57,613 - nvd_autonomous - INFO - Robot start talking
2025-10-31 15:30:57,829 - nvd_autonomous - INFO - Robot start talking
2025-10-31 15:30:58,045 - nvd_autonomous - INFO - Robot start talking
2025-10-31 15:30:58,247 - nvd_autonomous - INFO - Robot start talking
2025-10-31 15:30:58,463 - nvd_autonomous - INFO - Robot start talking
2025-10-31 15:30:58,685 - nvd_autonomous - INFO - Robot start talking
2025-10-31 15:30:58,901 - nvd_autonomous - INFO - Robot start talking
2025-10-31 15:30:59,117 - nvd_autonomous - INFO - Robot start talking
2025-10-31 15:30:59,333 - nvd_autonomous - INFO - Robot start talking
2025-10-31 15:30:59,549 - nvd_autonomous - INFO - Robot start talking
2025-10-31 15:30:59,765 - nvd_autonomous - INFO - Robot start talking
2025-10-31 15:30:59,988 - nvd_autonomous - INFO - Robot start talking
2025-10-31 15:31:00,204 - nvd_autonomous - INFO - Robot start talking
2025-10-31 15:31:00,421 - nvd_autonomous - INFO - Robot start talking
2025-10-31 15:31:00,637 - nvd_autonomous - INFO - Robot start talking
2025-10-31 15:31:00,853 - nvd_autonomous - INFO - Robot start talking
2025-10-31 15:31:01,069 - nvd_autonomous - INFO - Robot start talking
2025-10-31 15:31:01,291 - nvd_autonomous - INFO - Robot start talking
2025-10-31 15:31:01,507 - nvd_autonomous - INFO - Robot start talking
2025-10-31 15:31:01,723 - nvd_autonomous - INFO - Robot start talking
2025-10-31 15:31:01,939 - nvd_autonomous - INFO - Robot start talking
2025-10-31 15:31:02,147 - nvd_autonomous - INFO - Robot start talking
2025-10-31 15:31:02,356 - nvd_autonomous - INFO - Robot start talking
2025-10-31 15:31:02,573 - nvd_autonomous - INFO - Robot start talking
2025-10-31 15:31:02,796 - nvd_autonomous - INFO - Robot start talking
2025-10-31 15:31:03,012 - nvd_autonomous - INFO - Robot start talking
2025-10-31 15:31:03,228 - nvd_autonomous - INFO - Robot start talking
2025-10-31 15:31:03,444 - nvd_autonomous - INFO - Robot start talking
2025-10-31 15:31:03,659 - nvd_autonomous - INFO - Robot start talking
2025-10-31 15:31:03,875 - nvd_autonomous - INFO - Robot start talking
2025-10-31 15:31:04,099 - nvd_autonomous - INFO - Robot start talking
2025-10-31 15:31:04,315 - nvd_autonomous - INFO - Robot start talking
2025-10-31 15:31:04,531 - nvd_autonomous - INFO - Robot start talking
2025-10-31 15:31:04,747 - nvd_autonomous - INFO - Robot start talking
2025-10-31 15:31:04,963 - nvd_autonomous - INFO - Robot start talking
2025-10-31 15:31:05,179 - nvd_autonomous - INFO - Robot start talking
2025-10-31 15:31:05,402 - nvd_autonomous - INFO - Robot start talking
2025-10-31 15:31:05,618 - nvd_autonomous - INFO - Robot start talking
2025-10-31 15:31:05,834 - nvd_autonomous - INFO - Robot start talking
2025-10-31 15:31:06,048 - nvd_autonomous - INFO - Robot start talking
2025-10-31 15:31:06,265 - nvd_autonomous - INFO - Robot start talking
2025-10-31 15:31:06,481 - nvd_autonomous - INFO - Robot start talking
2025-10-31 15:31:06,704 - nvd_autonomous - INFO - Robot start talking
2025-10-31 15:31:06,920 - nvd_autonomous - INFO - Robot start talking
2025-10-31 15:31:07,136 - nvd_autonomous - INFO - Robot start talking
2025-10-31 15:31:07,353 - nvd_autonomous - INFO - Robot start talking
2025-10-31 15:31:07,569 - nvd_autonomous - INFO - Robot start talking
2025-10-31 15:31:07,785 - nvd_autonomous - INFO - Robot start talking
2025-10-31 15:31:08,007 - nvd_autonomous - INFO - Robot start talking
2025-10-31 15:31:08,224 - nvd_autonomous - INFO - Robot start talking
2025-10-31 15:31:08,440 - nvd_autonomous - INFO - Robot start talking
2025-10-31 15:31:08,656 - nvd_autonomous - INFO - Robot start talking
2025-10-31 15:31:08,871 - nvd_autonomous - INFO - Robot start talking
2025-10-31 15:31:09,073 - nvd_autonomous - INFO - Robot start talking
2025-10-31 15:31:09,274 - nvd_autonomous - INFO - Robot start talking
2025-10-31 15:31:09,490 - nvd_autonomous - INFO - Robot start talking
2025-10-31 15:31:09,712 - nvd_autonomous - INFO - Robot start talking
2025-10-31 15:31:09,928 - nvd_autonomous - INFO - Robot start talking
2025-10-31 15:31:10,143 - nvd_autonomous - INFO - Robot start talking
2025-10-31 15:31:10,376 - nvd_autonomous - INFO - Robot start talking
2025-10-31 15:31:10,592 - nvd_autonomous - INFO - Robot start talking
2025-10-31 15:31:10,815 - nvd_autonomous - INFO - Robot start talking
2025-10-31 15:31:11,031 - nvd_autonomous - INFO - Robot start talking
2025-10-31 15:31:11,247 - nvd_autonomous - INFO - Robot start talking
2025-10-31 15:31:11,463 - nvd_autonomous - INFO - Robot start talking
2025-10-31 15:31:11,678 - nvd_autonomous - INFO - Robot start talking
2025-10-31 15:31:11,895 - nvd_autonomous - INFO - Robot start talking
2025-10-31 15:31:12,117 - nvd_autonomous - INFO - Robot start talking
2025-10-31 15:31:12,333 - nvd_autonomous - INFO - Robot start talking
2025-10-31 15:31:12,550 - nvd_autonomous - INFO - Robot start talking
2025-10-31 15:31:12,765 - nvd_autonomous - INFO - Robot start talking
2025-10-31 15:31:12,982 - nvd_autonomous - INFO - Robot start talking
2025-10-31 15:31:13,198 - nvd_autonomous - INFO - Robot start talking
2025-10-31 15:31:13,421 - nvd_autonomous - INFO - Robot start talking
2025-10-31 15:31:13,637 - nvd_autonomous - INFO - Robot start talking
2025-10-31 15:31:13,854 - nvd_autonomous - INFO - Robot start talking
2025-10-31 15:31:14,070 - nvd_autonomous - INFO - Robot start talking
2025-10-31 15:31:14,273 - nvd_autonomous - INFO - Robot start talking
2025-10-31 15:31:14,487 - nvd_autonomous - INFO - Robot start talking
2025-10-31 15:31:14,703 - nvd_autonomous - INFO - Robot start talking
2025-10-31 15:31:14,926 - nvd_autonomous - INFO - Robot start talking
2025-10-31 15:31:15,142 - nvd_autonomous - INFO - Robot start talking
2025-10-31 15:31:15,357 - nvd_autonomous - INFO - Start Talking: 1
2025-10-31 15:31:15,357 - nvd_autonomous - INFO - Move to: [-35, -15]
2025-10-31 15:31:16,853 - nvd_autonomous - INFO - Start Talking: 3
2025-10-31 15:31:16,853 - nvd_autonomous - INFO - Move to: [35, -15]
2025-10-31 15:31:17,493 - nvd_autonomous - INFO - Move pan to: 35
2025-10-31 15:31:17,493 - nvd_autonomous - INFO - Move tilt to: -15
2025-10-31 15:31:17,493 - nvd_autonomous - INFO - Start Talking: 1
2025-10-31 15:31:17,493 - nvd_autonomous - INFO - Move to: [-35, -15]
2025-10-31 15:31:17,710 - nvd_autonomous - INFO - Robot start talking
2025-10-31 15:31:17,926 - nvd_autonomous - INFO - Robot start talking
2025-10-31 15:31:18,142 - nvd_autonomous - INFO - Robot start talking
2025-10-31 15:31:18,357 - nvd_autonomous - INFO - Robot start talking
2025-10-31 15:31:18,580 - nvd_autonomous - INFO - Robot start talking
2025-10-31 15:31:18,797 - nvd_autonomous - INFO - Robot start talking
2025-10-31 15:31:19,013 - nvd_autonomous - INFO - Robot start talking
2025-10-31 15:31:19,229 - nvd_autonomous - INFO - Robot start talking
2025-10-31 15:31:19,445 - nvd_autonomous - INFO - Robot start talking
2025-10-31 15:31:19,667 - nvd_autonomous - INFO - Robot start talking
2025-10-31 15:31:19,883 - nvd_autonomous - INFO - Robot start talking
2025-10-31 15:31:20,094 - nvd_autonomous - INFO - Clean Queue
2025-10-31 15:31:20,094 - nvd_autonomous - INFO - Robot start talking
2025-10-31 15:31:20,300 - nvd_autonomous - INFO - Robot start talking
2025-10-31 15:31:20,516 - nvd_autonomous - INFO - Robot start talking
2025-10-31 15:31:20,732 - nvd_autonomous - INFO - Robot start talking
2025-10-31 15:31:20,948 - nvd_autonomous - INFO - Robot start talking
2025-10-31 15:31:21,164 - nvd_autonomous - INFO - Robot start talking
2025-10-31 15:31:21,386 - nvd_autonomous - INFO - Robot start talking
2025-10-31 15:31:21,602 - nvd_autonomous - INFO - Robot start talking
2025-10-31 15:31:21,818 - nvd_autonomous - INFO - Robot start talking
2025-10-31 15:31:22,034 - nvd_autonomous - INFO - Robot start talking
2025-10-31 15:31:22,250 - nvd_autonomous - INFO - Robot start talking
2025-10-31 15:31:22,466 - nvd_autonomous - INFO - Robot start talking
2025-10-31 15:31:22,689 - nvd_autonomous - INFO - Robot start talking
2025-10-31 15:31:22,905 - nvd_autonomous - INFO - Robot start talking
2025-10-31 15:31:23,121 - nvd_autonomous - INFO - Robot start talking
2025-10-31 15:31:23,338 - nvd_autonomous - INFO - Robot start talking
2025-10-31 15:31:23,553 - nvd_autonomous - INFO - Robot start talking
2025-10-31 15:31:23,768 - nvd_autonomous - INFO - Robot start talking
2025-10-31 15:31:23,992 - nvd_autonomous - INFO - Robot start talking
2025-10-31 15:31:24,208 - nvd_autonomous - INFO - Robot start talking
2025-10-31 15:31:24,424 - nvd_autonomous - INFO - Robot start talking
2025-10-31 15:31:24,640 - nvd_autonomous - INFO - Robot start talking
2025-10-31 15:31:24,856 - nvd_autonomous - INFO - Robot start talking
2025-10-31 15:31:25,072 - nvd_autonomous - INFO - Robot start talking
2025-10-31 15:31:25,295 - nvd_autonomous - INFO - Robot start talking
2025-10-31 15:31:25,510 - nvd_autonomous - INFO - Robot start talking
2025-10-31 15:31:25,727 - nvd_autonomous - INFO - Robot start talking
2025-10-31 15:31:25,944 - nvd_autonomous - INFO - Robot start talking
2025-10-31 15:31:26,159 - nvd_autonomous - INFO - Robot start talking
2025-10-31 15:31:26,375 - nvd_autonomous - INFO - Robot start talking
2025-10-31 15:31:26,598 - nvd_autonomous - INFO - Robot start talking
2025-10-31 15:31:26,815 - nvd_autonomous - INFO - Robot start talking
2025-10-31 15:31:27,031 - nvd_autonomous - INFO - Robot start talking
2025-10-31 15:31:27,248 - nvd_autonomous - INFO - Robot start talking
2025-10-31 15:31:27,464 - nvd_autonomous - INFO - Robot start talking
2025-10-31 15:31:27,680 - nvd_autonomous - INFO - Robot start talking
2025-10-31 15:31:27,904 - nvd_autonomous - INFO - Robot start talking
2025-10-31 15:31:28,120 - nvd_autonomous - INFO - Robot start talking
2025-10-31 15:31:28,336 - nvd_autonomous - INFO - Robot start talking
2025-10-31 15:31:28,552 - nvd_autonomous - INFO - Robot start talking
2025-10-31 15:31:28,768 - nvd_autonomous - INFO - Robot start talking
2025-10-31 15:31:28,984 - nvd_autonomous - INFO - Robot start talking
2025-10-31 15:31:29,206 - nvd_autonomous - INFO - Robot start talking
2025-10-31 15:31:29,438 - nvd_autonomous - INFO - Robot start talking
2025-10-31 15:31:29,653 - nvd_autonomous - INFO - Robot start talking
2025-10-31 15:31:29,870 - nvd_autonomous - INFO - Start Talking: 3
2025-10-31 15:31:29,870 - nvd_autonomous - INFO - Move to: [35, -15]
2025-10-31 15:31:30,086 - nvd_autonomous - INFO - Robot start talking
2025-10-31 15:31:30,308 - nvd_autonomous - INFO - Robot start talking
2025-10-31 15:31:30,525 - nvd_autonomous - INFO - Start Talking: 3
2025-10-31 15:31:30,525 - nvd_autonomous - INFO - Move to: [35, -15]
2025-10-31 15:31:30,741 - nvd_autonomous - INFO - Robot start talking
2025-10-31 15:31:30,957 - nvd_autonomous - INFO - Start Talking: 3
2025-10-31 15:31:30,958 - nvd_autonomous - INFO - Move to: [35, -15]
2025-10-31 15:31:31,173 - nvd_autonomous - INFO - Robot start talking
2025-10-31 15:31:31,389 - nvd_autonomous - INFO - Robot start talking
2025-10-31 15:31:31,612 - nvd_autonomous - INFO - Robot start talking
2025-10-31 15:31:31,828 - nvd_autonomous - INFO - Start Talking: 3
2025-10-31 15:31:31,828 - nvd_autonomous - INFO - Move to: [35, -15]
2025-10-31 15:31:32,044 - nvd_autonomous - INFO - Robot start talking
2025-10-31 15:31:32,260 - nvd_autonomous - INFO - Robot start talking
2025-10-31 15:31:32,476 - nvd_autonomous - INFO - Start Talking: 3
2025-10-31 15:31:32,476 - nvd_autonomous - INFO - Move to: [35, -15]
2025-10-31 15:31:33,093 - nvd_autonomous - INFO - Robot start talking
2025-10-31 15:31:33,300 - nvd_autonomous - INFO - Robot start talking
2025-10-31 15:31:33,516 - nvd_autonomous - INFO - Robot start talking
2025-10-31 15:31:33,731 - nvd_autonomous - INFO - Robot start talking
2025-10-31 15:31:33,947 - nvd_autonomous - INFO - Robot start talking
2025-10-31 15:31:34,163 - nvd_autonomous - INFO - Robot start talking
2025-10-31 15:31:34,379 - nvd_autonomous - INFO - Robot start talking
2025-10-31 15:31:34,595 - nvd_autonomous - INFO - Robot start talking
2025-10-31 15:31:34,818 - nvd_autonomous - INFO - Robot start talking
2025-10-31 15:31:35,035 - nvd_autonomous - INFO - Robot start talking
2025-10-31 15:31:35,251 - nvd_autonomous - INFO - Robot start talking
2025-10-31 15:31:35,467 - nvd_autonomous - INFO - Robot start talking
2025-10-31 15:31:35,683 - nvd_autonomous - INFO - Robot start talking
2025-10-31 15:31:35,900 - nvd_autonomous - INFO - Robot start talking
2025-10-31 15:31:36,122 - nvd_autonomous - INFO - Robot start talking
2025-10-31 15:31:36,337 - nvd_autonomous - INFO - Robot start talking
2025-10-31 15:31:36,553 - nvd_autonomous - INFO - Robot start talking
2025-10-31 15:31:36,769 - nvd_autonomous - INFO - Robot start talking
2025-10-31 15:31:37,000 - nvd_autonomous - INFO - Robot start talking
2025-10-31 15:31:37,202 - nvd_autonomous - INFO - Robot start talking
2025-10-31 15:31:37,424 - nvd_autonomous - INFO - Robot start talking
2025-10-31 15:31:37,640 - nvd_autonomous - INFO - Robot start talking
2025-10-31 15:31:37,856 - nvd_autonomous - INFO - Robot start talking
2025-10-31 15:31:38,072 - nvd_autonomous - INFO - Robot start talking
2025-10-31 15:31:38,287 - nvd_autonomous - INFO - Robot start talking
2025-10-31 15:31:38,503 - nvd_autonomous - INFO - Robot start talking
2025-10-31 15:31:38,726 - nvd_autonomous - INFO - Start Talking: 3
2025-10-31 15:31:38,726 - nvd_autonomous - INFO - Move to: [35, -15]
2025-10-31 15:31:38,942 - nvd_autonomous - INFO - Robot start talking
2025-10-31 15:31:39,155 - nvd_autonomous - INFO - Robot start talking
2025-10-31 15:31:39,358 - nvd_autonomous - INFO - Robot start talking
2025-10-31 15:31:39,574 - nvd_autonomous - INFO - Robot start talking
2025-10-31 15:31:39,790 - nvd_autonomous - INFO - Robot start talking
2025-10-31 15:31:40,006 - nvd_autonomous - INFO - Robot start talking
2025-10-31 15:31:40,229 - nvd_autonomous - INFO - Robot start talking
2025-10-31 15:31:40,444 - nvd_autonomous - INFO - Robot start talking
2025-10-31 15:31:40,660 - nvd_autonomous - INFO - Robot start talking
2025-10-31 15:31:40,876 - nvd_autonomous - INFO - Robot start talking
2025-10-31 15:31:41,078 - nvd_autonomous - INFO - Robot start talking
2025-10-31 15:31:41,292 - nvd_autonomous - INFO - Robot start talking
2025-10-31 15:31:41,507 - nvd_autonomous - INFO - Robot start talking
2025-10-31 15:31:41,709 - nvd_autonomous - INFO - Robot start talking
2025-10-31 15:31:41,932 - nvd_autonomous - INFO - Robot start talking
2025-10-31 15:31:42,148 - nvd_autonomous - INFO - Robot start talking
2025-10-31 15:31:42,364 - nvd_autonomous - INFO - Robot start talking
2025-10-31 15:31:42,581 - nvd_autonomous - INFO - Robot start talking
2025-10-31 15:31:42,797 - nvd_autonomous - INFO - Robot start talking
2025-10-31 15:31:43,013 - nvd_autonomous - INFO - Robot start talking
2025-10-31 15:31:43,236 - nvd_autonomous - INFO - Robot start talking
2025-10-31 15:31:43,452 - nvd_autonomous - INFO - Robot start talking
2025-10-31 15:31:43,668 - nvd_autonomous - INFO - Robot start talking
2025-10-31 15:31:43,869 - nvd_autonomous - INFO - Robot start talking
2025-10-31 15:31:44,085 - nvd_autonomous - INFO - Robot start talking
2025-10-31 15:31:44,301 - nvd_autonomous - INFO - Robot start talking
2025-10-31 15:31:44,517 - nvd_autonomous - INFO - Robot start talking
2025-10-31 15:31:44,733 - nvd_autonomous - INFO - Robot start talking
2025-10-31 15:31:44,941 - nvd_autonomous - INFO - Robot start talking
2025-10-31 15:31:45,157 - nvd_autonomous - INFO - Robot start talking
2025-10-31 15:31:45,373 - nvd_autonomous - INFO - Robot start talking
2025-10-31 15:31:45,586 - nvd_autonomous - INFO - Robot start talking
2025-10-31 15:31:45,820 - nvd_autonomous - INFO - Robot start talking
2025-10-31 15:31:46,042 - nvd_autonomous - INFO - Robot start talking
2025-10-31 15:31:46,258 - nvd_autonomous - INFO - Robot start talking
2025-10-31 15:31:46,473 - nvd_autonomous - INFO - Robot start talking
2025-10-31 15:31:46,689 - nvd_autonomous - INFO - Robot start talking
2025-10-31 15:31:46,905 - nvd_autonomous - INFO - Robot start talking
2025-10-31 15:31:47,120 - nvd_autonomous - INFO - Robot start talking
2025-10-31 15:31:47,342 - nvd_autonomous - INFO - Robot start talking
2025-10-31 15:31:47,558 - nvd_autonomous - INFO - Robot start talking
2025-10-31 15:31:47,774 - nvd_autonomous - INFO - Start Talking: 3
2025-10-31 15:31:47,774 - nvd_autonomous - INFO - Move to: [35, -15]
2025-10-31 15:31:47,991 - nvd_autonomous - INFO - Robot start talking
2025-10-31 15:31:48,207 - nvd_autonomous - INFO - Robot start talking
2025-10-31 15:31:48,413 - nvd_autonomous - INFO - Robot start talking
2025-10-31 15:31:48,624 - nvd_autonomous - INFO - Robot start talking
2025-10-31 15:31:48,847 - nvd_autonomous - INFO - Robot start talking
2025-10-31 15:31:49,063 - nvd_autonomous - INFO - Robot start talking
2025-10-31 15:31:49,279 - nvd_autonomous - INFO - Robot start talking
2025-10-31 15:31:49,486 - nvd_autonomous - INFO - Robot start talking
2025-10-31 15:31:49,693 - nvd_autonomous - INFO - Robot start talking
2025-10-31 15:31:49,895 - nvd_autonomous - INFO - Robot start talking
2025-10-31 15:31:50,112 - nvd_autonomous - INFO - Robot start talking
2025-10-31 15:31:50,328 - nvd_autonomous - INFO - Robot start talking
2025-10-31 15:31:50,551 - nvd_autonomous - INFO - Robot start talking
2025-10-31 15:31:50,767 - nvd_autonomous - INFO - Robot start talking
2025-10-31 15:31:50,983 - nvd_autonomous - INFO - Robot start talking
2025-10-31 15:31:51,199 - nvd_autonomous - INFO - Robot start talking
2025-10-31 15:31:51,415 - nvd_autonomous - INFO - Robot start talking
2025-10-31 15:31:51,631 - nvd_autonomous - INFO - Robot start talking
2025-10-31 15:31:51,847 - nvd_autonomous - INFO - Robot start talking
2025-10-31 15:31:52,055 - nvd_autonomous - INFO - Robot start talking
2025-10-31 15:31:52,270 - nvd_autonomous - INFO - Robot start talking
2025-10-31 15:31:52,486 - nvd_autonomous - INFO - Robot start talking
2025-10-31 15:31:52,702 - nvd_autonomous - INFO - Robot start talking
2025-10-31 15:31:52,918 - nvd_autonomous - INFO - Robot start talking
2025-10-31 15:31:53,119 - nvd_autonomous - INFO - Robot start talking
2025-10-31 15:31:53,335 - nvd_autonomous - INFO - Robot start talking
2025-10-31 15:31:53,558 - nvd_autonomous - INFO - Robot start talking
2025-10-31 15:31:53,788 - nvd_autonomous - INFO - Robot start talking
2025-10-31 15:31:54,006 - nvd_autonomous - INFO - Robot start talking
2025-10-31 15:31:54,222 - nvd_autonomous - INFO - Robot start talking
2025-10-31 15:31:54,438 - nvd_autonomous - INFO - Robot start talking
2025-10-31 15:31:54,660 - nvd_autonomous - INFO - Robot start talking
2025-10-31 15:31:54,876 - nvd_autonomous - INFO - Robot start talking
2025-10-31 15:31:55,092 - nvd_autonomous - INFO - Robot start talking
2025-10-31 15:31:55,308 - nvd_autonomous - INFO - Robot start talking
2025-10-31 15:31:55,524 - nvd_autonomous - INFO - Robot start talking
2025-10-31 15:31:55,740 - nvd_autonomous - INFO - Robot start talking
2025-10-31 15:31:55,963 - nvd_autonomous - INFO - Robot start talking
2025-10-31 15:31:56,179 - nvd_autonomous - INFO - Robot start talking
2025-10-31 15:31:56,395 - nvd_autonomous - INFO - Robot start talking
2025-10-31 15:31:56,611 - nvd_autonomous - INFO - Robot start talking
2025-10-31 15:31:56,827 - nvd_autonomous - INFO - Robot start talking
2025-10-31 15:31:57,043 - nvd_autonomous - INFO - Robot start talking
2025-10-31 15:31:57,265 - nvd_autonomous - INFO - Robot start talking
2025-10-31 15:31:57,480 - nvd_autonomous - INFO - Robot start talking
2025-10-31 15:31:57,697 - nvd_autonomous - INFO - Robot start talking
2025-10-31 15:31:57,906 - nvd_autonomous - INFO - Start Talking: 3
2025-10-31 15:31:57,906 - nvd_autonomous - INFO - Move to: [35, -15]
2025-10-31 15:31:58,546 - nvd_autonomous - INFO - Robot start talking
2025-10-31 15:31:58,769 - nvd_autonomous - INFO - Robot start talking
2025-10-31 15:31:58,985 - nvd_autonomous - INFO - Robot start talking
2025-10-31 15:31:59,201 - nvd_autonomous - INFO - Robot start talking
2025-10-31 15:31:59,417 - nvd_autonomous - INFO - Robot start talking
2025-10-31 15:31:59,633 - nvd_autonomous - INFO - Robot start talking
2025-10-31 15:31:59,849 - nvd_autonomous - INFO - Robot start talking
2025-10-31 15:32:00,071 - nvd_autonomous - INFO - Robot start talking
2025-10-31 15:32:00,287 - nvd_autonomous - INFO - Robot start talking
2025-10-31 15:32:00,503 - nvd_autonomous - INFO - Robot start talking
2025-10-31 15:32:00,719 - nvd_autonomous - INFO - Robot start talking
2025-10-31 15:32:00,920 - nvd_autonomous - INFO - Robot start talking
2025-10-31 15:32:01,136 - nvd_autonomous - INFO - Robot start talking
2025-10-31 15:32:01,352 - nvd_autonomous - INFO - Robot start talking
2025-10-31 15:32:01,575 - nvd_autonomous - INFO - Robot start talking
2025-10-31 15:32:01,792 - nvd_autonomous - INFO - Robot start talking
2025-10-31 15:32:02,007 - nvd_autonomous - INFO - Robot start talking
2025-10-31 15:32:02,223 - nvd_autonomous - INFO - Robot start talking
2025-10-31 15:32:02,440 - nvd_autonomous - INFO - Robot start talking
2025-10-31 15:32:02,656 - nvd_autonomous - INFO - Robot start talking
2025-10-31 15:32:02,879 - nvd_autonomous - INFO - Robot start talking
2025-10-31 15:32:03,095 - nvd_autonomous - INFO - Robot start talking
2025-10-31 15:32:03,325 - nvd_autonomous - INFO - Robot start talking
2025-10-31 15:32:03,542 - nvd_autonomous - INFO - Robot start talking
2025-10-31 15:32:03,758 - nvd_autonomous - INFO - Robot start talking
2025-10-31 15:32:03,981 - nvd_autonomous - INFO - Robot start talking
2025-10-31 15:32:04,197 - nvd_autonomous - INFO - Robot start talking
2025-10-31 15:32:04,410 - nvd_autonomous - INFO - Robot start talking
2025-10-31 15:32:04,613 - nvd_autonomous - INFO - Robot start talking
2025-10-31 15:32:04,829 - nvd_autonomous - INFO - Robot start talking
2025-10-31 15:32:05,046 - nvd_autonomous - INFO - Robot start talking
2025-10-31 15:32:05,262 - nvd_autonomous - INFO - Robot start talking
2025-10-31 15:32:05,484 - nvd_autonomous - INFO - Robot start talking
2025-10-31 15:32:05,700 - nvd_autonomous - INFO - Robot start talking
2025-10-31 15:32:05,916 - nvd_autonomous - INFO - Robot start talking
2025-10-31 15:32:06,132 - nvd_autonomous - INFO - Robot start talking
2025-10-31 15:32:06,348 - nvd_autonomous - INFO - Robot start talking
2025-10-31 15:32:06,564 - nvd_autonomous - INFO - Robot start talking
2025-10-31 15:32:06,787 - nvd_autonomous - INFO - Robot start talking
2025-10-31 15:32:07,003 - nvd_autonomous - INFO - Robot start talking
2025-10-31 15:32:07,219 - nvd_autonomous - INFO - Robot start talking
2025-10-31 15:32:07,435 - nvd_autonomous - INFO - Robot start talking
2025-10-31 15:32:07,651 - nvd_autonomous - INFO - Robot start talking
2025-10-31 15:32:07,868 - nvd_autonomous - INFO - Robot start talking
2025-10-31 15:32:08,091 - nvd_autonomous - INFO - Robot start talking
2025-10-31 15:32:08,307 - nvd_autonomous - INFO - Robot start talking
2025-10-31 15:32:08,523 - nvd_autonomous - INFO - Robot start talking
2025-10-31 15:32:08,739 - nvd_autonomous - INFO - Robot start talking
2025-10-31 15:32:08,940 - nvd_autonomous - INFO - Robot start talking
2025-10-31 15:32:09,156 - nvd_autonomous - INFO - Robot start talking
2025-10-31 15:32:09,372 - nvd_autonomous - INFO - Robot start talking
2025-10-31 15:32:09,595 - nvd_autonomous - INFO - Robot start talking
2025-10-31 15:32:09,811 - nvd_autonomous - INFO - Robot start talking
2025-10-31 15:32:10,027 - nvd_autonomous - INFO - Robot start talking
2025-10-31 15:32:10,243 - nvd_autonomous - INFO - Robot start talking
2025-10-31 15:32:10,461 - nvd_autonomous - INFO - Robot start talking
2025-10-31 15:32:10,675 - nvd_autonomous - INFO - Robot start talking
2025-10-31 15:32:10,898 - nvd_autonomous - INFO - Robot start talking
2025-10-31 15:32:11,114 - nvd_autonomous - INFO - Robot start talking
2025-10-31 15:32:11,330 - nvd_autonomous - INFO - Robot start talking
2025-10-31 15:32:11,537 - nvd_autonomous - INFO - Robot start talking
2025-10-31 15:32:11,747 - nvd_autonomous - INFO - Robot start talking
2025-10-31 15:32:11,963 - nvd_autonomous - INFO - Robot start talking
2025-10-31 15:32:12,180 - nvd_autonomous - INFO - Robot start talking
2025-10-31 15:32:12,402 - nvd_autonomous - INFO - Robot start talking
2025-10-31 15:32:12,619 - nvd_autonomous - INFO - Robot start talking
2025-10-31 15:32:12,835 - nvd_autonomous - INFO - Robot start talking
2025-10-31 15:32:13,104 - nvd_autonomous - INFO - Robot start talking
2025-10-31 15:32:13,319 - nvd_autonomous - INFO - Robot start talking
2025-10-31 15:32:13,535 - nvd_autonomous - INFO - Robot start talking
2025-10-31 15:32:13,752 - nvd_autonomous - INFO - Start Talking: 3
2025-10-31 15:32:13,752 - nvd_autonomous - INFO - Move to: [35, -15]
2025-10-31 15:32:13,967 - nvd_autonomous - INFO - Robot start talking
2025-10-31 15:32:14,406 - nvd_autonomous - INFO - No one talking
2025-10-31 15:32:14,622 - nvd_autonomous - INFO - Start Talking: 3
2025-10-31 15:32:14,622 - nvd_autonomous - INFO - Move to: [35, -15]
2025-10-31 15:32:15,054 - nvd_autonomous - INFO - Start Talking: 0
2025-10-31 15:32:15,054 - nvd_autonomous - INFO - Move to: [-35, -15]
2025-10-31 15:32:18,665 - nvd_autonomous - INFO - Start Talking: 3
2025-10-31 15:32:18,665 - nvd_autonomous - INFO - Move to: [35, -15]
2025-10-31 15:32:18,881 - nvd_autonomous - INFO - Start Talking: 0
2025-10-31 15:32:18,881 - nvd_autonomous - INFO - Move to: [-35, -15]
2025-10-31 15:32:22,088 - nvd_autonomous - INFO - No one talking
2025-10-31 15:32:23,830 - nvd_autonomous - INFO - Robot start talking
2025-10-31 15:32:24,046 - nvd_autonomous - INFO - Robot start talking
2025-10-31 15:32:24,262 - nvd_autonomous - INFO - Robot start talking
2025-10-31 15:32:24,478 - nvd_autonomous - INFO - Robot start talking
2025-10-31 15:32:24,694 - nvd_autonomous - INFO - Robot start talking
2025-10-31 15:32:24,908 - nvd_autonomous - INFO - Robot start talking
2025-10-31 15:32:25,112 - nvd_autonomous - INFO - Robot start talking
2025-10-31 15:32:25,333 - nvd_autonomous - INFO - Robot start talking
2025-10-31 15:32:25,550 - nvd_autonomous - INFO - Robot start talking
2025-10-31 15:32:25,766 - nvd_autonomous - INFO - Robot start talking
2025-10-31 15:32:25,981 - nvd_autonomous - INFO - Robot start talking
2025-10-31 15:32:26,197 - nvd_autonomous - INFO - Robot start talking
2025-10-31 15:32:26,413 - nvd_autonomous - INFO - Robot start talking
2025-10-31 15:32:26,636 - nvd_autonomous - INFO - Robot start talking
2025-10-31 15:32:26,852 - nvd_autonomous - INFO - Robot start talking
2025-10-31 15:32:27,068 - nvd_autonomous - INFO - Robot start talking
2025-10-31 15:32:27,285 - nvd_autonomous - INFO - Robot start talking
2025-10-31 15:32:27,500 - nvd_autonomous - INFO - Robot start talking
2025-10-31 15:32:27,717 - nvd_autonomous - INFO - Robot start talking
2025-10-31 15:32:27,940 - nvd_autonomous - INFO - Robot start talking
2025-10-31 15:32:28,156 - nvd_autonomous - INFO - Robot start talking
2025-10-31 15:32:28,373 - nvd_autonomous - INFO - Robot start talking
2025-10-31 15:32:28,589 - nvd_autonomous - INFO - Robot start talking
2025-10-31 15:32:28,804 - nvd_autonomous - INFO - Robot start talking
2025-10-31 15:32:29,020 - nvd_autonomous - INFO - Robot start talking
2025-10-31 15:32:29,227 - nvd_autonomous - INFO - Robot start talking
2025-10-31 15:32:29,463 - nvd_autonomous - INFO - Robot start talking
2025-10-31 15:32:29,679 - nvd_autonomous - INFO - Robot start talking
2025-10-31 15:32:29,895 - nvd_autonomous - INFO - Robot start talking
2025-10-31 15:32:30,111 - nvd_autonomous - INFO - Robot start talking
2025-10-31 15:32:30,327 - nvd_autonomous - INFO - Robot start talking
2025-10-31 15:32:30,544 - nvd_autonomous - INFO - Robot start talking
2025-10-31 15:32:30,766 - nvd_autonomous - INFO - Robot start talking
2025-10-31 15:32:30,982 - nvd_autonomous - INFO - Robot start talking
2025-10-31 15:32:31,198 - nvd_autonomous - INFO - Robot start talking
2025-10-31 15:32:31,414 - nvd_autonomous - INFO - Robot start talking
2025-10-31 15:32:31,631 - nvd_autonomous - INFO - Robot start talking
2025-10-31 15:32:31,846 - nvd_autonomous - INFO - Robot start talking
2025-10-31 15:32:32,070 - nvd_autonomous - INFO - Robot start talking
2025-10-31 15:32:32,286 - nvd_autonomous - INFO - Robot start talking
2025-10-31 15:32:32,502 - nvd_autonomous - INFO - Robot start talking
2025-10-31 15:32:32,718 - nvd_autonomous - INFO - Robot start talking
2025-10-31 15:32:32,934 - nvd_autonomous - INFO - Robot start talking
2025-10-31 15:32:33,139 - nvd_autonomous - INFO - Robot start talking
2025-10-31 15:32:33,351 - nvd_autonomous - INFO - Robot start talking
2025-10-31 15:32:33,573 - nvd_autonomous - INFO - Robot start talking
2025-10-31 15:32:33,789 - nvd_autonomous - INFO - Robot start talking
2025-10-31 15:32:34,005 - nvd_autonomous - INFO - Robot start talking
2025-10-31 15:32:34,221 - nvd_autonomous - INFO - Robot start talking
2025-10-31 15:32:34,437 - nvd_autonomous - INFO - Robot start talking
2025-10-31 15:32:34,654 - nvd_autonomous - INFO - Robot start talking
2025-10-31 15:32:34,923 - nvd_autonomous - INFO - Robot start talking
2025-10-31 15:32:35,139 - nvd_autonomous - INFO - Robot start talking
2025-10-31 15:32:35,355 - nvd_autonomous - INFO - Robot start talking
2025-10-31 15:32:35,577 - nvd_autonomous - INFO - Robot start talking
2025-10-31 15:32:35,793 - nvd_autonomous - INFO - Robot start talking
2025-10-31 15:32:36,009 - nvd_autonomous - INFO - Robot start talking
2025-10-31 15:32:36,278 - nvd_autonomous - INFO - Robot start talking
2025-10-31 15:32:36,494 - nvd_autonomous - INFO - Robot start talking
2025-10-31 15:32:36,710 - nvd_autonomous - INFO - Robot start talking
2025-10-31 15:32:36,926 - nvd_autonomous - INFO - Robot start talking
2025-10-31 15:32:37,142 - nvd_autonomous - INFO - Robot start talking
2025-10-31 15:32:37,359 - nvd_autonomous - INFO - Robot start talking
2025-10-31 15:32:37,581 - nvd_autonomous - INFO - Robot start talking
2025-10-31 15:32:37,797 - nvd_autonomous - INFO - Robot start talking
2025-10-31 15:32:38,013 - nvd_autonomous - INFO - Robot start talking
2025-10-31 15:32:38,228 - nvd_autonomous - INFO - Robot start talking
2025-10-31 15:32:38,444 - nvd_autonomous - INFO - Robot start talking
2025-10-31 15:32:38,661 - nvd_autonomous - INFO - Robot start talking
2025-10-31 15:32:38,883 - nvd_autonomous - INFO - Robot start talking
2025-10-31 15:32:39,099 - nvd_autonomous - INFO - Robot start talking
2025-10-31 15:32:39,315 - nvd_autonomous - INFO - Robot start talking
2025-10-31 15:32:39,516 - nvd_autonomous - INFO - Robot start talking
2025-10-31 15:32:39,732 - nvd_autonomous - INFO - Robot start talking
2025-10-31 15:32:39,948 - nvd_autonomous - INFO - Robot start talking
2025-10-31 15:32:40,163 - nvd_autonomous - INFO - Robot start talking
2025-10-31 15:32:40,364 - nvd_autonomous - INFO - Robot start talking
2025-10-31 15:32:40,587 - nvd_autonomous - INFO - Robot start talking
2025-10-31 15:32:40,803 - nvd_autonomous - INFO - Robot start talking
2025-10-31 15:32:41,019 - nvd_autonomous - INFO - Robot start talking
2025-10-31 15:32:41,235 - nvd_autonomous - INFO - Robot start talking
2025-10-31 15:32:41,451 - nvd_autonomous - INFO - Robot start talking
2025-10-31 15:32:41,667 - nvd_autonomous - INFO - Robot start talking
2025-10-31 15:32:41,890 - nvd_autonomous - INFO - Robot start talking
2025-10-31 15:32:42,106 - nvd_autonomous - INFO - Robot start talking
2025-10-31 15:32:42,322 - nvd_autonomous - INFO - Robot start talking
2025-10-31 15:32:42,539 - nvd_autonomous - INFO - Robot start talking
2025-10-31 15:32:42,754 - nvd_autonomous - INFO - Robot start talking
2025-10-31 15:32:42,970 - nvd_autonomous - INFO - Robot start talking
2025-10-31 15:32:43,193 - nvd_autonomous - INFO - Robot start talking
2025-10-31 15:32:43,409 - nvd_autonomous - INFO - Robot start talking
2025-10-31 15:32:43,624 - nvd_autonomous - INFO - Robot start talking
2025-10-31 15:32:43,825 - nvd_autonomous - INFO - Robot start talking
2025-10-31 15:32:44,041 - nvd_autonomous - INFO - Robot start talking
2025-10-31 15:32:44,256 - nvd_autonomous - INFO - Robot start talking
2025-10-31 15:32:44,458 - nvd_autonomous - INFO - Robot start talking
2025-10-31 15:32:44,674 - nvd_autonomous - INFO - Robot start talking
2025-10-31 15:32:44,897 - nvd_autonomous - INFO - Robot start talking
2025-10-31 15:32:45,113 - nvd_autonomous - INFO - Robot start talking
2025-10-31 15:32:45,329 - nvd_autonomous - INFO - Robot start talking
2025-10-31 15:32:45,545 - nvd_autonomous - INFO - Robot start talking
2025-10-31 15:32:45,761 - nvd_autonomous - INFO - Robot start talking
2025-10-31 15:32:45,978 - nvd_autonomous - INFO - Robot start talking
2025-10-31 15:32:46,201 - nvd_autonomous - INFO - Robot start talking
2025-10-31 15:32:46,416 - nvd_autonomous - INFO - Robot start talking
2025-10-31 15:32:46,632 - nvd_autonomous - INFO - Robot start talking
2025-10-31 15:32:46,856 - nvd_autonomous - INFO - Robot start talking
2025-10-31 15:32:47,064 - nvd_autonomous - INFO - Robot start talking
2025-10-31 15:32:47,280 - nvd_autonomous - INFO - Robot start talking
2025-10-31 15:32:47,481 - nvd_autonomous - INFO - Robot start talking
2025-10-31 15:32:47,682 - nvd_autonomous - INFO - Robot start talking
2025-10-31 15:32:47,905 - nvd_autonomous - INFO - Robot start talking
2025-10-31 15:32:48,121 - nvd_autonomous - INFO - Robot start talking
2025-10-31 15:32:48,323 - nvd_autonomous - INFO - Robot start talking
2025-10-31 15:32:48,537 - nvd_autonomous - INFO - Robot start talking
2025-10-31 15:32:48,754 - nvd_autonomous - INFO - Robot start talking
2025-10-31 15:32:48,970 - nvd_autonomous - INFO - Robot start talking
2025-10-31 15:32:49,186 - nvd_autonomous - INFO - Robot start talking
2025-10-31 15:32:49,408 - nvd_autonomous - INFO - Robot start talking
2025-10-31 15:32:49,625 - nvd_autonomous - INFO - Robot start talking
2025-10-31 15:32:49,841 - nvd_autonomous - INFO - Robot start talking
2025-10-31 15:32:50,057 - nvd_autonomous - INFO - Robot start talking
2025-10-31 15:32:50,273 - nvd_autonomous - INFO - Robot start talking
2025-10-31 15:32:50,489 - nvd_autonomous - INFO - Robot start talking
2025-10-31 15:32:50,712 - nvd_autonomous - INFO - Robot start talking
2025-10-31 15:32:50,929 - nvd_autonomous - INFO - Robot start talking
2025-10-31 15:32:51,145 - nvd_autonomous - INFO - Robot start talking
2025-10-31 15:32:51,360 - nvd_autonomous - INFO - Robot start talking
2025-10-31 15:32:51,576 - nvd_autonomous - INFO - Robot start talking
2025-10-31 15:32:51,793 - nvd_autonomous - INFO - Robot start talking
2025-10-31 15:32:52,015 - nvd_autonomous - INFO - Robot start talking
2025-10-31 15:32:52,231 - nvd_autonomous - INFO - Robot start talking
2025-10-31 15:32:52,447 - nvd_autonomous - INFO - Robot start talking
2025-10-31 15:32:52,663 - nvd_autonomous - INFO - Robot start talking
2025-10-31 15:32:52,880 - nvd_autonomous - INFO - Robot start talking
2025-10-31 15:32:53,097 - nvd_autonomous - INFO - Robot start talking
2025-10-31 15:32:53,319 - nvd_autonomous - INFO - Robot start talking
2025-10-31 15:32:53,535 - nvd_autonomous - INFO - Robot start talking
2025-10-31 15:32:53,766 - nvd_autonomous - INFO - Robot start talking
2025-10-31 15:32:53,968 - nvd_autonomous - INFO - Robot start talking
2025-10-31 15:32:54,184 - nvd_autonomous - INFO - Robot start talking
2025-10-31 15:32:54,400 - nvd_autonomous - INFO - Robot start talking
2025-10-31 15:32:54,623 - nvd_autonomous - INFO - Robot start talking
2025-10-31 15:32:54,839 - nvd_autonomous - INFO - Robot start talking
2025-10-31 15:32:55,055 - nvd_autonomous - INFO - Robot start talking
2025-10-31 15:32:55,487 - nvd_autonomous - INFO - No one talking
2025-10-31 15:32:55,704 - nvd_autonomous - INFO - Start Talking: 0
2025-10-31 15:32:55,704 - nvd_autonomous - INFO - Move to: [-35, -15]
2025-10-31 15:32:55,926 - nvd_autonomous - INFO - Start Talking: 3
2025-10-31 15:32:55,926 - nvd_autonomous - INFO - Move to: [35, -15]
2025-10-31 15:32:56,143 - nvd_autonomous - INFO - Start Talking: 0
2025-10-31 15:32:56,143 - nvd_autonomous - INFO - Move to: [-35, -15]
2025-10-31 15:32:59,980 - nvd_autonomous - INFO - Start Talking: 3
2025-10-31 15:32:59,980 - nvd_autonomous - INFO - Move to: [35, -15]
2025-10-31 15:33:00,197 - nvd_autonomous - INFO - Robot start talking
2025-10-31 15:33:00,413 - nvd_autonomous - INFO - Robot start talking
2025-10-31 15:33:00,635 - nvd_autonomous - INFO - Robot start talking
2025-10-31 15:33:00,851 - nvd_autonomous - INFO - Robot start talking
2025-10-31 15:33:01,067 - nvd_autonomous - INFO - Robot start talking
2025-10-31 15:33:01,283 - nvd_autonomous - INFO - Robot start talking
2025-10-31 15:33:01,494 - nvd_autonomous - INFO - Move pan to: 35
2025-10-31 15:33:01,494 - nvd_autonomous - INFO - Move tilt to: -15
2025-10-31 15:33:01,494 - nvd_autonomous - INFO - Robot start talking
2025-10-31 15:33:01,699 - nvd_autonomous - INFO - Robot start talking
2025-10-31 15:33:01,917 - nvd_autonomous - INFO - Robot start talking
2025-10-31 15:33:02,173 - nvd_autonomous - INFO - Robot start talking
2025-10-31 15:33:02,386 - nvd_autonomous - INFO - Robot start talking
2025-10-31 15:33:02,602 - nvd_autonomous - INFO - Robot start talking
2025-10-31 15:33:02,812 - nvd_autonomous - INFO - Robot start talking
2025-10-31 15:33:03,018 - nvd_autonomous - INFO - Start Talking: 3
2025-10-31 15:33:03,018 - nvd_autonomous - INFO - Move to: [35, -15]
2025-10-31 15:33:04,089 - nvd_autonomous - INFO - Start Talking: 1
2025-10-31 15:33:04,089 - nvd_autonomous - INFO - Move to: [-35, -15]
2025-10-31 15:33:04,304 - nvd_autonomous - INFO - Start Talking: 3
2025-10-31 15:33:04,304 - nvd_autonomous - INFO - Move to: [35, -15]
2025-10-31 15:33:04,743 - nvd_autonomous - INFO - Robot start talking
2025-10-31 15:33:04,959 - nvd_autonomous - INFO - Robot start talking
2025-10-31 15:33:05,175 - nvd_autonomous - INFO - Start Talking: 3
2025-10-31 15:33:05,175 - nvd_autonomous - INFO - Move to: [35, -15]
2025-10-31 15:33:05,392 - nvd_autonomous - INFO - Robot start talking
2025-10-31 15:33:05,608 - nvd_autonomous - INFO - Robot start talking
2025-10-31 15:33:05,824 - nvd_autonomous - INFO - Robot start talking
2025-10-31 15:33:06,030 - nvd_autonomous - INFO - Robot start talking
2025-10-31 15:33:06,246 - nvd_autonomous - INFO - Robot start talking
2025-10-31 15:33:06,462 - nvd_autonomous - INFO - Robot start talking
2025-10-31 15:33:06,678 - nvd_autonomous - INFO - Robot start talking
2025-10-31 15:33:06,893 - nvd_autonomous - INFO - Robot start talking
2025-10-31 15:33:07,094 - nvd_autonomous - INFO - Robot start talking
2025-10-31 15:33:07,311 - nvd_autonomous - INFO - Robot start talking
2025-10-31 15:33:07,526 - nvd_autonomous - INFO - Start Talking: 3
2025-10-31 15:33:07,526 - nvd_autonomous - INFO - Move to: [35, -15]
2025-10-31 15:33:07,749 - nvd_autonomous - INFO - Robot start talking
2025-10-31 15:33:07,965 - nvd_autonomous - INFO - Robot start talking
2025-10-31 15:33:08,181 - nvd_autonomous - INFO - Robot start talking
2025-10-31 15:33:08,395 - nvd_autonomous - INFO - Robot start talking
2025-10-31 15:33:08,597 - nvd_autonomous - INFO - Robot start talking
2025-10-31 15:33:08,804 - nvd_autonomous - INFO - Robot start talking
2025-10-31 15:33:09,014 - nvd_autonomous - INFO - Robot start talking
2025-10-31 15:33:09,230 - nvd_autonomous - INFO - Robot start talking
2025-10-31 15:33:09,453 - nvd_autonomous - INFO - Robot start talking
2025-10-31 15:33:09,669 - nvd_autonomous - INFO - Robot start talking
2025-10-31 15:33:09,885 - nvd_autonomous - INFO - Robot start talking
2025-10-31 15:33:10,115 - nvd_autonomous - INFO - Robot start talking
2025-10-31 15:33:10,332 - nvd_autonomous - INFO - Robot start talking
2025-10-31 15:33:10,554 - nvd_autonomous - INFO - Robot start talking
2025-10-31 15:33:10,770 - nvd_autonomous - INFO - Robot start talking
2025-10-31 15:33:10,986 - nvd_autonomous - INFO - Robot start talking
2025-10-31 15:33:11,203 - nvd_autonomous - INFO - Robot start talking
2025-10-31 15:33:11,419 - nvd_autonomous - INFO - Robot start talking
2025-10-31 15:33:11,635 - nvd_autonomous - INFO - Robot start talking
2025-10-31 15:33:11,857 - nvd_autonomous - INFO - Robot start talking
2025-10-31 15:33:12,074 - nvd_autonomous - INFO - Robot start talking
2025-10-31 15:33:12,290 - nvd_autonomous - INFO - Start Talking: 3
2025-10-31 15:33:12,290 - nvd_autonomous - INFO - Move to: [35, -15]
2025-10-31 15:33:12,506 - nvd_autonomous - INFO - Robot start talking
2025-10-31 15:33:12,722 - nvd_autonomous - INFO - Start Talking: 0
2025-10-31 15:33:12,722 - nvd_autonomous - INFO - Move to: [-35, -15]
2025-10-31 15:33:12,938 - nvd_autonomous - INFO - Clean Queue
2025-10-31 15:33:13,161 - nvd_autonomous - INFO - Robot start talking
2025-10-31 15:33:13,377 - nvd_autonomous - INFO - Start Talking: 0
2025-10-31 15:33:13,377 - nvd_autonomous - INFO - Move to: [-35, -15]
2025-10-31 15:33:14,657 - nvd_autonomous - INFO - Move pan to: 35
2025-10-31 15:33:14,657 - nvd_autonomous - INFO - Move tilt to: -15
2025-10-31 15:33:17,213 - nvd_autonomous - INFO - Move pan to: 35
2025-10-31 15:33:17,213 - nvd_autonomous - INFO - Move tilt to: -15
2025-10-31 15:33:20,426 - nvd_autonomous - INFO - Backchanneling to: [-35, -15]
2025-10-31 15:33:25,376 - nvd_autonomous - INFO - Robot start talking
2025-10-31 15:33:25,593 - nvd_autonomous - INFO - Robot start talking
2025-10-31 15:33:25,809 - nvd_autonomous - INFO - Robot start talking
2025-10-31 15:33:26,026 - nvd_autonomous - INFO - Robot start talking
2025-10-31 15:33:26,242 - nvd_autonomous - INFO - Robot start talking
2025-10-31 15:33:26,458 - nvd_autonomous - INFO - Robot start talking
2025-10-31 15:33:26,675 - nvd_autonomous - INFO - Robot start talking
2025-10-31 15:33:26,897 - nvd_autonomous - INFO - Robot start talking
2025-10-31 15:33:27,113 - nvd_autonomous - INFO - Robot start talking
2025-10-31 15:33:27,329 - nvd_autonomous - INFO - Robot start talking
2025-10-31 15:33:27,530 - nvd_autonomous - INFO - Robot start talking
2025-10-31 15:33:27,746 - nvd_autonomous - INFO - Robot start talking
2025-10-31 15:33:27,962 - nvd_autonomous - INFO - Robot start talking
2025-10-31 15:33:28,163 - nvd_autonomous - INFO - Robot start talking
2025-10-31 15:33:28,379 - nvd_autonomous - INFO - Robot start talking
2025-10-31 15:33:28,602 - nvd_autonomous - INFO - Robot start talking
2025-10-31 15:33:28,818 - nvd_autonomous - INFO - Robot start talking
2025-10-31 15:33:29,035 - nvd_autonomous - INFO - Robot start talking
2025-10-31 15:33:29,250 - nvd_autonomous - INFO - Robot start talking
2025-10-31 15:33:29,467 - nvd_autonomous - INFO - Robot start talking
2025-10-31 15:33:29,683 - nvd_autonomous - INFO - Robot start talking
2025-10-31 15:33:29,906 - nvd_autonomous - INFO - Robot start talking
2025-10-31 15:33:30,121 - nvd_autonomous - INFO - Robot start talking
2025-10-31 15:33:30,323 - nvd_autonomous - INFO - Robot start talking
2025-10-31 15:33:30,540 - nvd_autonomous - INFO - Robot start talking
2025-10-31 15:33:30,755 - nvd_autonomous - INFO - Robot start talking
2025-10-31 15:33:30,972 - nvd_autonomous - INFO - Robot start talking
2025-10-31 15:33:31,188 - nvd_autonomous - INFO - Robot start talking
2025-10-31 15:33:31,410 - nvd_autonomous - INFO - Robot start talking
2025-10-31 15:33:31,627 - nvd_autonomous - INFO - Robot start talking
2025-10-31 15:33:31,843 - nvd_autonomous - INFO - Robot start talking
2025-10-31 15:33:32,058 - nvd_autonomous - INFO - Robot start talking
2025-10-31 15:33:32,274 - nvd_autonomous - INFO - Robot start talking
2025-10-31 15:33:32,490 - nvd_autonomous - INFO - Robot start talking
2025-10-31 15:33:32,712 - nvd_autonomous - INFO - Robot start talking
2025-10-31 15:33:32,928 - nvd_autonomous - INFO - Robot start talking
2025-10-31 15:33:33,145 - nvd_autonomous - INFO - Robot start talking
2025-10-31 15:33:33,360 - nvd_autonomous - INFO - Robot start talking
2025-10-31 15:33:33,577 - nvd_autonomous - INFO - Robot start talking
2025-10-31 15:33:33,794 - nvd_autonomous - INFO - Robot start talking
2025-10-31 15:33:34,017 - nvd_autonomous - INFO - Robot start talking
2025-10-31 15:33:34,233 - nvd_autonomous - INFO - Robot start talking
2025-10-31 15:33:34,449 - nvd_autonomous - INFO - Robot start talking
2025-10-31 15:33:34,664 - nvd_autonomous - INFO - Robot start talking
2025-10-31 15:33:34,882 - nvd_autonomous - INFO - Robot start talking
2025-10-31 15:33:35,098 - nvd_autonomous - INFO - Robot start talking
2025-10-31 15:33:35,320 - nvd_autonomous - INFO - Robot start talking
2025-10-31 15:33:35,536 - nvd_autonomous - INFO - Robot start talking
2025-10-31 15:33:35,752 - nvd_autonomous - INFO - Robot start talking
2025-10-31 15:33:35,969 - nvd_autonomous - INFO - Robot start talking
2025-10-31 15:33:36,185 - nvd_autonomous - INFO - Robot start talking
2025-10-31 15:33:36,401 - nvd_autonomous - INFO - Robot start talking
2025-10-31 15:33:36,624 - nvd_autonomous - INFO - Robot start talking
2025-10-31 15:33:36,841 - nvd_autonomous - INFO - Robot start talking
2025-10-31 15:33:37,057 - nvd_autonomous - INFO - Robot start talking
2025-10-31 15:33:37,273 - nvd_autonomous - INFO - Robot start talking
2025-10-31 15:33:37,489 - nvd_autonomous - INFO - Robot start talking
2025-10-31 15:33:37,705 - nvd_autonomous - INFO - Robot start talking
2025-10-31 15:33:37,928 - nvd_autonomous - INFO - Robot start talking
2025-10-31 15:33:38,144 - nvd_autonomous - INFO - Robot start talking
2025-10-31 15:33:38,361 - nvd_autonomous - INFO - Robot start talking
2025-10-31 15:33:38,569 - nvd_autonomous - INFO - Robot start talking
2025-10-31 15:33:38,778 - nvd_autonomous - INFO - Robot start talking
2025-10-31 15:33:38,994 - nvd_autonomous - INFO - Robot start talking
2025-10-31 15:33:39,211 - nvd_autonomous - INFO - Robot start talking
2025-10-31 15:33:39,433 - nvd_autonomous - INFO - Robot start talking
2025-10-31 15:33:39,649 - nvd_autonomous - INFO - Robot start talking
2025-10-31 15:33:39,865 - nvd_autonomous - INFO - Robot start talking
2025-10-31 15:33:40,082 - nvd_autonomous - INFO - Robot start talking
2025-10-31 15:33:40,334 - nvd_autonomous - INFO - Robot start talking
2025-10-31 15:33:40,550 - nvd_autonomous - INFO - Robot start talking
2025-10-31 15:33:40,771 - nvd_autonomous - INFO - Robot start talking
2025-10-31 15:33:40,987 - nvd_autonomous - INFO - Robot start talking
2025-10-31 15:33:41,203 - nvd_autonomous - INFO - Robot start talking
2025-10-31 15:33:41,419 - nvd_autonomous - INFO - Robot start talking
2025-10-31 15:33:41,635 - nvd_autonomous - INFO - Robot start talking
2025-10-31 15:33:41,852 - nvd_autonomous - INFO - Robot start talking
2025-10-31 15:33:42,068 - nvd_autonomous - INFO - Robot start talking
2025-10-31 15:33:42,291 - nvd_autonomous - INFO - Robot start talking
2025-10-31 15:33:42,507 - nvd_autonomous - INFO - Robot start talking
2025-10-31 15:33:42,723 - nvd_autonomous - INFO - Robot start talking
2025-10-31 15:33:42,939 - nvd_autonomous - INFO - Robot start talking
2025-10-31 15:33:43,155 - nvd_autonomous - INFO - Robot start talking
2025-10-31 15:33:43,371 - nvd_autonomous - INFO - Robot start talking
2025-10-31 15:33:43,587 - nvd_autonomous - INFO - Start Talking: 3
2025-10-31 15:33:43,587 - nvd_autonomous - INFO - Move to: [35, -15]
2025-10-31 15:33:43,809 - nvd_autonomous - INFO - Robot start talking
2025-10-31 15:33:44,026 - nvd_autonomous - INFO - Robot start talking
2025-10-31 15:33:44,242 - nvd_autonomous - INFO - Robot start talking
2025-10-31 15:33:44,458 - nvd_autonomous - INFO - Robot start talking
2025-10-31 15:33:44,660 - nvd_autonomous - INFO - Robot start talking
2025-10-31 15:33:44,875 - nvd_autonomous - INFO - Robot start talking
2025-10-31 15:33:45,090 - nvd_autonomous - INFO - Robot start talking
2025-10-31 15:33:45,313 - nvd_autonomous - INFO - Robot start talking
2025-10-31 15:33:45,529 - nvd_autonomous - INFO - Robot start talking
2025-10-31 15:33:45,744 - nvd_autonomous - INFO - Robot start talking
2025-10-31 15:33:45,960 - nvd_autonomous - INFO - Robot start talking
2025-10-31 15:33:46,177 - nvd_autonomous - INFO - Robot start talking
2025-10-31 15:33:46,393 - nvd_autonomous - INFO - Robot start talking
2025-10-31 15:33:46,615 - nvd_autonomous - INFO - Robot start talking
2025-10-31 15:33:46,831 - nvd_autonomous - INFO - Robot start talking
2025-10-31 15:33:47,047 - nvd_autonomous - INFO - Robot start talking
2025-10-31 15:33:47,264 - nvd_autonomous - INFO - Robot start talking
2025-10-31 15:33:47,480 - nvd_autonomous - INFO - Robot start talking
2025-10-31 15:33:47,696 - nvd_autonomous - INFO - Robot start talking
2025-10-31 15:33:47,918 - nvd_autonomous - INFO - Robot start talking
2025-10-31 15:33:48,135 - nvd_autonomous - INFO - Robot start talking
2025-10-31 15:33:48,351 - nvd_autonomous - INFO - Robot start talking
2025-10-31 15:33:48,568 - nvd_autonomous - INFO - Robot start talking
2025-10-31 15:33:48,784 - nvd_autonomous - INFO - Robot start talking
2025-10-31 15:33:49,000 - nvd_autonomous - INFO - Robot start talking
2025-10-31 15:33:49,222 - nvd_autonomous - INFO - Robot start talking
2025-10-31 15:33:49,438 - nvd_autonomous - INFO - Robot start talking
2025-10-31 15:33:49,653 - nvd_autonomous - INFO - Robot start talking
2025-10-31 15:33:49,855 - nvd_autonomous - INFO - Robot start talking
2025-10-31 15:33:50,072 - nvd_autonomous - INFO - Robot start talking
2025-10-31 15:33:50,288 - nvd_autonomous - INFO - Robot start talking
2025-10-31 15:33:50,504 - nvd_autonomous - INFO - Robot start talking
2025-10-31 15:33:50,726 - nvd_autonomous - INFO - Robot start talking
2025-10-31 15:33:50,943 - nvd_autonomous - INFO - Robot start talking
2025-10-31 15:33:51,159 - nvd_autonomous - INFO - Robot start talking
2025-10-31 15:33:51,376 - nvd_autonomous - INFO - Robot start talking
2025-10-31 15:33:51,592 - nvd_autonomous - INFO - Robot start talking
2025-10-31 15:33:51,808 - nvd_autonomous - INFO - Robot start talking
2025-10-31 15:33:52,031 - nvd_autonomous - INFO - Robot start talking
2025-10-31 15:33:52,247 - nvd_autonomous - INFO - Robot start talking
2025-10-31 15:33:52,463 - nvd_autonomous - INFO - Robot start talking
2025-10-31 15:33:52,678 - nvd_autonomous - INFO - Robot start talking
2025-10-31 15:33:52,894 - nvd_autonomous - INFO - Robot start talking
2025-10-31 15:33:53,110 - nvd_autonomous - INFO - Robot start talking
2025-10-31 15:33:53,332 - nvd_autonomous - INFO - Robot start talking
2025-10-31 15:33:53,549 - nvd_autonomous - INFO - Robot start talking
2025-10-31 15:33:53,765 - nvd_autonomous - INFO - Robot start talking
2025-10-31 15:33:53,980 - nvd_autonomous - INFO - Robot start talking
2025-10-31 15:33:54,197 - nvd_autonomous - INFO - Robot start talking
2025-10-31 15:33:54,413 - nvd_autonomous - INFO - Robot start talking
2025-10-31 15:33:54,635 - nvd_autonomous - INFO - Robot start talking
2025-10-31 15:33:54,851 - nvd_autonomous - INFO - Start Talking: 3
2025-10-31 15:33:54,851 - nvd_autonomous - INFO - Move to: [35, -15]
2025-10-31 15:33:55,283 - nvd_autonomous - INFO - Robot start talking
2025-10-31 15:33:55,500 - nvd_autonomous - INFO - Start Talking: 3
2025-10-31 15:33:55,500 - nvd_autonomous - INFO - Move to: [35, -15]
2025-10-31 15:33:55,715 - nvd_autonomous - INFO - Robot start talking
2025-10-31 15:33:55,938 - nvd_autonomous - INFO - Robot start talking
2025-10-31 15:33:56,154 - nvd_autonomous - INFO - Robot start talking
2025-10-31 15:33:56,370 - nvd_autonomous - INFO - Robot start talking
2025-10-31 15:33:56,586 - nvd_autonomous - INFO - Robot start talking
2025-10-31 15:33:56,802 - nvd_autonomous - INFO - Robot start talking
2025-10-31 15:33:57,018 - nvd_autonomous - INFO - Robot start talking
2025-10-31 15:33:57,240 - nvd_autonomous - INFO - Robot start talking
2025-10-31 15:33:57,457 - nvd_autonomous - INFO - Robot start talking
2025-10-31 15:33:57,673 - nvd_autonomous - INFO - Robot start talking
2025-10-31 15:33:57,874 - nvd_autonomous - INFO - Robot start talking
2025-10-31 15:33:58,090 - nvd_autonomous - INFO - Robot start talking
2025-10-31 15:33:58,306 - nvd_autonomous - INFO - Robot start talking
2025-10-31 15:33:58,522 - nvd_autonomous - INFO - Robot start talking
2025-10-31 15:33:58,745 - nvd_autonomous - INFO - Robot start talking
2025-10-31 15:33:58,961 - nvd_autonomous - INFO - Robot start talking
2025-10-31 15:33:59,191 - nvd_autonomous - INFO - Robot start talking
2025-10-31 15:33:59,393 - nvd_autonomous - INFO - Robot start talking
2025-10-31 15:33:59,609 - nvd_autonomous - INFO - Robot start talking
2025-10-31 15:33:59,811 - nvd_autonomous - INFO - Robot start talking
2025-10-31 15:34:00,025 - nvd_autonomous - INFO - Robot start talking
2025-10-31 15:34:00,248 - nvd_autonomous - INFO - Robot start talking
2025-10-31 15:34:00,464 - nvd_autonomous - INFO - Robot start talking
2025-10-31 15:34:00,680 - nvd_autonomous - INFO - Robot start talking
2025-10-31 15:34:00,896 - nvd_autonomous - INFO - Start Talking: 1
2025-10-31 15:34:00,896 - nvd_autonomous - INFO - Move to: [-35, -15]
2025-10-31 15:34:01,100 - nvd_autonomous - INFO - Start Talking: 3
2025-10-31 15:34:01,100 - nvd_autonomous - INFO - Move to: [35, -15]
2025-10-31 15:34:01,313 - nvd_autonomous - INFO - Robot start talking
2025-10-31 15:34:01,529 - nvd_autonomous - INFO - Start Talking: 1
2025-10-31 15:34:01,529 - nvd_autonomous - INFO - Move to: [-35, -15]
2025-10-31 15:34:01,747 - nvd_autonomous - INFO - Start Talking: 3
2025-10-31 15:34:01,747 - nvd_autonomous - INFO - Move to: [35, -15]
2025-10-31 15:34:01,952 - nvd_autonomous - INFO - Robot start talking
2025-10-31 15:34:02,169 - nvd_autonomous - INFO - Start Talking: 1
2025-10-31 15:34:02,169 - nvd_autonomous - INFO - Move to: [-35, -15]
2025-10-31 15:34:02,787 - nvd_autonomous - INFO - Robot start talking
2025-10-31 15:34:03,008 - nvd_autonomous - INFO - Robot start talking
2025-10-31 15:34:03,212 - nvd_autonomous - INFO - Robot start talking
2025-10-31 15:34:03,426 - nvd_autonomous - INFO - Robot start talking
2025-10-31 15:34:03,629 - nvd_autonomous - INFO - Robot start talking
2025-10-31 15:34:03,845 - nvd_autonomous - INFO - Robot start talking
2025-10-31 15:34:04,067 - nvd_autonomous - INFO - Robot start talking
2025-10-31 15:34:04,284 - nvd_autonomous - INFO - Robot start talking
2025-10-31 15:34:04,500 - nvd_autonomous - INFO - Robot start talking
2025-10-31 15:34:04,716 - nvd_autonomous - INFO - Start Talking: 3
2025-10-31 15:34:04,716 - nvd_autonomous - INFO - Move to: [35, -15]
2025-10-31 15:34:05,587 - nvd_autonomous - INFO - Start Talking: 0
2025-10-31 15:34:05,587 - nvd_autonomous - INFO - Move to: [-35, -15]
2025-10-31 15:34:12,644 - nvd_autonomous - INFO - Backchanneling to: [-35, -15]
2025-10-31 15:34:18,767 - nvd_autonomous - INFO - Start Talking: 3
2025-10-31 15:34:18,767 - nvd_autonomous - INFO - Move to: [35, -15]
2025-10-31 15:34:18,978 - nvd_autonomous - INFO - Start Talking: 0
2025-10-31 15:34:18,978 - nvd_autonomous - INFO - Move to: [-35, -15]
2025-10-31 15:34:19,201 - nvd_autonomous - INFO - Start Talking: 3
2025-10-31 15:34:19,201 - nvd_autonomous - INFO - Move to: [35, -15]
2025-10-31 15:34:25,824 - nvd_autonomous - INFO - No one talking
2025-10-31 15:34:26,040 - nvd_autonomous - INFO - Start Talking: 3
2025-10-31 15:34:26,040 - nvd_autonomous - INFO - Move to: [35, -15]
2025-10-31 15:34:27,766 - nvd_autonomous - INFO - Move pan to: 35
2025-10-31 15:34:27,766 - nvd_autonomous - INFO - Move tilt to: -15
2025-10-31 15:34:29,261 - nvd_autonomous - INFO - Clean Queue
2025-10-31 15:34:30,990 - nvd_autonomous - INFO - Start Talking: 3
2025-10-31 15:34:30,990 - nvd_autonomous - INFO - Move to: [35, -15]
2025-10-31 15:34:31,434 - nvd_autonomous - INFO - No one talking
2025-10-31 15:34:32,077 - nvd_autonomous - INFO - Start Talking: 3
2025-10-31 15:34:32,077 - nvd_autonomous - INFO - Move to: [35, -15]
2025-10-31 15:34:32,926 - nvd_autonomous - INFO - Start Talking: 1
2025-10-31 15:34:32,926 - nvd_autonomous - INFO - Move to: [-35, -15]
2025-10-31 15:34:33,343 - nvd_autonomous - INFO - Start Talking: 3
2025-10-31 15:34:33,343 - nvd_autonomous - INFO - Move to: [35, -15]
2025-10-31 15:34:33,782 - nvd_autonomous - INFO - Start Talking: 1
2025-10-31 15:34:33,782 - nvd_autonomous - INFO - Move to: [-35, -15]
2025-10-31 15:34:34,213 - nvd_autonomous - INFO - Start Talking: 3
2025-10-31 15:34:34,213 - nvd_autonomous - INFO - Move to: [35, -15]
2025-10-31 15:34:36,590 - nvd_autonomous - INFO - Robot start talking
2025-10-31 15:34:36,806 - nvd_autonomous - INFO - Start Talking: 3
2025-10-31 15:34:36,806 - nvd_autonomous - INFO - Move to: [35, -15]
2025-10-31 15:34:42,842 - nvd_autonomous - INFO - No one talking
2025-10-31 15:34:43,484 - nvd_autonomous - INFO - Start Talking: 3
2025-10-31 15:34:43,484 - nvd_autonomous - INFO - Move to: [35, -15]
2025-10-31 15:34:43,916 - nvd_autonomous - INFO - Start Talking: 3
2025-10-31 15:34:43,916 - nvd_autonomous - INFO - Move to: [35, -15]
2025-10-31 15:34:45,420 - nvd_autonomous - INFO - Start Talking: 0
2025-10-31 15:34:45,420 - nvd_autonomous - INFO - Move to: [-35, -15]
2025-10-31 15:34:45,852 - nvd_autonomous - INFO - Start Talking: 3
2025-10-31 15:34:45,852 - nvd_autonomous - INFO - Move to: [35, -15]
2025-10-31 15:34:46,507 - nvd_autonomous - INFO - Start Talking: 3
2025-10-31 15:34:46,507 - nvd_autonomous - INFO - Move to: [35, -15]
2025-10-31 15:34:53,569 - nvd_autonomous - INFO - Backchanneling to: [35, -15]
2025-10-31 15:34:55,073 - nvd_autonomous - INFO - Start Talking: 3
2025-10-31 15:34:55,073 - nvd_autonomous - INFO - Move to: [35, -15]
2025-10-31 15:35:02,090 - nvd_autonomous - INFO - Backchanneling to: [35, -15]
2025-10-31 15:35:03,129 - nvd_autonomous - INFO - Start Talking: 3
2025-10-31 15:35:03,129 - nvd_autonomous - INFO - Move to: [35, -15]
2025-10-31 15:35:03,538 - nvd_autonomous - INFO - Start Talking: 1
2025-10-31 15:35:03,538 - nvd_autonomous - INFO - Move to: [-35, -15]
2025-10-31 15:35:03,753 - nvd_autonomous - INFO - Start Talking: 3
2025-10-31 15:35:03,753 - nvd_autonomous - INFO - Move to: [35, -15]
2025-10-31 15:35:05,463 - nvd_autonomous - INFO - Start Talking: 0
2025-10-31 15:35:05,463 - nvd_autonomous - INFO - Move to: [-35, -15]
2025-10-31 15:35:07,816 - nvd_autonomous - INFO - Robot start talking
2025-10-31 15:35:08,233 - nvd_autonomous - INFO - No one talking
2025-10-31 15:35:09,320 - nvd_autonomous - INFO - Start Talking: 0
2025-10-31 15:35:09,320 - nvd_autonomous - INFO - Move to: [-35, -15]
2025-10-31 15:35:16,391 - nvd_autonomous - INFO - Backchanneling to: [-35, -15]
2025-10-31 15:35:18,527 - nvd_autonomous - INFO - Start Talking: 3
2025-10-31 15:35:18,527 - nvd_autonomous - INFO - Move to: [35, -15]
2025-10-31 15:35:18,728 - nvd_autonomous - INFO - Start Talking: 0
2025-10-31 15:35:18,728 - nvd_autonomous - INFO - Move to: [-35, -15]
2025-10-31 15:35:19,361 - nvd_autonomous - INFO - Start Talking: 3
2025-10-31 15:35:19,361 - nvd_autonomous - INFO - Move to: [35, -15]
2025-10-31 15:35:20,001 - nvd_autonomous - INFO - Start Talking: 1
2025-10-31 15:35:20,001 - nvd_autonomous - INFO - Move to: [-35, -15]
2025-10-31 15:35:26,664 - nvd_autonomous - INFO - Clean Queue
2025-10-31 15:35:27,104 - nvd_autonomous - INFO - Move pan to: -35
2025-10-31 15:35:27,104 - nvd_autonomous - INFO - Move tilt to: -15
2025-10-31 15:35:27,104 - nvd_autonomous - INFO - Backchanneling to: [-35, -15]
2025-10-31 15:35:29,240 - nvd_autonomous - INFO - Robot start talking
2025-10-31 15:35:29,456 - nvd_autonomous - INFO - Start Talking: 1
2025-10-31 15:35:29,456 - nvd_autonomous - INFO - Move to: [-35, -15]
2025-10-31 15:35:36,557 - nvd_autonomous - INFO - Backchanneling to: [-35, -15]
2025-10-31 15:35:39,162 - nvd_autonomous - INFO - Start Talking: 1
2025-10-31 15:35:39,162 - nvd_autonomous - INFO - Move to: [-35, -15]
2025-10-31 15:35:42,993 - nvd_autonomous - INFO - Start Talking: 3
2025-10-31 15:35:42,993 - nvd_autonomous - INFO - Move to: [35, -15]
2025-10-31 15:35:43,424 - nvd_autonomous - INFO - Start Talking: 1
2025-10-31 15:35:43,424 - nvd_autonomous - INFO - Move to: [-35, -15]
2025-10-31 15:35:43,641 - nvd_autonomous - INFO - Start Talking: 3
2025-10-31 15:35:43,641 - nvd_autonomous - INFO - Move to: [35, -15]
2025-10-31 15:35:43,863 - nvd_autonomous - INFO - Start Talking: 1
2025-10-31 15:35:43,863 - nvd_autonomous - INFO - Move to: [-35, -15]
2025-10-31 15:35:50,897 - nvd_autonomous - INFO - Backchanneling to: [-35, -15]
2025-10-31 15:35:58,011 - nvd_autonomous - INFO - Backchanneling to: [-35, -15]
2025-10-31 15:36:05,128 - nvd_autonomous - INFO - Backchanneling to: [-35, -15]
2025-10-31 15:36:12,177 - nvd_autonomous - INFO - Backchanneling to: [-35, -15]
2025-10-31 15:36:19,197 - nvd_autonomous - INFO - Backchanneling to: [-35, -15]
2025-10-31 15:36:26,264 - nvd_autonomous - INFO - Backchanneling to: [-35, -15]
2025-10-31 15:36:33,296 - nvd_autonomous - INFO - Backchanneling to: [-35, -15]
2025-10-31 15:36:38,467 - nvd_autonomous - INFO - No one talking
2025-10-31 15:36:41,258 - nvd_autonomous - INFO - Start Talking: 1
2025-10-31 15:36:41,258 - nvd_autonomous - INFO - Move to: [-35, -15]
2025-10-31 15:36:48,345 - nvd_autonomous - INFO - Backchanneling to: [-35, -15]
2025-10-31 15:36:55,476 - nvd_autonomous - INFO - Backchanneling to: [-35, -15]
2025-10-31 15:37:02,561 - nvd_autonomous - INFO - Backchanneling to: [-35, -15]
2025-10-31 15:37:09,707 - nvd_autonomous - INFO - Backchanneling to: [-35, -15]
2025-10-31 15:37:16,805 - nvd_autonomous - INFO - Backchanneling to: [-35, -15]
2025-10-31 15:37:23,908 - nvd_autonomous - INFO - Backchanneling to: [-35, -15]
2025-10-31 15:37:27,347 - nvd_autonomous - INFO - Move pan to: -35
2025-10-31 15:37:27,347 - nvd_autonomous - INFO - Move tilt to: -15
2025-10-31 15:37:28,857 - nvd_autonomous - INFO - Clean Queue
2025-10-31 15:37:30,987 - nvd_autonomous - INFO - Backchanneling to: [-35, -15]
2025-10-31 15:37:38,088 - nvd_autonomous - INFO - Backchanneling to: [-35, -15]
2025-10-31 15:37:45,193 - nvd_autonomous - INFO - Backchanneling to: [-35, -15]
2025-10-31 15:37:52,281 - nvd_autonomous - INFO - Backchanneling to: [-35, -15]
2025-10-31 15:37:59,369 - nvd_autonomous - INFO - Backchanneling to: [-35, -15]
2025-10-31 15:38:04,095 - nvd_autonomous - INFO - Start Talking: 0
2025-10-31 15:38:04,095 - nvd_autonomous - INFO - Move to: [-35, -15]
2025-10-31 15:38:08,406 - nvd_autonomous - INFO - Start Talking: 1
2025-10-31 15:38:08,406 - nvd_autonomous - INFO - Move to: [-35, -15]
2025-10-31 15:38:08,623 - nvd_autonomous - INFO - Start Talking: 0
2025-10-31 15:38:08,623 - nvd_autonomous - INFO - Move to: [-35, -15]
2025-10-31 15:38:11,212 - nvd_autonomous - INFO - No one talking
2025-10-31 15:38:13,757 - nvd_autonomous - INFO - Start Talking: 3
2025-10-31 15:38:13,757 - nvd_autonomous - INFO - Move to: [35, -15]
2025-10-31 15:38:13,973 - nvd_autonomous - INFO - Start Talking: 1
2025-10-31 15:38:13,973 - nvd_autonomous - INFO - Move to: [-35, -15]
2025-10-31 15:38:14,606 - nvd_autonomous - INFO - Start Talking: 3
2025-10-31 15:38:14,606 - nvd_autonomous - INFO - Move to: [35, -15]
2025-10-31 15:38:21,706 - nvd_autonomous - INFO - Backchanneling to: [35, -15]
2025-10-31 15:38:24,281 - nvd_autonomous - INFO - Start Talking: 1
2025-10-31 15:38:24,281 - nvd_autonomous - INFO - Move to: [-35, -15]
2025-10-31 15:38:25,131 - nvd_autonomous - INFO - Start Talking: 3
2025-10-31 15:38:25,131 - nvd_autonomous - INFO - Move to: [35, -15]
2025-10-31 15:38:27,722 - nvd_autonomous - INFO - No one talking
2025-10-31 15:38:27,938 - nvd_autonomous - INFO - Start Talking: 3
2025-10-31 15:38:27,938 - nvd_autonomous - INFO - Move to: [35, -15]
2025-10-31 15:38:28,370 - nvd_autonomous - INFO - Start Talking: 1
2025-10-31 15:38:28,370 - nvd_autonomous - INFO - Move to: [-35, -15]
2025-10-31 15:38:28,807 - nvd_autonomous - INFO - Start Talking: 3
2025-10-31 15:38:28,807 - nvd_autonomous - INFO - Move to: [35, -15]
2025-10-31 15:38:29,224 - nvd_autonomous - INFO - No one talking
2025-10-31 15:38:30,289 - nvd_autonomous - INFO - Start Talking: 3
2025-10-31 15:38:30,289 - nvd_autonomous - INFO - Move to: [35, -15]
2025-10-31 15:38:34,982 - nvd_autonomous - INFO - No one talking
2025-10-31 15:38:35,637 - nvd_autonomous - INFO - Start Talking: 3
2025-10-31 15:38:35,637 - nvd_autonomous - INFO - Move to: [35, -15]
2025-10-31 15:38:37,141 - nvd_autonomous - INFO - Start Talking: 3
2025-10-31 15:38:37,141 - nvd_autonomous - INFO - Move to: [35, -15]
2025-10-31 15:38:38,644 - nvd_autonomous - INFO - No one talking
2025-10-31 15:38:38,859 - nvd_autonomous - INFO - Start Talking: 3
2025-10-31 15:38:38,859 - nvd_autonomous - INFO - Move to: [35, -15]
2025-10-31 15:38:39,290 - nvd_autonomous - INFO - Start Talking: 3
2025-10-31 15:38:39,290 - nvd_autonomous - INFO - Move to: [35, -15]
2025-10-31 15:38:41,881 - nvd_autonomous - INFO - No one talking
2025-10-31 15:38:43,370 - nvd_autonomous - INFO - Start Talking: 3
2025-10-31 15:38:43,370 - nvd_autonomous - INFO - Move to: [35, -15]
2025-10-31 15:38:43,586 - nvd_autonomous - INFO - Start Talking: 1
2025-10-31 15:38:43,587 - nvd_autonomous - INFO - Move to: [-35, -15]
2025-10-31 15:38:43,816 - nvd_autonomous - INFO - Start Talking: 3
2025-10-31 15:38:43,816 - nvd_autonomous - INFO - Move to: [35, -15]
2025-10-31 15:38:44,887 - nvd_autonomous - INFO - No one talking
2025-10-31 15:38:45,975 - nvd_autonomous - INFO - Start Talking: 3
2025-10-31 15:38:45,975 - nvd_autonomous - INFO - Move to: [35, -15]
2025-10-31 15:38:47,225 - nvd_autonomous - INFO - Start Talking: 1
2025-10-31 15:38:47,225 - nvd_autonomous - INFO - Move to: [-35, -15]
2025-10-31 15:38:48,513 - nvd_autonomous - INFO - Start Talking: 3
2025-10-31 15:38:48,513 - nvd_autonomous - INFO - Move to: [35, -15]
2025-10-31 15:38:54,054 - nvd_autonomous - INFO - No one talking
2025-10-31 15:38:54,925 - nvd_autonomous - INFO - Start Talking: 3
2025-10-31 15:38:54,925 - nvd_autonomous - INFO - Move to: [35, -15]
2025-10-31 15:38:57,292 - nvd_autonomous - INFO - No one talking
2025-10-31 15:38:58,380 - nvd_autonomous - INFO - Start Talking: 3
2025-10-31 15:38:58,380 - nvd_autonomous - INFO - Move to: [35, -15]
2025-10-31 15:39:05,441 - nvd_autonomous - INFO - Backchanneling to: [35, -15]
2025-10-31 15:39:10,151 - nvd_autonomous - INFO - Start Talking: 1
2025-10-31 15:39:10,151 - nvd_autonomous - INFO - Move to: [-35, -15]
2025-10-31 15:39:10,582 - nvd_autonomous - INFO - Start Talking: 1
2025-10-31 15:39:10,582 - nvd_autonomous - INFO - Move to: [-35, -15]
2025-10-31 15:39:11,000 - nvd_autonomous - INFO - Start Talking: 3
2025-10-31 15:39:11,000 - nvd_autonomous - INFO - Move to: [35, -15]
2025-10-31 15:39:18,076 - nvd_autonomous - INFO - Backchanneling to: [35, -15]
2025-10-31 15:39:21,079 - nvd_autonomous - INFO - Start Talking: 1
2025-10-31 15:39:21,079 - nvd_autonomous - INFO - Move to: [-35, -15]
2025-10-31 15:39:21,295 - nvd_autonomous - INFO - Start Talking: 3
2025-10-31 15:39:21,295 - nvd_autonomous - INFO - Move to: [35, -15]
2025-10-31 15:39:21,727 - nvd_autonomous - INFO - Start Talking: 3
2025-10-31 15:39:21,727 - nvd_autonomous - INFO - Move to: [35, -15]
2025-10-31 15:39:27,494 - nvd_autonomous - INFO - No one talking
2025-10-31 15:39:28,349 - nvd_autonomous - INFO - Start Talking: 0
2025-10-31 15:39:28,350 - nvd_autonomous - INFO - Move to: [-35, -15]
2025-10-31 15:39:31,344 - nvd_autonomous - INFO - Start Talking: 3
2025-10-31 15:39:31,344 - nvd_autonomous - INFO - Move to: [35, -15]
2025-10-31 15:39:33,033 - nvd_autonomous - INFO - Robot start talking
2025-10-31 15:39:33,242 - nvd_autonomous - INFO - Robot start talking
2025-10-31 15:39:33,449 - nvd_autonomous - INFO - Robot start talking
2025-10-31 15:39:33,665 - nvd_autonomous - INFO - Start Talking: 0
2025-10-31 15:39:33,665 - nvd_autonomous - INFO - Move to: [-35, -15]
2025-10-31 15:39:38,173 - nvd_autonomous - INFO - Start Talking: 1
2025-10-31 15:39:38,173 - nvd_autonomous - INFO - Move to: [-35, -15]
2025-10-31 15:39:38,390 - nvd_autonomous - INFO - Start Talking: 0
2025-10-31 15:39:38,390 - nvd_autonomous - INFO - Move to: [-35, -15]
2025-10-31 15:39:42,467 - nvd_autonomous - INFO - Start Talking: 3
2025-10-31 15:39:42,467 - nvd_autonomous - INFO - Move to: [35, -15]
2025-10-31 15:39:44,841 - nvd_autonomous - INFO - No one talking
2025-10-31 15:39:45,691 - nvd_autonomous - INFO - Start Talking: 3
2025-10-31 15:39:45,691 - nvd_autonomous - INFO - Move to: [35, -15]
2025-10-31 15:39:46,327 - nvd_autonomous - INFO - No one talking
2025-10-31 15:39:47,411 - nvd_autonomous - INFO - Start Talking: 3
2025-10-31 15:39:47,411 - nvd_autonomous - INFO - Move to: [35, -15]
2025-10-31 15:39:49,920 - nvd_autonomous - INFO - Start Talking: 3
2025-10-31 15:39:49,920 - nvd_autonomous - INFO - Move to: [35, -15]
2025-10-31 15:39:56,974 - nvd_autonomous - INFO - Backchanneling to: [35, -15]
2025-10-31 15:40:04,057 - nvd_autonomous - INFO - Backchanneling to: [35, -15]
2025-10-31 15:40:05,960 - nvd_autonomous - INFO - Start Talking: 3
2025-10-31 15:40:05,960 - nvd_autonomous - INFO - Move to: [35, -15]
2025-10-31 15:40:11,103 - nvd_autonomous - INFO - No one talking
2025-10-31 15:40:12,191 - nvd_autonomous - INFO - Start Talking: 3
2025-10-31 15:40:12,191 - nvd_autonomous - INFO - Move to: [35, -15]
2025-10-31 15:40:14,111 - nvd_autonomous - INFO - No one talking
2025-10-31 15:40:14,326 - nvd_autonomous - INFO - Start Talking: 3
2025-10-31 15:40:14,326 - nvd_autonomous - INFO - Move to: [35, -15]
2025-10-31 15:40:19,223 - nvd_autonomous - INFO - No one talking
2025-10-31 15:40:20,525 - nvd_autonomous - INFO - Start Talking: 3
2025-10-31 15:40:20,525 - nvd_autonomous - INFO - Move to: [35, -15]
2025-10-31 15:40:26,104 - nvd_autonomous - INFO - Start Talking: 1
2025-10-31 15:40:26,104 - nvd_autonomous - INFO - Move to: [-35, -15]
2025-10-31 15:40:26,534 - nvd_autonomous - INFO - Start Talking: 3
2025-10-31 15:40:26,535 - nvd_autonomous - INFO - Move to: [35, -15]
2025-10-31 15:40:26,743 - nvd_autonomous - INFO - Start Talking: 1
2025-10-31 15:40:26,743 - nvd_autonomous - INFO - Move to: [-35, -15]
2025-10-31 15:40:27,175 - nvd_autonomous - INFO - Start Talking: 3
2025-10-31 15:40:27,175 - nvd_autonomous - INFO - Move to: [35, -15]
2025-10-31 15:40:27,607 - nvd_autonomous - INFO - Start Talking: 1
2025-10-31 15:40:27,607 - nvd_autonomous - INFO - Move to: [-35, -15]
2025-10-31 15:40:28,028 - nvd_autonomous - INFO - Start Talking: 3
2025-10-31 15:40:28,028 - nvd_autonomous - INFO - Move to: [35, -15]
2025-10-31 15:40:28,463 - nvd_autonomous - INFO - Start Talking: 1
2025-10-31 15:40:28,463 - nvd_autonomous - INFO - Move to: [-35, -15]
2025-10-31 15:40:28,679 - nvd_autonomous - INFO - Start Talking: 3
2025-10-31 15:40:28,679 - nvd_autonomous - INFO - Move to: [35, -15]
2025-10-31 15:40:32,536 - nvd_autonomous - INFO - No one talking
2025-10-31 15:40:33,392 - nvd_autonomous - INFO - Start Talking: 3
2025-10-31 15:40:33,392 - nvd_autonomous - INFO - Move to: [35, -15]
2025-10-31 15:40:39,191 - nvd_autonomous - INFO - Start Talking: 1
2025-10-31 15:40:39,191 - nvd_autonomous - INFO - Move to: [-35, -15]
2025-10-31 15:40:39,408 - nvd_autonomous - INFO - Start Talking: 3
2025-10-31 15:40:39,408 - nvd_autonomous - INFO - Move to: [35, -15]
2025-10-31 15:40:39,624 - nvd_autonomous - INFO - Start Talking: 1
2025-10-31 15:40:39,624 - nvd_autonomous - INFO - Move to: [-35, -15]
2025-10-31 15:40:39,840 - nvd_autonomous - INFO - Start Talking: 3
2025-10-31 15:40:39,840 - nvd_autonomous - INFO - Move to: [35, -15]
2025-10-31 15:40:46,955 - nvd_autonomous - INFO - Backchanneling to: [35, -15]
2025-10-31 15:40:53,172 - nvd_autonomous - INFO - No one talking
2025-10-31 15:40:53,826 - nvd_autonomous - INFO - Start Talking: 3
2025-10-31 15:40:53,826 - nvd_autonomous - INFO - Move to: [35, -15]
2025-10-31 15:40:54,259 - nvd_autonomous - INFO - Start Talking: 3
2025-10-31 15:40:54,259 - nvd_autonomous - INFO - Move to: [35, -15]
2025-10-31 15:40:54,691 - nvd_autonomous - INFO - No one talking
2025-10-31 15:40:56,433 - nvd_autonomous - INFO - Start Talking: 0
2025-10-31 15:40:56,433 - nvd_autonomous - INFO - Move to: [-35, -15]
2025-10-31 15:40:56,864 - nvd_autonomous - INFO - No one talking
2025-10-31 15:40:57,282 - nvd_autonomous - INFO - Start Talking: 0
2025-10-31 15:40:57,282 - nvd_autonomous - INFO - Move to: [-35, -15]
2025-10-31 15:41:04,396 - nvd_autonomous - INFO - Backchanneling to: [-35, -15]
2025-10-31 15:41:08,475 - nvd_autonomous - INFO - Start Talking: 3
2025-10-31 15:41:08,475 - nvd_autonomous - INFO - Move to: [35, -15]
2025-10-31 15:41:08,683 - nvd_autonomous - INFO - Start Talking: 1
2025-10-31 15:41:08,683 - nvd_autonomous - INFO - Move to: [-35, -15]
2025-10-31 15:41:09,322 - nvd_autonomous - INFO - Start Talking: 3
2025-10-31 15:41:09,322 - nvd_autonomous - INFO - Move to: [35, -15]
2025-10-31 15:41:09,538 - nvd_autonomous - INFO - Start Talking: 1
2025-10-31 15:41:09,538 - nvd_autonomous - INFO - Move to: [-35, -15]
2025-10-31 15:41:09,976 - nvd_autonomous - INFO - Start Talking: 3
2025-10-31 15:41:09,976 - nvd_autonomous - INFO - Move to: [35, -15]
2025-10-31 15:41:10,624 - nvd_autonomous - INFO - Start Talking: 1
2025-10-31 15:41:10,624 - nvd_autonomous - INFO - Move to: [-35, -15]
2025-10-31 15:41:10,847 - nvd_autonomous - INFO - Start Talking: 0
2025-10-31 15:41:10,847 - nvd_autonomous - INFO - Move to: [-35, -15]
2025-10-31 15:41:12,365 - nvd_autonomous - INFO - No one talking
2025-10-31 15:41:13,430 - nvd_autonomous - INFO - Robot start talking
2025-10-31 15:41:13,647 - nvd_autonomous - INFO - Robot start talking
2025-10-31 15:41:13,870 - nvd_autonomous - INFO - Robot start talking
2025-10-31 15:41:14,086 - nvd_autonomous - INFO - Robot start talking
2025-10-31 15:41:14,302 - nvd_autonomous - INFO - Robot start talking
2025-10-31 15:41:14,503 - nvd_autonomous - INFO - Robot start talking
2025-10-31 15:41:14,720 - nvd_autonomous - INFO - Robot start talking
2025-10-31 15:41:14,936 - nvd_autonomous - INFO - Robot start talking
2025-10-31 15:41:15,152 - nvd_autonomous - INFO - Robot start talking
2025-10-31 15:41:15,375 - nvd_autonomous - INFO - Robot start talking
2025-10-31 15:41:15,586 - nvd_autonomous - INFO - Robot start talking
2025-10-31 15:41:15,794 - nvd_autonomous - INFO - Robot start talking
2025-10-31 15:41:16,008 - nvd_autonomous - INFO - Robot start talking
2025-10-31 15:41:16,224 - nvd_autonomous - INFO - Robot start talking
2025-10-31 15:41:16,441 - nvd_autonomous - INFO - Robot start talking
2025-10-31 15:41:16,657 - nvd_autonomous - INFO - Robot start talking
2025-10-31 15:41:16,880 - nvd_autonomous - INFO - Robot start talking
2025-10-31 15:41:17,096 - nvd_autonomous - INFO - Robot start talking
2025-10-31 15:41:17,312 - nvd_autonomous - INFO - Robot start talking
2025-10-31 15:41:17,519 - nvd_autonomous - INFO - Robot start talking
2025-10-31 15:41:17,729 - nvd_autonomous - INFO - Robot start talking
2025-10-31 15:41:17,945 - nvd_autonomous - INFO - Robot start talking
2025-10-31 15:41:18,161 - nvd_autonomous - INFO - Robot start talking
2025-10-31 15:41:18,383 - nvd_autonomous - INFO - Robot start talking
2025-10-31 15:41:18,598 - nvd_autonomous - INFO - Robot start talking
2025-10-31 15:41:18,814 - nvd_autonomous - INFO - Robot start talking
2025-10-31 15:41:19,030 - nvd_autonomous - INFO - Robot start talking
2025-10-31 15:41:19,247 - nvd_autonomous - INFO - Robot start talking
2025-10-31 15:41:19,449 - nvd_autonomous - INFO - Robot start talking
2025-10-31 15:41:19,664 - nvd_autonomous - INFO - Robot start talking
2025-10-31 15:41:19,887 - nvd_autonomous - INFO - Robot start talking
2025-10-31 15:41:20,103 - nvd_autonomous - INFO - Robot start talking
2025-10-31 15:41:20,319 - nvd_autonomous - INFO - Robot start talking
2025-10-31 15:41:20,535 - nvd_autonomous - INFO - Robot start talking
2025-10-31 15:41:20,751 - nvd_autonomous - INFO - Robot start talking
2025-10-31 15:41:20,968 - nvd_autonomous - INFO - Robot start talking
2025-10-31 15:41:21,190 - nvd_autonomous - INFO - Robot start talking
2025-10-31 15:41:21,391 - nvd_autonomous - INFO - Robot start talking
2025-10-31 15:41:21,608 - nvd_autonomous - INFO - Robot start talking
2025-10-31 15:41:21,824 - nvd_autonomous - INFO - Robot start talking
2025-10-31 15:41:22,040 - nvd_autonomous - INFO - Robot start talking
2025-10-31 15:41:22,256 - nvd_autonomous - INFO - Robot start talking
2025-10-31 15:41:22,472 - nvd_autonomous - INFO - Robot start talking
2025-10-31 15:41:22,695 - nvd_autonomous - INFO - Robot start talking
2025-10-31 15:41:22,911 - nvd_autonomous - INFO - Robot start talking
2025-10-31 15:41:23,127 - nvd_autonomous - INFO - Robot start talking
2025-10-31 15:41:23,333 - nvd_autonomous - INFO - Robot start talking
2025-10-31 15:41:23,544 - nvd_autonomous - INFO - Robot start talking
2025-10-31 15:41:23,760 - nvd_autonomous - INFO - Robot start talking
2025-10-31 15:41:23,977 - nvd_autonomous - INFO - Robot start talking
2025-10-31 15:41:24,200 - nvd_autonomous - INFO - Robot start talking
2025-10-31 15:41:24,416 - nvd_autonomous - INFO - Robot start talking
2025-10-31 15:41:24,632 - nvd_autonomous - INFO - Robot start talking
2025-10-31 15:41:24,847 - nvd_autonomous - INFO - Robot start talking
2025-10-31 15:41:25,062 - nvd_autonomous - INFO - Robot start talking
2025-10-31 15:41:25,264 - nvd_autonomous - INFO - Robot start talking
2025-10-31 15:41:25,480 - nvd_autonomous - INFO - Robot start talking
2025-10-31 15:41:25,703 - nvd_autonomous - INFO - Robot start talking
2025-10-31 15:41:25,934 - nvd_autonomous - INFO - Robot start talking
2025-10-31 15:41:26,151 - nvd_autonomous - INFO - Robot start talking
2025-10-31 15:41:26,382 - nvd_autonomous - INFO - Robot start talking
2025-10-31 15:41:26,606 - nvd_autonomous - INFO - Robot start talking
2025-10-31 15:41:26,822 - nvd_autonomous - INFO - Robot start talking
2025-10-31 15:41:27,038 - nvd_autonomous - INFO - Robot start talking
2025-10-31 15:41:27,255 - nvd_autonomous - INFO - Robot start talking
2025-10-31 15:41:27,471 - nvd_autonomous - INFO - Robot start talking
2025-10-31 15:41:27,672 - nvd_autonomous - INFO - Robot start talking
2025-10-31 15:41:27,888 - nvd_autonomous - INFO - Robot start talking
2025-10-31 15:41:28,110 - nvd_autonomous - INFO - Robot start talking
2025-10-31 15:41:28,326 - nvd_autonomous - INFO - Robot start talking
2025-10-31 15:41:28,542 - nvd_autonomous - INFO - Robot start talking
2025-10-31 15:41:28,759 - nvd_autonomous - INFO - Robot start talking
2025-10-31 15:41:28,974 - nvd_autonomous - INFO - Robot start talking
2025-10-31 15:41:29,191 - nvd_autonomous - INFO - Robot start talking
2025-10-31 15:41:29,413 - nvd_autonomous - INFO - Robot start talking
2025-10-31 15:41:29,629 - nvd_autonomous - INFO - Robot start talking
2025-10-31 15:41:29,846 - nvd_autonomous - INFO - Robot start talking
2025-10-31 15:41:30,062 - nvd_autonomous - INFO - Robot start talking
2025-10-31 15:41:30,278 - nvd_autonomous - INFO - Robot start talking
2025-10-31 15:41:30,492 - nvd_autonomous - INFO - Robot start talking
2025-10-31 15:41:30,694 - nvd_autonomous - INFO - Robot start talking
2025-10-31 15:41:30,917 - nvd_autonomous - INFO - Robot start talking
2025-10-31 15:41:31,134 - nvd_autonomous - INFO - Robot start talking
2025-10-31 15:41:31,350 - nvd_autonomous - INFO - Robot start talking
2025-10-31 15:41:31,566 - nvd_autonomous - INFO - Robot start talking
2025-10-31 15:41:31,782 - nvd_autonomous - INFO - Robot start talking
2025-10-31 15:41:31,999 - nvd_autonomous - INFO - Robot start talking
2025-10-31 15:41:32,221 - nvd_autonomous - INFO - Robot start talking
2025-10-31 15:41:32,437 - nvd_autonomous - INFO - Robot start talking
2025-10-31 15:41:32,653 - nvd_autonomous - INFO - Robot start talking
2025-10-31 15:41:32,869 - nvd_autonomous - INFO - Robot start talking
2025-10-31 15:41:33,086 - nvd_autonomous - INFO - Robot start talking
2025-10-31 15:41:33,302 - nvd_autonomous - INFO - Robot start talking
2025-10-31 15:41:33,524 - nvd_autonomous - INFO - Robot start talking
2025-10-31 15:41:33,740 - nvd_autonomous - INFO - Robot start talking
2025-10-31 15:41:33,956 - nvd_autonomous - INFO - Start Talking: 0
2025-10-31 15:41:33,956 - nvd_autonomous - INFO - Move to: [-35, -15]
2025-10-31 15:41:34,172 - nvd_autonomous - INFO - Robot start talking
2025-10-31 15:41:34,388 - nvd_autonomous - INFO - Robot start talking
2025-10-31 15:41:34,603 - nvd_autonomous - INFO - Robot start talking
2025-10-31 15:41:34,806 - nvd_autonomous - INFO - Robot start talking
2025-10-31 15:41:35,023 - nvd_autonomous - INFO - Robot start talking
2025-10-31 15:41:35,229 - nvd_autonomous - INFO - Robot start talking
2025-10-31 15:41:35,445 - nvd_autonomous - INFO - Robot start talking
2025-10-31 15:41:35,661 - nvd_autonomous - INFO - Robot start talking
2025-10-31 15:41:35,877 - nvd_autonomous - INFO - Robot start talking
2025-10-31 15:41:36,092 - nvd_autonomous - INFO - Robot start talking
2025-10-31 15:41:36,308 - nvd_autonomous - INFO - Robot start talking
2025-10-31 15:41:36,514 - nvd_autonomous - INFO - Robot start talking
2025-10-31 15:41:36,732 - nvd_autonomous - INFO - Robot start talking
2025-10-31 15:41:36,949 - nvd_autonomous - INFO - Robot start talking
2025-10-31 15:41:37,165 - nvd_autonomous - INFO - Robot start talking
2025-10-31 15:41:37,380 - nvd_autonomous - INFO - Robot start talking
2025-10-31 15:41:37,596 - nvd_autonomous - INFO - Robot start talking
2025-10-31 15:41:37,812 - nvd_autonomous - INFO - Robot start talking
2025-10-31 15:41:38,014 - nvd_autonomous - INFO - Robot start talking
2025-10-31 15:41:38,215 - nvd_autonomous - INFO - Robot start talking
2025-10-31 15:41:38,437 - nvd_autonomous - INFO - Robot start talking
2025-10-31 15:41:38,668 - nvd_autonomous - INFO - Robot start talking
2025-10-31 15:41:38,885 - nvd_autonomous - INFO - Robot start talking
2025-10-31 15:41:39,101 - nvd_autonomous - INFO - Robot start talking
2025-10-31 15:41:39,317 - nvd_autonomous - INFO - Robot start talking
2025-10-31 15:41:39,539 - nvd_autonomous - INFO - Robot start talking
2025-10-31 15:41:39,755 - nvd_autonomous - INFO - Robot start talking
2025-10-31 15:41:39,971 - nvd_autonomous - INFO - Robot start talking
2025-10-31 15:41:40,188 - nvd_autonomous - INFO - Robot start talking
2025-10-31 15:41:40,404 - nvd_autonomous - INFO - Robot start talking
2025-10-31 15:41:40,620 - nvd_autonomous - INFO - Robot start talking
2025-10-31 15:41:40,843 - nvd_autonomous - INFO - Robot start talking
2025-10-31 15:41:41,058 - nvd_autonomous - INFO - Robot start talking
2025-10-31 15:41:41,287 - nvd_autonomous - INFO - Robot start talking
2025-10-31 15:41:41,491 - nvd_autonomous - INFO - Robot start talking
2025-10-31 15:41:41,707 - nvd_autonomous - INFO - Robot start talking
2025-10-31 15:41:41,924 - nvd_autonomous - INFO - Robot start talking
2025-10-31 15:41:42,146 - nvd_autonomous - INFO - Robot start talking
2025-10-31 15:41:42,362 - nvd_autonomous - INFO - Robot start talking
2025-10-31 15:41:42,578 - nvd_autonomous - INFO - Robot start talking
2025-10-31 15:41:42,794 - nvd_autonomous - INFO - Robot start talking
2025-10-31 15:41:43,010 - nvd_autonomous - INFO - Robot start talking
2025-10-31 15:41:43,226 - nvd_autonomous - INFO - Robot start talking
2025-10-31 15:41:43,442 - nvd_autonomous - INFO - Robot start talking
2025-10-31 15:41:43,664 - nvd_autonomous - INFO - Robot start talking
2025-10-31 15:41:43,880 - nvd_autonomous - INFO - Robot start talking
2025-10-31 15:41:44,111 - nvd_autonomous - INFO - Robot start talking
2025-10-31 15:41:44,313 - nvd_autonomous - INFO - Robot start talking
2025-10-31 15:41:44,529 - nvd_autonomous - INFO - Robot start talking
2025-10-31 15:41:44,744 - nvd_autonomous - INFO - Robot start talking
2025-10-31 15:41:44,967 - nvd_autonomous - INFO - Robot start talking
2025-10-31 15:41:45,183 - nvd_autonomous - INFO - Robot start talking
2025-10-31 15:41:45,399 - nvd_autonomous - INFO - Robot start talking
2025-10-31 15:41:45,615 - nvd_autonomous - INFO - Robot start talking
2025-10-31 15:41:45,818 - nvd_autonomous - INFO - Start Talking: 1
2025-10-31 15:41:45,818 - nvd_autonomous - INFO - Move to: [-35, -15]
2025-10-31 15:41:47,318 - nvd_autonomous - INFO - Start Talking: 0
2025-10-31 15:41:47,318 - nvd_autonomous - INFO - Move to: [-35, -15]
2025-10-31 15:41:48,417 - nvd_autonomous - INFO - Start Talking: 1
2025-10-31 15:41:48,417 - nvd_autonomous - INFO - Move to: [-35, -15]
2025-10-31 15:41:55,449 - nvd_autonomous - INFO - Backchanneling to: [-35, -15]
2025-10-31 15:42:02,473 - nvd_autonomous - INFO - Backchanneling to: [-35, -15]
2025-10-31 15:42:09,541 - nvd_autonomous - INFO - Backchanneling to: [-35, -15]
2025-10-31 15:42:16,598 - nvd_autonomous - INFO - Backchanneling to: [-35, -15]
2025-10-31 15:42:17,686 - nvd_autonomous - INFO - No one talking
2025-10-31 15:42:18,771 - nvd_autonomous - INFO - Start Talking: 3
2025-10-31 15:42:18,771 - nvd_autonomous - INFO - Move to: [35, -15]
2025-10-31 15:42:19,204 - nvd_autonomous - INFO - Start Talking: 1
2025-10-31 15:42:19,204 - nvd_autonomous - INFO - Move to: [-35, -15]
2025-10-31 15:42:19,426 - nvd_autonomous - INFO - Start Talking: 3
2025-10-31 15:42:19,426 - nvd_autonomous - INFO - Move to: [35, -15]
2025-10-31 15:42:19,642 - nvd_autonomous - INFO - Start Talking: 1
2025-10-31 15:42:19,642 - nvd_autonomous - INFO - Move to: [-35, -15]
2025-10-31 15:42:20,713 - nvd_autonomous - INFO - Start Talking: 3
2025-10-31 15:42:20,713 - nvd_autonomous - INFO - Move to: [35, -15]
2025-10-31 15:42:21,979 - nvd_autonomous - INFO - Start Talking: 1
2025-10-31 15:42:21,979 - nvd_autonomous - INFO - Move to: [-35, -15]
2025-10-31 15:42:26,503 - nvd_autonomous - INFO - Start Talking: 0
2025-10-31 15:42:26,503 - nvd_autonomous - INFO - Move to: [-35, -15]
2025-10-31 15:42:27,590 - nvd_autonomous - INFO - Start Talking: 1
2025-10-31 15:42:27,590 - nvd_autonomous - INFO - Move to: [-35, -15]
2025-10-31 15:42:33,192 - nvd_autonomous - INFO - No one talking
2025-10-31 15:42:33,609 - nvd_autonomous - INFO - Start Talking: 0
2025-10-31 15:42:33,609 - nvd_autonomous - INFO - Move to: [-35, -15]
2025-10-31 15:42:35,118 - nvd_autonomous - INFO - Start Talking: 1
2025-10-31 15:42:35,118 - nvd_autonomous - INFO - Move to: [-35, -15]
2025-10-31 15:42:35,333 - nvd_autonomous - INFO - Start Talking: 0
2025-10-31 15:42:35,334 - nvd_autonomous - INFO - Move to: [-35, -15]
2025-10-31 15:42:42,039 - nvd_autonomous - INFO - Start Talking: 3
2025-10-31 15:42:42,039 - nvd_autonomous - INFO - Move to: [35, -15]
2025-10-31 15:42:47,166 - nvd_autonomous - INFO - Start Talking: 0
2025-10-31 15:42:47,166 - nvd_autonomous - INFO - Move to: [-35, -15]
2025-10-31 15:42:49,102 - nvd_autonomous - INFO - Start Talking: 3
2025-10-31 15:42:49,102 - nvd_autonomous - INFO - Move to: [35, -15]
2025-10-31 15:42:56,186 - nvd_autonomous - INFO - Backchanneling to: [35, -15]
2025-10-31 15:42:56,819 - nvd_autonomous - INFO - Start Talking: 3
2025-10-31 15:42:56,819 - nvd_autonomous - INFO - Move to: [35, -15]
2025-10-31 15:42:57,475 - nvd_autonomous - INFO - Start Talking: 1
2025-10-31 15:42:57,475 - nvd_autonomous - INFO - Move to: [-35, -15]
2025-10-31 15:42:57,907 - nvd_autonomous - INFO - No one talking
2025-10-31 15:42:58,762 - nvd_autonomous - INFO - Start Talking: 3
2025-10-31 15:42:58,762 - nvd_autonomous - INFO - Move to: [35, -15]
2025-10-31 15:43:05,842 - nvd_autonomous - INFO - Backchanneling to: [35, -15]
2025-10-31 15:43:06,929 - nvd_autonomous - INFO - Start Talking: 3
2025-10-31 15:43:06,929 - nvd_autonomous - INFO - Move to: [35, -15]
2025-10-31 15:43:08,217 - nvd_autonomous - INFO - No one talking
2025-10-31 15:43:08,835 - nvd_autonomous - INFO - Start Talking: 3
2025-10-31 15:43:08,835 - nvd_autonomous - INFO - Move to: [35, -15]
2025-10-31 15:43:15,067 - nvd_autonomous - INFO - Start Talking: 1
2025-10-31 15:43:15,067 - nvd_autonomous - INFO - Move to: [-35, -15]
2025-10-31 15:43:15,282 - nvd_autonomous - INFO - Start Talking: 3
2025-10-31 15:43:15,282 - nvd_autonomous - INFO - Move to: [35, -15]
2025-10-31 15:43:15,700 - nvd_autonomous - INFO - Start Talking: 1
2025-10-31 15:43:15,700 - nvd_autonomous - INFO - Move to: [-35, -15]
2025-10-31 15:43:15,923 - nvd_autonomous - INFO - Start Talking: 3
2025-10-31 15:43:15,923 - nvd_autonomous - INFO - Move to: [35, -15]
2025-10-31 15:43:16,787 - nvd_autonomous - INFO - No one talking
2025-10-31 15:43:17,003 - nvd_autonomous - INFO - Start Talking: 3
2025-10-31 15:43:17,003 - nvd_autonomous - INFO - Move to: [35, -15]
2025-10-31 15:43:17,442 - nvd_autonomous - INFO - Start Talking: 3
2025-10-31 15:43:17,442 - nvd_autonomous - INFO - Move to: [35, -15]
2025-10-31 15:43:21,674 - nvd_autonomous - INFO - No one talking
2025-10-31 15:43:21,876 - nvd_autonomous - INFO - Start Talking: 3
2025-10-31 15:43:21,876 - nvd_autonomous - INFO - Move to: [35, -15]
2025-10-31 15:43:22,723 - nvd_autonomous - INFO - Start Talking: 3
2025-10-31 15:43:22,723 - nvd_autonomous - INFO - Move to: [35, -15]
2025-10-31 15:43:29,825 - nvd_autonomous - INFO - Backchanneling to: [35, -15]
2025-10-31 15:43:36,889 - nvd_autonomous - INFO - Backchanneling to: [35, -15]
2025-10-31 15:43:41,366 - nvd_autonomous - INFO - Start Talking: 1
2025-10-31 15:43:41,366 - nvd_autonomous - INFO - Move to: [-35, -15]
2025-10-31 15:43:41,581 - nvd_autonomous - INFO - Start Talking: 3
2025-10-31 15:43:41,581 - nvd_autonomous - INFO - Move to: [35, -15]
2025-10-31 15:43:47,731 - nvd_autonomous - INFO - Start Talking: 0
2025-10-31 15:43:47,731 - nvd_autonomous - INFO - Move to: [-35, -15]
2025-10-31 15:43:53,743 - nvd_autonomous - INFO - Start Talking: 3
2025-10-31 15:43:53,743 - nvd_autonomous - INFO - Move to: [35, -15]
2025-10-31 15:43:54,159 - nvd_autonomous - INFO - Start Talking: 0
2025-10-31 15:43:54,159 - nvd_autonomous - INFO - Move to: [-35, -15]
2025-10-31 15:43:54,382 - nvd_autonomous - INFO - Start Talking: 3
2025-10-31 15:43:54,382 - nvd_autonomous - INFO - Move to: [35, -15]
2025-10-31 15:43:54,598 - nvd_autonomous - INFO - Start Talking: 0
2025-10-31 15:43:54,598 - nvd_autonomous - INFO - Move to: [-35, -15]
2025-10-31 15:43:54,815 - nvd_autonomous - INFO - Start Talking: 3
2025-10-31 15:43:54,815 - nvd_autonomous - INFO - Move to: [35, -15]
2025-10-31 15:43:57,591 - nvd_autonomous - INFO - Start Talking: 3
2025-10-31 15:43:57,591 - nvd_autonomous - INFO - Move to: [35, -15]
2025-10-31 15:43:58,672 - nvd_autonomous - INFO - Start Talking: 3
2025-10-31 15:43:58,672 - nvd_autonomous - INFO - Move to: [35, -15]
2025-10-31 15:43:59,110 - nvd_autonomous - INFO - Start Talking: 3
2025-10-31 15:43:59,110 - nvd_autonomous - INFO - Move to: [35, -15]
2025-10-31 15:44:00,399 - nvd_autonomous - INFO - Start Talking: 1
2025-10-31 15:44:00,425 - nvd_autonomous - INFO - Move to: [-35, -15]
2025-10-31 15:44:00,631 - nvd_autonomous - INFO - Start Talking: 3
2025-10-31 15:44:00,631 - nvd_autonomous - INFO - Move to: [35, -15]
2025-10-31 15:44:01,062 - nvd_autonomous - INFO - No one talking
2025-10-31 15:44:01,279 - nvd_autonomous - INFO - Start Talking: 3
2025-10-31 15:44:01,279 - nvd_autonomous - INFO - Move to: [35, -15]
2025-10-31 15:44:02,140 - nvd_autonomous - INFO - Start Talking: 3
2025-10-31 15:44:02,140 - nvd_autonomous - INFO - Move to: [35, -15]
2025-10-31 15:44:02,566 - nvd_autonomous - INFO - Start Talking: 0
2025-10-31 15:44:02,566 - nvd_autonomous - INFO - Move to: [-35, -15]
2025-10-31 15:44:02,783 - nvd_autonomous - INFO - Start Talking: 1
2025-10-31 15:44:02,783 - nvd_autonomous - INFO - Move to: [-35, -15]
2025-10-31 15:44:03,004 - nvd_autonomous - INFO - Start Talking: 3
2025-10-31 15:44:03,004 - nvd_autonomous - INFO - Move to: [35, -15]
2025-10-31 15:44:03,427 - nvd_autonomous - INFO - Start Talking: 0
2025-10-31 15:44:03,427 - nvd_autonomous - INFO - Move to: [-35, -15]
2025-10-31 15:44:03,643 - nvd_autonomous - INFO - Start Talking: 3
2025-10-31 15:44:03,643 - nvd_autonomous - INFO - Move to: [35, -15]
2025-10-31 15:44:05,362 - nvd_autonomous - INFO - Start Talking: 0
2025-10-31 15:44:05,362 - nvd_autonomous - INFO - Move to: [-35, -15]
2025-10-31 15:44:06,232 - nvd_autonomous - INFO - Start Talking: 3
2025-10-31 15:44:06,232 - nvd_autonomous - INFO - Move to: [35, -15]
2025-10-31 15:44:06,448 - nvd_autonomous - INFO - Start Talking: 0
2025-10-31 15:44:06,449 - nvd_autonomous - INFO - Move to: [-35, -15]
2025-10-31 15:44:06,664 - nvd_autonomous - INFO - Start Talking: 3
2025-10-31 15:44:06,664 - nvd_autonomous - INFO - Move to: [35, -15]
2025-10-31 15:44:07,081 - nvd_autonomous - INFO - No one talking
2025-10-31 15:44:08,385 - nvd_autonomous - INFO - Start Talking: 3
2025-10-31 15:44:08,385 - nvd_autonomous - INFO - Move to: [35, -15]
2025-10-31 15:44:15,418 - nvd_autonomous - INFO - Backchanneling to: [35, -15]
2025-10-31 15:44:18,207 - nvd_autonomous - INFO - Start Talking: 3
2025-10-31 15:44:18,207 - nvd_autonomous - INFO - Move to: [35, -15]
2025-10-31 15:44:18,861 - nvd_autonomous - INFO - Start Talking: 3
2025-10-31 15:44:18,861 - nvd_autonomous - INFO - Move to: [35, -15]
2025-10-31 15:44:25,979 - nvd_autonomous - INFO - Backchanneling to: [35, -15]
2025-10-31 15:44:32,625 - nvd_autonomous - INFO - No one talking
2025-10-31 15:44:33,479 - nvd_autonomous - INFO - Start Talking: 3
2025-10-31 15:44:33,479 - nvd_autonomous - INFO - Move to: [35, -15]
2025-10-31 15:44:40,511 - nvd_autonomous - INFO - Backchanneling to: [35, -15]
2025-10-31 15:44:47,526 - nvd_autonomous - INFO - Backchanneling to: [35, -15]
2025-10-31 15:44:53,758 - nvd_autonomous - INFO - No one talking
2025-10-31 15:44:53,974 - nvd_autonomous - INFO - Start Talking: 3
2025-10-31 15:44:53,974 - nvd_autonomous - INFO - Move to: [35, -15]
2025-10-31 15:44:54,190 - nvd_autonomous - INFO - Start Talking: 1
2025-10-31 15:44:54,190 - nvd_autonomous - INFO - Move to: [-35, -15]
2025-10-31 15:44:54,628 - nvd_autonomous - INFO - No one talking
2025-10-31 15:44:56,333 - nvd_autonomous - INFO - Start Talking: 0
2025-10-31 15:44:56,333 - nvd_autonomous - INFO - Move to: [-35, -15]
2025-10-31 15:44:58,047 - nvd_autonomous - INFO - Move pan to: -35
2025-10-31 15:44:58,047 - nvd_autonomous - INFO - Move tilt to: -15
2025-10-31 15:44:58,466 - nvd_autonomous - INFO - Start Talking: 1
2025-10-31 15:44:58,466 - nvd_autonomous - INFO - Move to: [-35, -15]
2025-10-31 15:45:01,841 - nvd_autonomous - INFO - Move pan to: -35
2025-10-31 15:45:01,841 - nvd_autonomous - INFO - Move tilt to: -15
2025-10-31 15:45:03,124 - nvd_autonomous - INFO - Clean Queue
2025-10-31 15:45:04,432 - nvd_autonomous - INFO - Move pan to: -35
2025-10-31 15:45:04,432 - nvd_autonomous - INFO - Move tilt to: -15
2025-10-31 15:45:05,488 - nvd_autonomous - INFO - Backchanneling to: [-35, -15]
2025-10-31 15:45:12,567 - nvd_autonomous - INFO - Backchanneling to: [-35, -15]
2025-10-31 15:45:14,308 - nvd_autonomous - INFO - Start Talking: 3
2025-10-31 15:45:14,308 - nvd_autonomous - INFO - Move to: [35, -15]
2025-10-31 15:45:14,510 - nvd_autonomous - INFO - Start Talking: 1
2025-10-31 15:45:14,510 - nvd_autonomous - INFO - Move to: [-35, -15]
2025-10-31 15:45:20,746 - nvd_autonomous - INFO - Move pan to: -35
2025-10-31 15:45:20,746 - nvd_autonomous - INFO - Move tilt to: -15
2025-10-31 15:45:20,958 - nvd_autonomous - INFO - No one talking
2025-10-31 15:45:21,164 - nvd_autonomous - INFO - Start Talking: 1
2025-10-31 15:45:21,164 - nvd_autonomous - INFO - Move to: [-35, -15]
2025-10-31 15:45:28,274 - nvd_autonomous - INFO - Backchanneling to: [-35, -15]
2025-10-31 15:45:35,344 - nvd_autonomous - INFO - Backchanneling to: [-35, -15]
2025-10-31 15:45:42,424 - nvd_autonomous - INFO - Backchanneling to: [-35, -15]
2025-10-31 15:45:49,494 - nvd_autonomous - INFO - Backchanneling to: [-35, -15]
2025-10-31 15:45:52,085 - nvd_autonomous - INFO - Clean Queue
2025-10-31 15:45:53,164 - nvd_autonomous - INFO - Move pan to: -35
2025-10-31 15:45:53,164 - nvd_autonomous - INFO - Move tilt to: -15
2025-10-31 15:45:56,625 - nvd_autonomous - INFO - Backchanneling to: [-35, -15]
2025-10-31 15:46:03,728 - nvd_autonomous - INFO - Backchanneling to: [-35, -15]
2025-10-31 15:46:10,775 - nvd_autonomous - INFO - Backchanneling to: [-35, -15]
2025-10-31 15:46:17,829 - nvd_autonomous - INFO - Backchanneling to: [-35, -15]
2025-10-31 15:46:24,900 - nvd_autonomous - INFO - Backchanneling to: [-35, -15]
2025-10-31 15:46:31,919 - nvd_autonomous - INFO - Backchanneling to: [-35, -15]
2025-10-31 15:46:36,396 - nvd_autonomous - INFO - Start Talking: 3
2025-10-31 15:46:36,396 - nvd_autonomous - INFO - Move to: [35, -15]
2025-10-31 15:46:37,476 - nvd_autonomous - INFO - Start Talking: 1
2025-10-31 15:46:37,476 - nvd_autonomous - INFO - Move to: [-35, -15]
2025-10-31 15:46:40,887 - nvd_autonomous - INFO - No one talking
2025-10-31 15:46:41,109 - nvd_autonomous - INFO - Start Talking: 1
2025-10-31 15:46:41,109 - nvd_autonomous - INFO - Move to: [-35, -15]
2025-10-31 15:46:41,526 - nvd_autonomous - INFO - No one talking
2025-10-31 15:46:41,742 - nvd_autonomous - INFO - Start Talking: 1
2025-10-31 15:46:41,742 - nvd_autonomous - INFO - Move to: [-35, -15]
2025-10-31 15:46:43,462 - nvd_autonomous - INFO - Start Talking: 0
2025-10-31 15:46:43,462 - nvd_autonomous - INFO - Move to: [-35, -15]
2025-10-31 15:46:44,981 - nvd_autonomous - INFO - Start Talking: 1
2025-10-31 15:46:44,981 - nvd_autonomous - INFO - Move to: [-35, -15]
2025-10-31 15:46:52,068 - nvd_autonomous - INFO - Backchanneling to: [-35, -15]
2025-10-31 15:46:59,139 - nvd_autonomous - INFO - Backchanneling to: [-35, -15]
2025-10-31 15:47:06,152 - nvd_autonomous - INFO - Backchanneling to: [-35, -15]
2025-10-31 15:47:13,366 - nvd_autonomous - INFO - Backchanneling to: [-35, -15]
2025-10-31 15:47:15,540 - nvd_autonomous - INFO - Start Talking: 3
2025-10-31 15:47:15,540 - nvd_autonomous - INFO - Move to: [35, -15]
2025-10-31 15:47:16,805 - nvd_autonomous - INFO - Start Talking: 1
2025-10-31 15:47:16,805 - nvd_autonomous - INFO - Move to: [-35, -15]
2025-10-31 15:47:23,860 - nvd_autonomous - INFO - Backchanneling to: [-35, -15]
2025-10-31 15:47:30,960 - nvd_autonomous - INFO - Backchanneling to: [-35, -15]
2025-10-31 15:47:38,039 - nvd_autonomous - INFO - Backchanneling to: [-35, -15]
2025-10-31 15:47:45,043 - nvd_autonomous - INFO - Backchanneling to: [-35, -15]
2025-10-31 15:47:52,091 - nvd_autonomous - INFO - Start Talking: 3
2025-10-31 15:47:52,091 - nvd_autonomous - INFO - Move to: [35, -15]
2025-10-31 15:47:52,529 - nvd_autonomous - INFO - Start Talking: 1
2025-10-31 15:47:52,529 - nvd_autonomous - INFO - Move to: [-35, -15]
2025-10-31 15:47:59,564 - nvd_autonomous - INFO - Backchanneling to: [-35, -15]
2025-10-31 15:48:06,670 - nvd_autonomous - INFO - Backchanneling to: [-35, -15]
2025-10-31 15:48:12,029 - nvd_autonomous - INFO - Start Talking: 3
2025-10-31 15:48:12,029 - nvd_autonomous - INFO - Move to: [35, -15]
2025-10-31 15:48:15,453 - nvd_autonomous - INFO - Start Talking: 1
2025-10-31 15:48:15,453 - nvd_autonomous - INFO - Move to: [-35, -15]
2025-10-31 15:48:21,505 - nvd_autonomous - INFO - Start Talking: 3
2025-10-31 15:48:21,505 - nvd_autonomous - INFO - Move to: [35, -15]
2025-10-31 15:48:28,586 - nvd_autonomous - INFO - Backchanneling to: [35, -15]
2025-10-31 15:48:30,508 - nvd_autonomous - INFO - Start Talking: 0
2025-10-31 15:48:30,508 - nvd_autonomous - INFO - Move to: [-35, -15]
2025-10-31 15:48:30,731 - nvd_autonomous - INFO - Start Talking: 3
2025-10-31 15:48:30,731 - nvd_autonomous - INFO - Move to: [35, -15]
2025-10-31 15:48:36,708 - nvd_autonomous - INFO - Start Talking: 0
2025-10-31 15:48:36,708 - nvd_autonomous - INFO - Move to: [-35, -15]
2025-10-31 15:48:37,126 - nvd_autonomous - INFO - Start Talking: 3
2025-10-31 15:48:37,126 - nvd_autonomous - INFO - Move to: [35, -15]
2025-10-31 15:48:37,349 - nvd_autonomous - INFO - Start Talking: 1
2025-10-31 15:48:37,349 - nvd_autonomous - INFO - Move to: [-35, -15]
2025-10-31 15:48:37,997 - nvd_autonomous - INFO - Start Talking: 3
2025-10-31 15:48:37,997 - nvd_autonomous - INFO - Move to: [35, -15]
2025-10-31 15:48:39,917 - nvd_autonomous - INFO - Start Talking: 1
2025-10-31 15:48:39,917 - nvd_autonomous - INFO - Move to: [-35, -15]
2025-10-31 15:48:40,134 - nvd_autonomous - INFO - Start Talking: 3
2025-10-31 15:48:40,134 - nvd_autonomous - INFO - Move to: [35, -15]
2025-10-31 15:48:40,552 - nvd_autonomous - INFO - Start Talking: 1
2025-10-31 15:48:40,552 - nvd_autonomous - INFO - Move to: [-35, -15]
2025-10-31 15:48:40,774 - nvd_autonomous - INFO - Start Talking: 0
2025-10-31 15:48:40,774 - nvd_autonomous - INFO - Move to: [-35, -15]
2025-10-31 15:48:41,206 - nvd_autonomous - INFO - Start Talking: 0
2025-10-31 15:48:41,206 - nvd_autonomous - INFO - Move to: [-35, -15]
2025-10-31 15:48:41,638 - nvd_autonomous - INFO - Start Talking: 0
2025-10-31 15:48:41,638 - nvd_autonomous - INFO - Move to: [-35, -15]
2025-10-31 15:48:41,854 - nvd_autonomous - INFO - Start Talking: 3
2025-10-31 15:48:41,854 - nvd_autonomous - INFO - Move to: [35, -15]
2025-10-31 15:48:43,995 - nvd_autonomous - INFO - Start Talking: 3
2025-10-31 15:48:43,995 - nvd_autonomous - INFO - Move to: [35, -15]
2025-10-31 15:48:50,791 - nvd_autonomous - INFO - No one talking
2025-10-31 15:48:50,993 - nvd_autonomous - INFO - Start Talking: 3
2025-10-31 15:48:50,993 - nvd_autonomous - INFO - Move to: [35, -15]
2025-10-31 15:48:53,599 - nvd_autonomous - INFO - Start Talking: 0
2025-10-31 15:48:53,599 - nvd_autonomous - INFO - Move to: [-35, -15]
2025-10-31 15:48:54,018 - nvd_autonomous - INFO - No one talking
2025-10-31 15:48:55,307 - nvd_autonomous - INFO - Start Talking: 3
2025-10-31 15:48:55,307 - nvd_autonomous - INFO - Move to: [35, -15]
2025-10-31 15:49:00,048 - nvd_autonomous - INFO - Start Talking: 3
2025-10-31 15:49:00,048 - nvd_autonomous - INFO - Move to: [35, -15]
2025-10-31 15:49:00,479 - nvd_autonomous - INFO - Start Talking: 3
2025-10-31 15:49:00,479 - nvd_autonomous - INFO - Move to: [35, -15]
2025-10-31 15:49:07,576 - nvd_autonomous - INFO - Backchanneling to: [35, -15]
2025-10-31 15:49:12,047 - nvd_autonomous - INFO - Start Talking: 0
2025-10-31 15:49:12,047 - nvd_autonomous - INFO - Move to: [-35, -15]
2025-10-31 15:49:12,263 - nvd_autonomous - INFO - Start Talking: 3
2025-10-31 15:49:12,263 - nvd_autonomous - INFO - Move to: [35, -15]
2025-10-31 15:49:12,694 - nvd_autonomous - INFO - Start Talking: 0
2025-10-31 15:49:12,694 - nvd_autonomous - INFO - Move to: [-35, -15]
2025-10-31 15:49:12,910 - nvd_autonomous - INFO - Start Talking: 3
2025-10-31 15:49:12,910 - nvd_autonomous - INFO - Move to: [35, -15]
2025-10-31 15:49:19,074 - nvd_autonomous - INFO - Start Talking: 0
2025-10-31 15:49:19,074 - nvd_autonomous - INFO - Move to: [-35, -15]
2025-10-31 15:49:19,289 - nvd_autonomous - INFO - Start Talking: 3
2025-10-31 15:49:19,289 - nvd_autonomous - INFO - Move to: [35, -15]
2025-10-31 15:49:26,390 - nvd_autonomous - INFO - Backchanneling to: [35, -15]
2025-10-31 15:49:29,198 - nvd_autonomous - INFO - No one talking
2025-10-31 15:49:29,829 - nvd_autonomous - INFO - Start Talking: 3
2025-10-31 15:49:29,829 - nvd_autonomous - INFO - Move to: [35, -15]
2025-10-31 15:49:32,390 - nvd_autonomous - INFO - Start Talking: 1
2025-10-31 15:49:32,390 - nvd_autonomous - INFO - Move to: [-35, -15]
2025-10-31 15:49:32,606 - nvd_autonomous - INFO - Start Talking: 3
2025-10-31 15:49:32,606 - nvd_autonomous - INFO - Move to: [35, -15]
2025-10-31 15:49:39,669 - nvd_autonomous - INFO - Backchanneling to: [35, -15]
2025-10-31 15:49:46,738 - nvd_autonomous - INFO - Backchanneling to: [35, -15]
2025-10-31 15:49:52,952 - nvd_autonomous - INFO - Start Talking: 3
2025-10-31 15:49:52,952 - nvd_autonomous - INFO - Move to: [35, -15]
2025-10-31 15:49:53,384 - nvd_autonomous - INFO - No one talking
2025-10-31 15:49:53,801 - nvd_autonomous - INFO - Start Talking: 3
2025-10-31 15:49:53,801 - nvd_autonomous - INFO - Move to: [35, -15]
2025-10-31 15:50:00,817 - nvd_autonomous - INFO - Backchanneling to: [35, -15]
2025-10-31 15:50:02,320 - nvd_autonomous - INFO - No one talking
2025-10-31 15:50:03,830 - nvd_autonomous - INFO - Start Talking: 0
2025-10-31 15:50:03,830 - nvd_autonomous - INFO - Move to: [-35, -15]
2025-10-31 15:50:05,980 - nvd_autonomous - INFO - Start Talking: 0
2025-10-31 15:50:05,980 - nvd_autonomous - INFO - Move to: [-35, -15]
2025-10-31 15:50:09,420 - nvd_autonomous - INFO - No one talking
2025-10-31 15:50:10,074 - nvd_autonomous - INFO - Start Talking: 3
2025-10-31 15:50:10,074 - nvd_autonomous - INFO - Move to: [35, -15]
2025-10-31 15:50:10,940 - nvd_autonomous - INFO - Start Talking: 0
2025-10-31 15:50:10,940 - nvd_autonomous - INFO - Move to: [-35, -15]
2025-10-31 15:50:11,162 - nvd_autonomous - INFO - Start Talking: 3
2025-10-31 15:50:11,162 - nvd_autonomous - INFO - Move to: [35, -15]
2025-10-31 15:50:12,465 - nvd_autonomous - INFO - Start Talking: 0
2025-10-31 15:50:12,465 - nvd_autonomous - INFO - Move to: [-35, -15]
2025-10-31 15:50:15,048 - nvd_autonomous - INFO - Start Talking: 1
2025-10-31 15:50:15,048 - nvd_autonomous - INFO - Move to: [-35, -15]
2025-10-31 15:50:15,255 - nvd_autonomous - INFO - Start Talking: 0
2025-10-31 15:50:15,256 - nvd_autonomous - INFO - Move to: [-35, -15]
2025-10-31 15:50:19,731 - nvd_autonomous - INFO - Robot start talking
2025-10-31 15:50:19,948 - nvd_autonomous - INFO - Robot start talking
2025-10-31 15:50:20,149 - nvd_autonomous - INFO - Robot start talking
2025-10-31 15:50:20,365 - nvd_autonomous - INFO - Robot start talking
2025-10-31 15:50:20,581 - nvd_autonomous - INFO - Robot start talking
2025-10-31 15:50:20,804 - nvd_autonomous - INFO - Robot start talking
2025-10-31 15:50:21,020 - nvd_autonomous - INFO - Robot start talking
2025-10-31 15:50:21,236 - nvd_autonomous - INFO - Robot start talking
2025-10-31 15:50:21,452 - nvd_autonomous - INFO - Robot start talking
2025-10-31 15:50:21,667 - nvd_autonomous - INFO - Robot start talking
2025-10-31 15:50:21,883 - nvd_autonomous - INFO - Robot start talking
2025-10-31 15:50:22,107 - nvd_autonomous - INFO - Robot start talking
2025-10-31 15:50:22,322 - nvd_autonomous - INFO - Robot start talking
2025-10-31 15:50:22,538 - nvd_autonomous - INFO - Robot start talking
2025-10-31 15:50:22,754 - nvd_autonomous - INFO - Start Talking: 1
2025-10-31 15:50:22,754 - nvd_autonomous - INFO - Move to: [-35, -15]
2025-10-31 15:50:23,187 - nvd_autonomous - INFO - Robot start talking
2025-10-31 15:50:23,408 - nvd_autonomous - INFO - Robot start talking
2025-10-31 15:50:23,624 - nvd_autonomous - INFO - Robot start talking
2025-10-31 15:50:23,839 - nvd_autonomous - INFO - Start Talking: 1
2025-10-31 15:50:23,839 - nvd_autonomous - INFO - Move to: [-35, -15]
2025-10-31 15:50:24,056 - nvd_autonomous - INFO - Robot start talking
2025-10-31 15:50:24,272 - nvd_autonomous - INFO - Robot start talking
2025-10-31 15:50:24,488 - nvd_autonomous - INFO - Robot start talking
2025-10-31 15:50:24,712 - nvd_autonomous - INFO - Robot start talking
2025-10-31 15:50:24,928 - nvd_autonomous - INFO - Robot start talking
2025-10-31 15:50:25,144 - nvd_autonomous - INFO - Robot start talking
2025-10-31 15:50:25,360 - nvd_autonomous - INFO - Robot start talking
2025-10-31 15:50:25,576 - nvd_autonomous - INFO - Robot start talking
2025-10-31 15:50:25,777 - nvd_autonomous - INFO - Robot start talking
2025-10-31 15:50:25,994 - nvd_autonomous - INFO - Robot start talking
2025-10-31 15:50:26,224 - nvd_autonomous - INFO - Robot start talking
2025-10-31 15:50:26,432 - nvd_autonomous - INFO - Robot start talking
2025-10-31 15:50:26,648 - nvd_autonomous - INFO - Robot start talking
2025-10-31 15:50:26,864 - nvd_autonomous - INFO - Robot start talking
2025-10-31 15:50:27,080 - nvd_autonomous - INFO - Robot start talking
2025-10-31 15:50:27,303 - nvd_autonomous - INFO - Robot start talking
2025-10-31 15:50:27,519 - nvd_autonomous - INFO - Robot start talking
2025-10-31 15:50:27,735 - nvd_autonomous - INFO - Robot start talking
2025-10-31 15:50:27,951 - nvd_autonomous - INFO - Robot start talking
2025-10-31 15:50:28,166 - nvd_autonomous - INFO - Robot start talking
2025-10-31 15:50:28,371 - nvd_autonomous - INFO - Robot start talking
2025-10-31 15:50:28,582 - nvd_autonomous - INFO - Robot start talking
2025-10-31 15:50:28,799 - nvd_autonomous - INFO - Robot start talking
2025-10-31 15:50:29,021 - nvd_autonomous - INFO - Robot start talking
2025-10-31 15:50:29,237 - nvd_autonomous - INFO - Robot start talking
2025-10-31 15:50:29,454 - nvd_autonomous - INFO - Robot start talking
2025-10-31 15:50:29,670 - nvd_autonomous - INFO - Robot start talking
2025-10-31 15:50:29,886 - nvd_autonomous - INFO - Robot start talking
2025-10-31 15:50:30,102 - nvd_autonomous - INFO - Robot start talking
2025-10-31 15:50:30,324 - nvd_autonomous - INFO - Robot start talking
2025-10-31 15:50:30,540 - nvd_autonomous - INFO - Robot start talking
2025-10-31 15:50:30,756 - nvd_autonomous - INFO - Robot start talking
2025-10-31 15:50:30,972 - nvd_autonomous - INFO - Robot start talking
2025-10-31 15:50:31,188 - nvd_autonomous - INFO - Robot start talking
2025-10-31 15:50:31,405 - nvd_autonomous - INFO - Robot start talking
2025-10-31 15:50:31,628 - nvd_autonomous - INFO - Robot start talking
2025-10-31 15:50:31,844 - nvd_autonomous - INFO - Robot start talking
2025-10-31 15:50:32,060 - nvd_autonomous - INFO - Robot start talking
2025-10-31 15:50:32,276 - nvd_autonomous - INFO - Robot start talking
2025-10-31 15:50:32,477 - nvd_autonomous - INFO - Robot start talking
2025-10-31 15:50:32,694 - nvd_autonomous - INFO - Robot start talking
2025-10-31 15:50:32,909 - nvd_autonomous - INFO - Robot start talking
2025-10-31 15:50:33,115 - nvd_autonomous - INFO - Robot start talking
2025-10-31 15:50:33,327 - nvd_autonomous - INFO - Robot start talking
2025-10-31 15:50:33,533 - nvd_autonomous - INFO - Robot start talking
2025-10-31 15:50:33,750 - nvd_autonomous - INFO - Robot start talking
2025-10-31 15:50:33,966 - nvd_autonomous - INFO - Robot start talking
2025-10-31 15:50:34,182 - nvd_autonomous - INFO - Robot start talking
2025-10-31 15:50:34,396 - nvd_autonomous - INFO - Robot start talking
2025-10-31 15:50:34,613 - nvd_autonomous - INFO - Robot start talking
2025-10-31 15:50:34,837 - nvd_autonomous - INFO - Robot start talking
2025-10-31 15:50:35,269 - nvd_autonomous - INFO - Start Talking: 3
2025-10-31 15:50:35,269 - nvd_autonomous - INFO - Move to: [35, -15]
2025-10-31 15:50:35,687 - nvd_autonomous - INFO - No one talking
2025-10-31 15:50:36,963 - nvd_autonomous - INFO - Start Talking: 0
2025-10-31 15:50:36,963 - nvd_autonomous - INFO - Move to: [-35, -15]
2025-10-31 15:50:37,185 - nvd_autonomous - INFO - Start Talking: 3
2025-10-31 15:50:37,185 - nvd_autonomous - INFO - Move to: [35, -15]
2025-10-31 15:50:38,918 - nvd_autonomous - INFO - Start Talking: 1
2025-10-31 15:50:38,918 - nvd_autonomous - INFO - Move to: [-35, -15]
2025-10-31 15:50:39,991 - nvd_autonomous - INFO - Start Talking: 0
2025-10-31 15:50:39,991 - nvd_autonomous - INFO - Move to: [-35, -15]
2025-10-31 15:50:40,422 - nvd_autonomous - INFO - Start Talking: 1
2025-10-31 15:50:40,422 - nvd_autonomous - INFO - Move to: [-35, -15]
2025-10-31 15:50:46,785 - nvd_autonomous - INFO - Start Talking: 0
2025-10-31 15:50:46,785 - nvd_autonomous - INFO - Move to: [-35, -15]
2025-10-31 15:50:47,008 - nvd_autonomous - INFO - Start Talking: 3
2025-10-31 15:50:47,008 - nvd_autonomous - INFO - Move to: [35, -15]
2025-10-31 15:50:47,223 - nvd_autonomous - INFO - Start Talking: 0
2025-10-31 15:50:47,223 - nvd_autonomous - INFO - Move to: [-35, -15]
2025-10-31 15:50:51,063 - nvd_autonomous - INFO - Start Talking: 1
2025-10-31 15:50:51,063 - nvd_autonomous - INFO - Move to: [-35, -15]
2025-10-31 15:50:51,279 - nvd_autonomous - INFO - Start Talking: 0
2025-10-31 15:50:51,279 - nvd_autonomous - INFO - Move to: [-35, -15]
2025-10-31 15:50:51,716 - nvd_autonomous - INFO - Start Talking: 1
2025-10-31 15:50:51,716 - nvd_autonomous - INFO - Move to: [-35, -15]
2025-10-31 15:50:51,932 - nvd_autonomous - INFO - Start Talking: 0
2025-10-31 15:50:51,932 - nvd_autonomous - INFO - Move to: [-35, -15]
2025-10-31 15:50:53,236 - nvd_autonomous - INFO - Start Talking: 1
2025-10-31 15:50:53,236 - nvd_autonomous - INFO - Move to: [-35, -15]
2025-10-31 15:50:54,941 - nvd_autonomous - INFO - Start Talking: 0
2025-10-31 15:50:54,941 - nvd_autonomous - INFO - Move to: [-35, -15]
2025-10-31 15:50:58,165 - nvd_autonomous - INFO - Start Talking: 3
2025-10-31 15:50:58,165 - nvd_autonomous - INFO - Move to: [35, -15]
2025-10-31 15:50:58,381 - nvd_autonomous - INFO - Start Talking: 0
2025-10-31 15:50:58,381 - nvd_autonomous - INFO - Move to: [-35, -15]
2025-10-31 15:51:00,972 - nvd_autonomous - INFO - Start Talking: 1
2025-10-31 15:51:00,972 - nvd_autonomous - INFO - Move to: [-35, -15]
2025-10-31 15:51:01,188 - nvd_autonomous - INFO - Start Talking: 0
2025-10-31 15:51:01,188 - nvd_autonomous - INFO - Move to: [-35, -15]
2025-10-31 15:51:03,325 - nvd_autonomous - INFO - Start Talking: 1
2025-10-31 15:51:03,325 - nvd_autonomous - INFO - Move to: [-35, -15]
2025-10-31 15:51:04,196 - nvd_autonomous - INFO - Start Talking: 3
2025-10-31 15:51:04,196 - nvd_autonomous - INFO - Move to: [35, -15]
2025-10-31 15:51:04,828 - nvd_autonomous - INFO - Start Talking: 1
2025-10-31 15:51:04,828 - nvd_autonomous - INFO - Move to: [-35, -15]
2025-10-31 15:51:05,051 - nvd_autonomous - INFO - Start Talking: 3
2025-10-31 15:51:05,051 - nvd_autonomous - INFO - Move to: [35, -15]
2025-10-31 15:51:05,900 - nvd_autonomous - INFO - Robot start talking
2025-10-31 15:51:06,116 - nvd_autonomous - INFO - Robot start talking
2025-10-31 15:51:06,323 - nvd_autonomous - INFO - Robot start talking
2025-10-31 15:51:06,531 - nvd_autonomous - INFO - Robot start talking
2025-10-31 15:51:06,747 - nvd_autonomous - INFO - Robot start talking
2025-10-31 15:51:06,971 - nvd_autonomous - INFO - Robot start talking
2025-10-31 15:51:07,187 - nvd_autonomous - INFO - Start Talking: 1
2025-10-31 15:51:07,187 - nvd_autonomous - INFO - Move to: [-35, -15]
2025-10-31 15:51:07,604 - nvd_autonomous - INFO - Start Talking: 1
2025-10-31 15:51:07,604 - nvd_autonomous - INFO - Move to: [-35, -15]
2025-10-31 15:51:08,483 - nvd_autonomous - INFO - Robot start talking
2025-10-31 15:51:08,691 - nvd_autonomous - INFO - Start Talking: 3
2025-10-31 15:51:08,691 - nvd_autonomous - INFO - Move to: [35, -15]
2025-10-31 15:51:11,861 - nvd_autonomous - INFO - Start Talking: 1
2025-10-31 15:51:11,861 - nvd_autonomous - INFO - Move to: [-35, -15]
2025-10-31 15:51:13,388 - nvd_autonomous - INFO - No one talking
2025-10-31 15:51:13,604 - nvd_autonomous - INFO - Start Talking: 0
2025-10-31 15:51:13,604 - nvd_autonomous - INFO - Move to: [-35, -15]
2025-10-31 15:51:14,036 - nvd_autonomous - INFO - No one talking
2025-10-31 15:51:14,458 - nvd_autonomous - INFO - Robot start talking
2025-10-31 15:51:14,674 - nvd_autonomous - INFO - Robot start talking
2025-10-31 15:51:14,890 - nvd_autonomous - INFO - Robot start talking
2025-10-31 15:51:15,113 - nvd_autonomous - INFO - Robot start talking
2025-10-31 15:51:15,329 - nvd_autonomous - INFO - Robot start talking
2025-10-31 15:51:15,545 - nvd_autonomous - INFO - Robot start talking
2025-10-31 15:51:15,761 - nvd_autonomous - INFO - Robot start talking
2025-10-31 15:51:15,978 - nvd_autonomous - INFO - Robot start talking
2025-10-31 15:51:16,193 - nvd_autonomous - INFO - Robot start talking
2025-10-31 15:51:16,415 - nvd_autonomous - INFO - Robot start talking
2025-10-31 15:51:16,633 - nvd_autonomous - INFO - Robot start talking
2025-10-31 15:51:16,879 - nvd_autonomous - INFO - Robot start talking
2025-10-31 15:51:17,094 - nvd_autonomous - INFO - Start Talking: 3
2025-10-31 15:51:17,094 - nvd_autonomous - INFO - Move to: [35, -15]
2025-10-31 15:51:17,317 - nvd_autonomous - INFO - Robot start talking
2025-10-31 15:51:17,533 - nvd_autonomous - INFO - Start Talking: 3
2025-10-31 15:51:17,533 - nvd_autonomous - INFO - Move to: [35, -15]
2025-10-31 15:51:17,954 - nvd_autonomous - INFO - Robot start talking
2025-10-31 15:51:18,166 - nvd_autonomous - INFO - Start Talking: 3
2025-10-31 15:51:18,166 - nvd_autonomous - INFO - Move to: [35, -15]
2025-10-31 15:51:18,823 - nvd_autonomous - INFO - Robot start talking
2025-10-31 15:51:19,039 - nvd_autonomous - INFO - Start Talking: 3
2025-10-31 15:51:19,039 - nvd_autonomous - INFO - Move to: [35, -15]
2025-10-31 15:51:19,889 - nvd_autonomous - INFO - Robot start talking
2025-10-31 15:51:20,105 - nvd_autonomous - INFO - Robot start talking
2025-10-31 15:51:20,328 - nvd_autonomous - INFO - Robot start talking
2025-10-31 15:51:20,544 - nvd_autonomous - INFO - Robot start talking
2025-10-31 15:51:20,758 - nvd_autonomous - INFO - Robot start talking
2025-10-31 15:51:20,976 - nvd_autonomous - INFO - Robot start talking
2025-10-31 15:51:21,192 - nvd_autonomous - INFO - Robot start talking
2025-10-31 15:51:21,393 - nvd_autonomous - INFO - Robot start talking
2025-10-31 15:51:21,608 - nvd_autonomous - INFO - Robot start talking
2025-10-31 15:51:21,831 - nvd_autonomous - INFO - Robot start talking
2025-10-31 15:51:22,047 - nvd_autonomous - INFO - Robot start talking
2025-10-31 15:51:22,263 - nvd_autonomous - INFO - Robot start talking
2025-10-31 15:51:22,479 - nvd_autonomous - INFO - Robot start talking
2025-10-31 15:51:22,695 - nvd_autonomous - INFO - Robot start talking
2025-10-31 15:51:22,912 - nvd_autonomous - INFO - Start Talking: 1
2025-10-31 15:51:22,912 - nvd_autonomous - INFO - Move to: [-35, -15]
2025-10-31 15:51:23,135 - nvd_autonomous - INFO - Robot start talking
2025-10-31 15:51:23,351 - nvd_autonomous - INFO - Robot start talking
2025-10-31 15:51:23,567 - nvd_autonomous - INFO - Robot start talking
2025-10-31 15:51:23,783 - nvd_autonomous - INFO - Robot start talking
2025-10-31 15:51:23,999 - nvd_autonomous - INFO - Robot start talking
2025-10-31 15:51:24,215 - nvd_autonomous - INFO - Robot start talking
2025-10-31 15:51:24,438 - nvd_autonomous - INFO - Robot start talking
2025-10-31 15:51:24,654 - nvd_autonomous - INFO - Robot start talking
2025-10-31 15:51:24,870 - nvd_autonomous - INFO - Robot start talking
2025-10-31 15:51:25,086 - nvd_autonomous - INFO - Robot start talking
2025-10-31 15:51:25,302 - nvd_autonomous - INFO - Robot start talking
2025-10-31 15:51:25,519 - nvd_autonomous - INFO - Robot start talking
2025-10-31 15:51:25,720 - nvd_autonomous - INFO - Robot start talking
2025-10-31 15:51:25,943 - nvd_autonomous - INFO - Robot start talking
2025-10-31 15:51:26,160 - nvd_autonomous - INFO - Robot start talking
2025-10-31 15:51:26,375 - nvd_autonomous - INFO - Robot start talking
2025-10-31 15:51:26,591 - nvd_autonomous - INFO - Robot start talking
2025-10-31 15:51:26,803 - nvd_autonomous - INFO - Robot start talking
2025-10-31 15:51:27,008 - nvd_autonomous - INFO - Robot start talking
2025-10-31 15:51:27,224 - nvd_autonomous - INFO - Robot start talking
2025-10-31 15:51:27,447 - nvd_autonomous - INFO - Robot start talking
2025-10-31 15:51:27,663 - nvd_autonomous - INFO - Robot start talking
2025-10-31 15:51:27,880 - nvd_autonomous - INFO - Robot start talking
2025-10-31 15:51:28,096 - nvd_autonomous - INFO - Robot start talking
2025-10-31 15:51:28,312 - nvd_autonomous - INFO - Robot start talking
2025-10-31 15:51:28,529 - nvd_autonomous - INFO - Robot start talking
2025-10-31 15:51:28,730 - nvd_autonomous - INFO - Robot start talking
2025-10-31 15:51:28,937 - nvd_autonomous - INFO - Robot start talking
2025-10-31 15:51:29,153 - nvd_autonomous - INFO - Robot start talking
2025-10-31 15:51:29,369 - nvd_autonomous - INFO - Robot start talking
2025-10-31 15:51:29,585 - nvd_autonomous - INFO - Robot start talking
2025-10-31 15:51:29,801 - nvd_autonomous - INFO - Robot start talking
2025-10-31 15:51:30,017 - nvd_autonomous - INFO - Robot start talking
2025-10-31 15:51:30,218 - nvd_autonomous - INFO - Robot start talking
2025-10-31 15:51:30,434 - nvd_autonomous - INFO - Robot start talking
2025-10-31 15:51:30,656 - nvd_autonomous - INFO - Robot start talking
2025-10-31 15:51:30,872 - nvd_autonomous - INFO - Robot start talking
2025-10-31 15:51:31,089 - nvd_autonomous - INFO - Robot start talking
2025-10-31 15:51:31,305 - nvd_autonomous - INFO - Robot start talking
2025-10-31 15:51:31,521 - nvd_autonomous - INFO - Robot start talking
2025-10-31 15:51:31,737 - nvd_autonomous - INFO - Robot start talking
2025-10-31 15:51:31,953 - nvd_autonomous - INFO - Robot start talking
2025-10-31 15:51:32,160 - nvd_autonomous - INFO - Robot start talking
2025-10-31 15:51:32,376 - nvd_autonomous - INFO - Robot start talking
2025-10-31 15:51:32,592 - nvd_autonomous - INFO - Robot start talking
2025-10-31 15:51:32,809 - nvd_autonomous - INFO - Robot start talking
2025-10-31 15:51:33,011 - nvd_autonomous - INFO - Robot start talking
2025-10-31 15:51:33,264 - nvd_autonomous - INFO - Robot start talking
2025-10-31 15:51:33,480 - nvd_autonomous - INFO - Robot start talking
2025-10-31 15:51:33,696 - nvd_autonomous - INFO - Robot start talking
2025-10-31 15:51:33,913 - nvd_autonomous - INFO - Robot start talking
2025-10-31 15:51:34,129 - nvd_autonomous - INFO - Robot start talking
2025-10-31 15:51:34,330 - nvd_autonomous - INFO - Robot start talking
2025-10-31 15:51:34,546 - nvd_autonomous - INFO - Robot start talking
2025-10-31 15:51:34,769 - nvd_autonomous - INFO - Robot start talking
2025-10-31 15:51:34,985 - nvd_autonomous - INFO - Robot start talking
2025-10-31 15:51:35,201 - nvd_autonomous - INFO - Robot start talking
2025-10-31 15:51:35,406 - nvd_autonomous - INFO - Robot start talking
2025-10-31 15:51:35,618 - nvd_autonomous - INFO - Robot start talking
2025-10-31 15:51:35,834 - nvd_autonomous - INFO - Robot start talking
2025-10-31 15:51:36,050 - nvd_autonomous - INFO - Robot start talking
2025-10-31 15:51:36,273 - nvd_autonomous - INFO - Robot start talking
2025-10-31 15:51:36,485 - nvd_autonomous - INFO - Robot start talking
2025-10-31 15:51:36,689 - nvd_autonomous - INFO - Robot start talking
2025-10-31 15:51:36,905 - nvd_autonomous - INFO - Robot start talking
2025-10-31 15:51:37,136 - nvd_autonomous - INFO - Robot start talking
2025-10-31 15:51:37,339 - nvd_autonomous - INFO - Robot start talking
2025-10-31 15:51:37,554 - nvd_autonomous - INFO - Robot start talking
2025-10-31 15:51:37,777 - nvd_autonomous - INFO - Robot start talking
2025-10-31 15:51:37,993 - nvd_autonomous - INFO - Robot start talking
2025-10-31 15:51:38,209 - nvd_autonomous - INFO - Robot start talking
2025-10-31 15:51:38,425 - nvd_autonomous - INFO - Robot start talking
2025-10-31 15:51:38,641 - nvd_autonomous - INFO - Robot start talking
2025-10-31 15:51:38,856 - nvd_autonomous - INFO - Robot start talking
2025-10-31 15:51:39,058 - nvd_autonomous - INFO - Robot start talking
2025-10-31 15:51:39,280 - nvd_autonomous - INFO - Robot start talking
2025-10-31 15:51:39,496 - nvd_autonomous - INFO - Robot start talking
2025-10-31 15:51:39,712 - nvd_autonomous - INFO - Robot start talking
2025-10-31 15:51:39,928 - nvd_autonomous - INFO - Robot start talking
2025-10-31 15:51:40,143 - nvd_autonomous - INFO - Robot start talking
2025-10-31 15:51:40,345 - nvd_autonomous - INFO - Robot start talking
2025-10-31 15:51:40,561 - nvd_autonomous - INFO - Robot start talking
2025-10-31 15:51:40,776 - nvd_autonomous - INFO - Start Talking: 3
2025-10-31 15:51:40,776 - nvd_autonomous - INFO - Move to: [35, -15]
2025-10-31 15:51:40,984 - nvd_autonomous - INFO - Robot start talking
2025-10-31 15:51:41,214 - nvd_autonomous - INFO - Robot start talking
2025-10-31 15:51:41,432 - nvd_autonomous - INFO - Robot start talking
2025-10-31 15:51:41,648 - nvd_autonomous - INFO - Robot start talking
2025-10-31 15:51:41,864 - nvd_autonomous - INFO - Robot start talking
2025-10-31 15:51:42,086 - nvd_autonomous - INFO - Robot start talking
2025-10-31 15:51:42,302 - nvd_autonomous - INFO - Robot start talking
2025-10-31 15:51:42,518 - nvd_autonomous - INFO - Robot start talking
2025-10-31 15:51:42,734 - nvd_autonomous - INFO - Robot start talking
2025-10-31 15:51:42,950 - nvd_autonomous - INFO - Robot start talking
2025-10-31 15:51:43,166 - nvd_autonomous - INFO - Robot start talking
2025-10-31 15:51:43,367 - nvd_autonomous - INFO - Robot start talking
2025-10-31 15:51:43,589 - nvd_autonomous - INFO - Robot start talking
2025-10-31 15:51:43,805 - nvd_autonomous - INFO - Robot start talking
2025-10-31 15:51:44,020 - nvd_autonomous - INFO - Robot start talking
2025-10-31 15:51:44,223 - nvd_autonomous - INFO - Robot start talking
2025-10-31 15:51:44,438 - nvd_autonomous - INFO - Robot start talking
2025-10-31 15:51:44,653 - nvd_autonomous - INFO - Robot start talking
2025-10-31 15:51:44,870 - nvd_autonomous - INFO - Robot start talking
2025-10-31 15:51:45,093 - nvd_autonomous - INFO - Robot start talking
2025-10-31 15:51:45,309 - nvd_autonomous - INFO - Robot start talking
2025-10-31 15:51:45,741 - nvd_autonomous - INFO - No one talking
2025-10-31 15:51:47,661 - nvd_autonomous - INFO - Start Talking: 0
2025-10-31 15:51:47,662 - nvd_autonomous - INFO - Move to: [-35, -15]
2025-10-31 15:51:49,136 - nvd_autonomous - INFO - Start Talking: 1
2025-10-31 15:51:49,136 - nvd_autonomous - INFO - Move to: [-35, -15]
2025-10-31 15:51:49,353 - nvd_autonomous - INFO - Start Talking: 0
2025-10-31 15:51:49,353 - nvd_autonomous - INFO - Move to: [-35, -15]
2025-10-31 15:51:50,855 - nvd_autonomous - INFO - Robot start talking
2025-10-31 15:51:51,071 - nvd_autonomous - INFO - Robot start talking
2025-10-31 15:51:51,287 - nvd_autonomous - INFO - Robot start talking
2025-10-31 15:51:51,510 - nvd_autonomous - INFO - Robot start talking
2025-10-31 15:51:51,727 - nvd_autonomous - INFO - Robot start talking
2025-10-31 15:51:51,943 - nvd_autonomous - INFO - Robot start talking
2025-10-31 15:51:52,157 - nvd_autonomous - INFO - Robot start talking
2025-10-31 15:51:52,359 - nvd_autonomous - INFO - Robot start talking
2025-10-31 15:51:52,575 - nvd_autonomous - INFO - Robot start talking
2025-10-31 15:51:52,776 - nvd_autonomous - INFO - Robot start talking
2025-10-31 15:51:52,992 - nvd_autonomous - INFO - Robot start talking
2025-10-31 15:51:53,209 - nvd_autonomous - INFO - Robot start talking
2025-10-31 15:51:53,415 - nvd_autonomous - INFO - Robot start talking
2025-10-31 15:51:53,631 - nvd_autonomous - INFO - Robot start talking
2025-10-31 15:51:53,847 - nvd_autonomous - INFO - Robot start talking
2025-10-31 15:51:54,063 - nvd_autonomous - INFO - Robot start talking
2025-10-31 15:51:54,279 - nvd_autonomous - INFO - Robot start talking
2025-10-31 15:51:54,495 - nvd_autonomous - INFO - Robot start talking
2025-10-31 15:51:54,711 - nvd_autonomous - INFO - Robot start talking
2025-10-31 15:51:54,934 - nvd_autonomous - INFO - Robot start talking
2025-10-31 15:51:55,150 - nvd_autonomous - INFO - Robot start talking
2025-10-31 15:51:55,367 - nvd_autonomous - INFO - Robot start talking
2025-10-31 15:51:55,580 - nvd_autonomous - INFO - Robot start talking
2025-10-31 15:51:55,783 - nvd_autonomous - INFO - Robot start talking
2025-10-31 15:51:55,999 - nvd_autonomous - INFO - Robot start talking
2025-10-31 15:51:56,215 - nvd_autonomous - INFO - Robot start talking
2025-10-31 15:51:56,453 - nvd_autonomous - INFO - Robot start talking
2025-10-31 15:51:56,669 - nvd_autonomous - INFO - Robot start talking
2025-10-31 15:51:56,885 - nvd_autonomous - INFO - Robot start talking
2025-10-31 15:51:57,101 - nvd_autonomous - INFO - Robot start talking
2025-10-31 15:51:57,317 - nvd_autonomous - INFO - Robot start talking
2025-10-31 15:51:57,533 - nvd_autonomous - INFO - Robot start talking
2025-10-31 15:51:57,755 - nvd_autonomous - INFO - Robot start talking
2025-10-31 15:51:57,964 - nvd_autonomous - INFO - Robot start talking
2025-10-31 15:51:58,172 - nvd_autonomous - INFO - Robot start talking
2025-10-31 15:51:58,389 - nvd_autonomous - INFO - Robot start talking
2025-10-31 15:51:58,605 - nvd_autonomous - INFO - Robot start talking
2025-10-31 15:51:58,821 - nvd_autonomous - INFO - Robot start talking
2025-10-31 15:51:59,030 - nvd_autonomous - INFO - Robot start talking
2025-10-31 15:51:59,237 - nvd_autonomous - INFO - Robot start talking
2025-10-31 15:51:59,460 - nvd_autonomous - INFO - Start Talking: 1
2025-10-31 15:51:59,460 - nvd_autonomous - INFO - Move to: [-35, -15]
2025-10-31 15:51:59,676 - nvd_autonomous - INFO - Robot start talking
2025-10-31 15:51:59,891 - nvd_autonomous - INFO - Robot start talking
2025-10-31 15:52:00,092 - nvd_autonomous - INFO - Robot start talking
2025-10-31 15:52:00,308 - nvd_autonomous - INFO - Robot start talking
2025-10-31 15:52:00,524 - nvd_autonomous - INFO - Robot start talking
2025-10-31 15:52:00,725 - nvd_autonomous - INFO - Robot start talking
2025-10-31 15:52:00,941 - nvd_autonomous - INFO - Robot start talking
2025-10-31 15:52:01,164 - nvd_autonomous - INFO - Robot start talking
2025-10-31 15:52:01,380 - nvd_autonomous - INFO - Robot start talking
2025-10-31 15:52:01,596 - nvd_autonomous - INFO - Robot start talking
2025-10-31 15:52:01,812 - nvd_autonomous - INFO - Robot start talking
2025-10-31 15:52:02,028 - nvd_autonomous - INFO - Robot start talking
2025-10-31 15:52:02,244 - nvd_autonomous - INFO - Robot start talking
2025-10-31 15:52:02,467 - nvd_autonomous - INFO - Robot start talking
2025-10-31 15:52:02,683 - nvd_autonomous - INFO - Robot start talking
2025-10-31 15:52:02,898 - nvd_autonomous - INFO - Robot start talking
2025-10-31 15:52:03,115 - nvd_autonomous - INFO - Robot start talking
2025-10-31 15:52:03,330 - nvd_autonomous - INFO - Robot start talking
2025-10-31 15:52:03,546 - nvd_autonomous - INFO - Robot start talking
2025-10-31 15:52:03,769 - nvd_autonomous - INFO - Robot start talking
2025-10-31 15:52:03,985 - nvd_autonomous - INFO - Robot start talking
2025-10-31 15:52:04,188 - nvd_autonomous - INFO - Robot start talking
2025-10-31 15:52:04,416 - nvd_autonomous - INFO - Robot start talking
2025-10-31 15:52:04,633 - nvd_autonomous - INFO - Robot start talking
2025-10-31 15:52:04,849 - nvd_autonomous - INFO - Robot start talking
2025-10-31 15:52:05,072 - nvd_autonomous - INFO - Robot start talking
2025-10-31 15:52:05,288 - nvd_autonomous - INFO - Robot start talking
2025-10-31 15:52:05,504 - nvd_autonomous - INFO - Robot start talking
2025-10-31 15:52:05,720 - nvd_autonomous - INFO - Robot start talking
2025-10-31 15:52:05,936 - nvd_autonomous - INFO - Robot start talking
2025-10-31 15:52:06,152 - nvd_autonomous - INFO - Robot start talking
2025-10-31 15:52:06,374 - nvd_autonomous - INFO - Robot start talking
2025-10-31 15:52:06,590 - nvd_autonomous - INFO - Robot start talking
2025-10-31 15:52:06,806 - nvd_autonomous - INFO - Robot start talking
2025-10-31 15:52:07,238 - nvd_autonomous - INFO - No one talking
2025-10-31 15:52:08,941 - nvd_autonomous - INFO - Start Talking: 0
2025-10-31 15:52:08,941 - nvd_autonomous - INFO - Move to: [-35, -15]
2025-10-31 15:52:10,243 - nvd_autonomous - INFO - Start Talking: 1
2025-10-31 15:52:10,243 - nvd_autonomous - INFO - Move to: [-35, -15]
2025-10-31 15:52:10,666 - nvd_autonomous - INFO - Start Talking: 0
2025-10-31 15:52:10,666 - nvd_autonomous - INFO - Move to: [-35, -15]
2025-10-31 15:52:17,767 - nvd_autonomous - INFO - Backchanneling to: [-35, -15]
2025-10-31 15:52:23,348 - nvd_autonomous - INFO - Start Talking: 1
2025-10-31 15:52:23,348 - nvd_autonomous - INFO - Move to: [-35, -15]
2025-10-31 15:52:23,564 - nvd_autonomous - INFO - Start Talking: 3
2025-10-31 15:52:23,564 - nvd_autonomous - INFO - Move to: [35, -15]
2025-10-31 15:52:23,985 - nvd_autonomous - INFO - No one talking
2025-10-31 15:52:30,650 - nvd_autonomous - INFO - Start Talking: 3
2025-10-31 15:52:30,650 - nvd_autonomous - INFO - Move to: [35, -15]
2025-10-31 15:52:31,929 - nvd_autonomous - INFO - No one talking
2025-10-31 15:52:33,201 - nvd_autonomous - INFO - Start Talking: 0
2025-10-31 15:52:33,201 - nvd_autonomous - INFO - Move to: [-35, -15]
2025-10-31 15:52:33,633 - nvd_autonomous - INFO - Start Talking: 1
2025-10-31 15:52:33,633 - nvd_autonomous - INFO - Move to: [-35, -15]
2025-10-31 15:52:40,731 - nvd_autonomous - INFO - Backchanneling to: [-35, -15]
2025-10-31 15:52:42,033 - nvd_autonomous - INFO - Start Talking: 3
2025-10-31 15:52:42,033 - nvd_autonomous - INFO - Move to: [35, -15]
2025-10-31 15:52:42,449 - nvd_autonomous - INFO - Start Talking: 1
2025-10-31 15:52:42,449 - nvd_autonomous - INFO - Move to: [-35, -15]
2025-10-31 15:52:44,581 - nvd_autonomous - INFO - Start Talking: 3
2025-10-31 15:52:44,581 - nvd_autonomous - INFO - Move to: [35, -15]
2025-10-31 15:52:47,142 - nvd_autonomous - INFO - Start Talking: 1
2025-10-31 15:52:47,142 - nvd_autonomous - INFO - Move to: [-35, -15]
2025-10-31 15:52:52,448 - nvd_autonomous - INFO - Start Talking: 3
2025-10-31 15:52:52,448 - nvd_autonomous - INFO - Move to: [35, -15]
2025-10-31 15:52:58,060 - nvd_autonomous - INFO - Start Talking: 1
2025-10-31 15:52:58,060 - nvd_autonomous - INFO - Move to: [-35, -15]
2025-10-31 15:52:59,106 - nvd_autonomous - INFO - Start Talking: 3
2025-10-31 15:52:59,106 - nvd_autonomous - INFO - Move to: [35, -15]
2025-10-31 15:53:04,080 - nvd_autonomous - INFO - Start Talking: 1
2025-10-31 15:53:04,080 - nvd_autonomous - INFO - Move to: [-35, -15]
2025-10-31 15:53:06,684 - nvd_autonomous - INFO - Start Talking: 0
2025-10-31 15:53:06,684 - nvd_autonomous - INFO - Move to: [-35, -15]
2025-10-31 15:53:06,900 - nvd_autonomous - INFO - Start Talking: 1
2025-10-31 15:53:06,900 - nvd_autonomous - INFO - Move to: [-35, -15]
2025-10-31 15:53:11,562 - nvd_autonomous - INFO - Start Talking: 3
2025-10-31 15:53:11,562 - nvd_autonomous - INFO - Move to: [35, -15]
2025-10-31 15:53:11,778 - nvd_autonomous - INFO - Start Talking: 1
2025-10-31 15:53:11,778 - nvd_autonomous - INFO - Move to: [-35, -15]
2025-10-31 15:53:12,626 - nvd_autonomous - INFO - Start Talking: 3
2025-10-31 15:53:12,626 - nvd_autonomous - INFO - Move to: [35, -15]
2025-10-31 15:53:12,828 - nvd_autonomous - INFO - Start Talking: 1
2025-10-31 15:53:12,828 - nvd_autonomous - INFO - Move to: [-35, -15]
2025-10-31 15:53:13,045 - nvd_autonomous - INFO - Start Talking: 3
2025-10-31 15:53:13,045 - nvd_autonomous - INFO - Move to: [35, -15]
2025-10-31 15:53:13,468 - nvd_autonomous - INFO - Start Talking: 1
2025-10-31 15:53:13,468 - nvd_autonomous - INFO - Move to: [-35, -15]
2025-10-31 15:53:13,684 - nvd_autonomous - INFO - Start Talking: 3
2025-10-31 15:53:13,684 - nvd_autonomous - INFO - Move to: [35, -15]
2025-10-31 15:53:14,331 - nvd_autonomous - INFO - Start Talking: 1
2025-10-31 15:53:14,331 - nvd_autonomous - INFO - Move to: [-35, -15]
2025-10-31 15:53:14,547 - nvd_autonomous - INFO - Start Talking: 3
2025-10-31 15:53:14,547 - nvd_autonomous - INFO - Move to: [35, -15]
2025-10-31 15:53:16,453 - nvd_autonomous - INFO - Start Talking: 1
2025-10-31 15:53:16,453 - nvd_autonomous - INFO - Move to: [-35, -15]
2025-10-31 15:53:16,675 - nvd_autonomous - INFO - Start Talking: 3
2025-10-31 15:53:16,675 - nvd_autonomous - INFO - Move to: [35, -15]
2025-10-31 15:53:16,905 - nvd_autonomous - INFO - Start Talking: 1
2025-10-31 15:53:16,905 - nvd_autonomous - INFO - Move to: [-35, -15]
2025-10-31 15:53:17,339 - nvd_autonomous - INFO - Start Talking: 3
2025-10-31 15:53:17,339 - nvd_autonomous - INFO - Move to: [35, -15]
2025-10-31 15:53:17,554 - nvd_autonomous - INFO - Start Talking: 1
2025-10-31 15:53:17,554 - nvd_autonomous - INFO - Move to: [-35, -15]
2025-10-31 15:53:19,058 - nvd_autonomous - INFO - Start Talking: 3
2025-10-31 15:53:19,058 - nvd_autonomous - INFO - Move to: [35, -15]
2025-10-31 15:53:19,926 - nvd_autonomous - INFO - Start Talking: 1
2025-10-31 15:53:19,926 - nvd_autonomous - INFO - Move to: [-35, -15]
2025-10-31 15:53:22,904 - nvd_autonomous - INFO - Start Talking: 3
2025-10-31 15:53:22,904 - nvd_autonomous - INFO - Move to: [35, -15]
2025-10-31 15:53:23,976 - nvd_autonomous - INFO - Start Talking: 1
2025-10-31 15:53:23,976 - nvd_autonomous - INFO - Move to: [-35, -15]
2025-10-31 15:53:25,912 - nvd_autonomous - INFO - Start Talking: 3
2025-10-31 15:53:25,912 - nvd_autonomous - INFO - Move to: [35, -15]
2025-10-31 15:53:26,557 - nvd_autonomous - INFO - Start Talking: 1
2025-10-31 15:53:26,557 - nvd_autonomous - INFO - Move to: [-35, -15]
2025-10-31 15:53:28,918 - nvd_autonomous - INFO - Start Talking: 3
2025-10-31 15:53:28,918 - nvd_autonomous - INFO - Move to: [35, -15]
2025-10-31 15:53:29,134 - nvd_autonomous - INFO - Start Talking: 1
2025-10-31 15:53:29,134 - nvd_autonomous - INFO - Move to: [-35, -15]
2025-10-31 15:53:29,967 - nvd_autonomous - INFO - Start Talking: 3
2025-10-31 15:53:29,967 - nvd_autonomous - INFO - Move to: [35, -15]
2025-10-31 15:53:36,986 - nvd_autonomous - INFO - Backchanneling to: [35, -15]
2025-10-31 15:53:44,059 - nvd_autonomous - INFO - Backchanneling to: [35, -15]
2025-10-31 15:53:51,135 - nvd_autonomous - INFO - Backchanneling to: [35, -15]
2025-10-31 15:53:58,168 - nvd_autonomous - INFO - Backchanneling to: [35, -15]
2025-10-31 15:54:05,231 - nvd_autonomous - INFO - Backchanneling to: [35, -15]
2025-10-31 15:54:12,286 - nvd_autonomous - INFO - Backchanneling to: [35, -15]
2025-10-31 15:54:19,388 - nvd_autonomous - INFO - Backchanneling to: [35, -15]
2025-10-31 15:54:26,449 - nvd_autonomous - INFO - Backchanneling to: [35, -15]
2025-10-31 15:54:33,522 - nvd_autonomous - INFO - Backchanneling to: [35, -15]
2025-10-31 15:54:40,592 - nvd_autonomous - INFO - Backchanneling to: [35, -15]
2025-10-31 15:54:47,627 - nvd_autonomous - INFO - Backchanneling to: [35, -15]
2025-10-31 15:54:53,643 - nvd_autonomous - INFO - Robot start talking
2025-10-31 15:54:53,859 - nvd_autonomous - INFO - Robot start talking
2025-10-31 15:54:54,075 - nvd_autonomous - INFO - Robot start talking
2025-10-31 15:54:54,298 - nvd_autonomous - INFO - Robot start talking
2025-10-31 15:54:54,514 - nvd_autonomous - INFO - Robot start talking
2025-10-31 15:54:54,729 - nvd_autonomous - INFO - Robot start talking
2025-10-31 15:54:54,945 - nvd_autonomous - INFO - Robot start talking
2025-10-31 15:54:55,161 - nvd_autonomous - INFO - Robot start talking
2025-10-31 15:54:55,376 - nvd_autonomous - INFO - Robot start talking
2025-10-31 15:54:55,599 - nvd_autonomous - INFO - Robot start talking
2025-10-31 15:54:55,816 - nvd_autonomous - INFO - Robot start talking
2025-10-31 15:54:56,032 - nvd_autonomous - INFO - Robot start talking
2025-10-31 15:54:56,248 - nvd_autonomous - INFO - Robot start talking
2025-10-31 15:54:56,464 - nvd_autonomous - INFO - Robot start talking
2025-10-31 15:54:56,680 - nvd_autonomous - INFO - Robot start talking
2025-10-31 15:54:56,902 - nvd_autonomous - INFO - Robot start talking
2025-10-31 15:54:57,119 - nvd_autonomous - INFO - Robot start talking
2025-10-31 15:54:57,334 - nvd_autonomous - INFO - Robot start talking
2025-10-31 15:54:57,550 - nvd_autonomous - INFO - Robot start talking
2025-10-31 15:54:57,767 - nvd_autonomous - INFO - Robot start talking
2025-10-31 15:54:57,983 - nvd_autonomous - INFO - Robot start talking
2025-10-31 15:54:58,205 - nvd_autonomous - INFO - Robot start talking
2025-10-31 15:54:58,422 - nvd_autonomous - INFO - Robot start talking
2025-10-31 15:54:58,638 - nvd_autonomous - INFO - Robot start talking
2025-10-31 15:54:58,853 - nvd_autonomous - INFO - Robot start talking
2025-10-31 15:54:59,055 - nvd_autonomous - INFO - Robot start talking
2025-10-31 15:54:59,271 - nvd_autonomous - INFO - Robot start talking
2025-10-31 15:54:59,485 - nvd_autonomous - INFO - Robot start talking
2025-10-31 15:54:59,687 - nvd_autonomous - INFO - Robot start talking
2025-10-31 15:54:59,909 - nvd_autonomous - INFO - Robot start talking
2025-10-31 15:55:00,125 - nvd_autonomous - INFO - Robot start talking
2025-10-31 15:55:00,342 - nvd_autonomous - INFO - Robot start talking
2025-10-31 15:55:00,557 - nvd_autonomous - INFO - Robot start talking
2025-10-31 15:55:00,773 - nvd_autonomous - INFO - Robot start talking
2025-10-31 15:55:00,981 - nvd_autonomous - INFO - Robot start talking
2025-10-31 15:55:01,190 - nvd_autonomous - INFO - Robot start talking
2025-10-31 15:55:01,391 - nvd_autonomous - INFO - Robot start talking
2025-10-31 15:55:01,614 - nvd_autonomous - INFO - Robot start talking
2025-10-31 15:55:01,830 - nvd_autonomous - INFO - Robot start talking
2025-10-31 15:55:02,040 - nvd_autonomous - INFO - Robot start talking
2025-10-31 15:55:02,257 - nvd_autonomous - INFO - Robot start talking
2025-10-31 15:55:02,478 - nvd_autonomous - INFO - Robot start talking
2025-10-31 15:55:02,694 - nvd_autonomous - INFO - Robot start talking
2025-10-31 15:55:02,910 - nvd_autonomous - INFO - Robot start talking
2025-10-31 15:55:03,127 - nvd_autonomous - INFO - Robot start talking
2025-10-31 15:55:03,343 - nvd_autonomous - INFO - Robot start talking
2025-10-31 15:55:03,557 - nvd_autonomous - INFO - Robot start talking
2025-10-31 15:55:03,782 - nvd_autonomous - INFO - Robot start talking
2025-10-31 15:55:03,998 - nvd_autonomous - INFO - Robot start talking
2025-10-31 15:55:04,214 - nvd_autonomous - INFO - Robot start talking
2025-10-31 15:55:04,431 - nvd_autonomous - INFO - Robot start talking
2025-10-31 15:55:04,647 - nvd_autonomous - INFO - Robot start talking
2025-10-31 15:55:04,863 - nvd_autonomous - INFO - Robot start talking
2025-10-31 15:55:05,086 - nvd_autonomous - INFO - Robot start talking
2025-10-31 15:55:05,302 - nvd_autonomous - INFO - Robot start talking
2025-10-31 15:55:05,518 - nvd_autonomous - INFO - Robot start talking
2025-10-31 15:55:05,734 - nvd_autonomous - INFO - Robot start talking
2025-10-31 15:55:05,950 - nvd_autonomous - INFO - Robot start talking
2025-10-31 15:55:06,166 - nvd_autonomous - INFO - Robot start talking
2025-10-31 15:55:06,388 - nvd_autonomous - INFO - Robot start talking
2025-10-31 15:55:06,605 - nvd_autonomous - INFO - Robot start talking
2025-10-31 15:55:06,820 - nvd_autonomous - INFO - Robot start talking
2025-10-31 15:55:07,036 - nvd_autonomous - INFO - Robot start talking
2025-10-31 15:55:07,253 - nvd_autonomous - INFO - Robot start talking
2025-10-31 15:55:07,469 - nvd_autonomous - INFO - Start Talking: 1
2025-10-31 15:55:07,469 - nvd_autonomous - INFO - Move to: [-35, -15]
2025-10-31 15:55:10,649 - nvd_autonomous - INFO - Robot start talking
2025-10-31 15:55:11,079 - nvd_autonomous - INFO - No one talking
2025-10-31 15:56:12,187 - nvd_autonomous - INFO - Start Talking: 1
2025-10-31 15:56:12,187 - nvd_autonomous - INFO - Move to: [-35, -15]
2025-10-31 15:56:12,842 - nvd_autonomous - INFO - No one talking
2025-10-31 15:56:16,466 - nvd_autonomous - INFO - Robot start talking
2025-10-31 15:56:16,682 - nvd_autonomous - INFO - Robot start talking
2025-10-31 15:56:17,099 - nvd_autonomous - INFO - No one talking
2025-10-31 15:56:22,698 - nvd_autonomous - INFO - Start Talking: 3
2025-10-31 15:56:22,698 - nvd_autonomous - INFO - Move to: [35, -15]
2025-10-31 15:56:23,331 - nvd_autonomous - INFO - No one talking
2025-10-31 15:56:23,734 - nvd_autonomous - INFO - Start Talking: 1
2025-10-31 15:56:23,734 - nvd_autonomous - INFO - Move to: [-35, -15]
2025-10-31 15:56:24,576 - nvd_autonomous - INFO - No one talking
2025-10-31 15:56:26,681 - nvd_autonomous - INFO - Start Talking: 0
2025-10-31 15:56:26,681 - nvd_autonomous - INFO - Move to: [-35, -15]
2025-10-31 15:56:26,904 - nvd_autonomous - INFO - Start Talking: 1
2025-10-31 15:56:26,904 - nvd_autonomous - INFO - Move to: [-35, -15]
